fin_levels,thickness_mm,gap_mm,root_radius_mm,span_mm,duct,oil_w,h_a,h_b,h_delta,dp_max_pa,dp_delta,t_max_c,pass
14,2.4,3.5,4.0,100.0,splitter12,1200.0,205.66042343929385,199.6971883335516,0.02986138741113342,4991.461590937183,0.07026418246019632,230.82932418476685,True
14,2.0,3.5,4.0,100.0,splitter12,1200.0,200.75471528958968,194.3376925254905,0.03301995964193869,4991.461590937183,0.07026418246019632,232.7105075593763,True
14,2.4,3.5,4.0,100.0,shroud16,1200.0,184.43731975458985,180.08464538705027,0.024170158195244863,2279.86190293464,0.09815811347035405,238.27114562141332,True
14,2.4,3.5,3.0,100.0,splitter12,1200.0,205.66042343929385,199.6971883335516,0.02986138741113342,4991.461590937183,0.07026418246019632,238.87786089891455,True
14,2.0,3.5,4.0,100.0,shroud16,1200.0,180.45457112090483,175.68087756232143,0.027172527965600424,2279.86190293464,0.09815811347035405,240.1761632154831,True
14,2.0,3.5,3.0,100.0,splitter12,1200.0,200.75471528958968,194.3376925254905,0.03301995964193869,4991.461590937183,0.07026418246019632,240.77666555729843,True
12,2.4,3.5,4.0,100.0,shroud16,1200.0,207.52990595422236,201.41652083283353,0.030351954726011078,3184.269930545077,0.11971574788868973,241.5485117006947,True
14,2.4,3.5,4.0,86.0,shroud16,1200.0,205.37841187508818,199.4706752745439,0.029617068235283622,3084.733361470299,0.11492943597926897,242.05672561700072,True
12,2.0,3.5,4.0,100.0,shroud16,1200.0,202.53876553829645,195.9693109062487,0.03352287458514647,3184.269930545077,0.11971574788868973,243.75683759140594,True
14,2.0,3.5,4.0,86.0,shroud16,1200.0,200.48553378508245,194.12268872362438,0.032777441438166764,3084.733361470299,0.11492943597926897,244.26017256637363,True
12,2.4,3.5,4.0,86.0,shroud16,1200.0,230.7126717714562,222.67960988585733,0.03607452828625177,4308.4292404006665,0.1360558059550749,245.663110030366,True
14,2.4,3.5,3.0,100.0,shroud16,1200.0,184.43731975458985,180.08464538705027,0.024170158195244863,2279.86190293464,0.09815811347035405,246.38984704869432,True
14,2.4,3.5,2.0,100.0,splitter12,1200.0,205.66042343929385,199.6971883335516,0.02986138741113342,4991.461590937183,0.07026418246019632,247.98248012537937,True
12,2.0,3.5,4.0,86.0,shroud16,1200.0,224.60793617280137,216.09676079646218,0.03938594611492453,4308.4292404006665,0.1360558059550749,248.2155547341547,True
14,2.0,3.5,3.0,100.0,shroud16,1200.0,180.45457112090483,175.68087756232143,0.027172527965600424,2279.86190293464,0.09815811347035405,248.31302401893709,True
12,2.4,3.5,3.0,100.0,shroud16,1200.0,207.52990595422236,201.41652083283353,0.030351954726011078,3184.269930545077,0.11971574788868973,249.69850493121425,True
14,2.0,3.5,2.0,100.0,splitter12,1200.0,200.75471528958968,194.3376925254905,0.03301995964193869,4991.461590937183,0.07026418246019632,249.90162088490894,True
14,2.4,3.5,3.0,86.0,shroud16,1200.0,205.37841187508818,199.4706752745439,0.029617068235283622,3084.733361470299,0.11492943597926897,250.21159291742373,True
12,2.4,4.5,4.0,100.0,splitter12,1200.0,185.682771877684,179.91052676156878,0.032083976518867276,4138.459685733687,0.12492613170247986,251.06774526001612,True
12,2.0,3.5,3.0,100.0,shroud16,1200.0,202.53876553829645,195.9693109062487,0.03352287458514647,3184.269930545077,0.11971574788868973,251.92805262502054,True
14,2.0,3.5,3.0,86.0,shroud16,1200.0,200.48553378508245,194.12268872362438,0.032777441438166764,3084.733361470299,0.11492943597926897,252.43624015118922,True
12,2.0,4.5,4.0,100.0,splitter12,1200.0,181.64826984133705,175.51486930858218,0.034945190438374844,4138.459685733687,0.12492613170247986,253.30906985322173,True
12,2.4,3.5,3.0,86.0,shroud16,1200.0,230.7126717714562,222.67960988585733,0.03607452828625177,4308.4292404006665,0.1360558059550749,253.85273367107862,True
14,2.4,3.5,4.0,100.0,open,1200.0,149.95675233984878,147.76093805097432,0.014860587093166332,814.1969712149155,0.09752534497623833,254.9752806051282,True
12,2.4,4.5,4.0,86.0,splitter12,1200.0,206.80096627537952,199.2866231214484,0.03770620945968743,5598.531195280001,0.13240185531801513,255.52203131376405,True
14,2.4,3.5,2.0,100.0,shroud16,1200.0,184.43731975458985,180.08464538705027,0.024170158195244863,2279.86190293464,0.09815811347035405,255.5754569265399,True
12,2.0,3.5,3.0,86.0,shroud16,1200.0,224.60793617280137,216.09676079646218,0.03938594611492453,4308.4292404006665,0.1360558059550749,256.42995788745327,True
14,2.0,3.5,4.0,100.0,open,1200.0,147.28395394124863,144.74596182452657,0.01753411345456962,814.1969712149155,0.09752534497623833,256.92555239078615,True
14,2.0,3.5,2.0,100.0,shroud16,1200.0,180.45457112090483,175.68087756232143,0.027172527965600424,2279.86190293464,0.09815811347035405,257.5196021395881,True
12,2.0,4.5,4.0,86.0,splitter12,1200.0,201.84321579487525,193.94798036086192,0.040708005411159015,5598.531195280001,0.13240185531801513,258.11586505150365,True
12,2.4,3.5,4.0,100.0,open,1200.0,169.2006403204294,165.88158092115194,0.0200086072296061,1137.1841994654608,0.13600302551347523,258.64973535555987,True
12,2.4,3.5,2.0,100.0,shroud16,1200.0,207.52990595422236,201.41652083283353,0.030351954726011078,3184.269930545077,0.11971574788868973,258.92024858549667,True
14,2.4,3.5,4.0,86.0,open,1200.0,167.40349383805628,164.22169936722295,0.019374994188303834,1102.0833525146852,0.12738815214834456,259.3080156871689,True
12,2.4,4.5,3.0,100.0,splitter12,1200.0,185.682771877684,179.91052676156878,0.032083976518867276,4138.459685733687,0.12492613170247986,259.3100167773896,True
14,2.4,3.5,2.0,86.0,shroud16,1200.0,205.37841187508818,199.4706752745439,0.029617068235283622,3084.733361470299,0.11492943597926897,259.43896560974656,True
12,2.0,3.5,4.0,100.0,open,1200.0,165.8262409358738,162.11724312346166,0.022878490535319145,1137.1841994654608,0.13600302551347523,260.914835219549,False
12,2.4,4.5,4.0,100.0,shroud16,1200.0,166.2995198878973,162.0352481793674,0.02631693879228992,1868.3230626687148,0.20243083861700462,260.96538383278767,False
12,2.0,3.5,2.0,100.0,shroud16,1200.0,202.53876553829645,195.9693109062487,0.03352287458514647,3184.269930545077,0.11971574788868973,261.1743067551755,False
14,2.0,3.5,4.0,86.0,open,1200.0,164.0977970340929,160.52913470167638,0.022230620871709312,1102.0833525146852,0.12738815214834456,261.5680453214718,False
12,2.0,4.5,3.0,100.0,splitter12,1200.0,181.64826984133705,175.51486930858218,0.034945190438374844,4138.459685733687,0.12492613170247986,261.57337473948473,False
14,2.0,3.5,2.0,86.0,shroud16,1200.0,200.48553378508245,194.12268872362438,0.032777441438166764,3084.733361470299,0.11492943597926897,261.68809937331616,False
14,2.4,3.5,4.0,86.0,splitter12,1200.0,228.6645763419706,220.8106936879066,0.0355683980829509,6751.8236187342045,0.07955927740331953,234.3513651798848,False
14,2.0,3.5,4.0,86.0,splitter12,1200.0,222.66220828020926,214.33137989513844,0.03886891592424157,6751.8236187342045,0.07955927740331953,236.5248691601962,False
14,2.4,3.5,3.0,86.0,splitter12,1200.0,228.6645763419706,220.8106936879066,0.0355683980829509,6751.8236187342045,0.07955927740331953,242.43295672067177,False
14,2.0,3.5,3.0,86.0,splitter12,1200.0,222.66220828020926,214.33137989513844,0.03886891592424157,6751.8236187342045,0.07955927740331953,244.6269957897103,False
14,2.4,3.5,2.0,86.0,splitter12,1200.0,228.6645763419706,220.8106936879066,0.0355683980829509,6751.8236187342045,0.07955927740331953,251.5757255699719,False
14,2.0,3.5,2.0,86.0,splitter12,1200.0,222.66220828020926,214.33137989513844,0.03886891592424157,6751.8236187342045,0.07955927740331953,253.7934696216256,False
12,2.4,3.5,2.0,86.0,shroud16,1200.0,230.7126717714562,222.67960988585733,0.03607452828625177,4308.4292404006665,0.1360558059550749,263.120252342562,False
12,2.0,4.5,4.0,100.0,shroud16,1200.0,163.0357043096559,158.4362705691858,0.029030181813460534,1868.3230626687148,0.20243083861700462,263.2374068392637,False
14,2.4,3.5,3.0,100.0,open,1200.0,149.95675233984878,147.76093805097432,0.014860587093166332,814.1969712149155,0.09752534497623833,263.2560420646578,False
12,2.4,3.5,4.0,86.0,open,1200.0,188.61974700574783,183.99341585531485,0.025144003816261223,1539.2734427684447,0.16588543609008105,263.36805360096196,False
12,2.4,4.5,3.0,86.0,splitter12,1200.0,206.80096627537952,199.2866231214484,0.03770620945968743,5598.531195280001,0.13240185531801513,263.80820719804274,False
14,2.0,3.5,3.0,100.0,open,1200.0,147.28395394124863,144.74596182452657,0.01753411345456962,814.1969712149155,0.09752534497623833,265.2256598550115,False
12,2.0,3.5,2.0,86.0,shroud16,1200.0,224.60793617280137,216.09676079646218,0.03938594611492453,4308.4292404006665,0.1360558059550749,265.72610512312315,False
12,2.4,4.5,4.0,86.0,shroud16,1200.0,185.4741854493245,179.75867150435167,0.03179548389594359,2528.3256690710227,0.2171456493566183,265.78493254981754,False
12,2.0,3.5,4.0,86.0,open,1200.0,184.4620018071138,179.40582638403617,0.02818289419572351,1539.2734427684447,0.16588543609008105,265.9916423079933,False
12,2.0,4.5,3.0,86.0,splitter12,1200.0,201.84321579487525,193.94798036086192,0.040708005411159015,5598.531195280001,0.13240185531801513,266.427824702085,False
12,2.4,3.5,3.0,100.0,open,1200.0,169.2006403204294,165.88158092115194,0.0200086072296061,1137.1841994654608,0.13600302551347523,266.9670219191862,False
14,2.4,3.5,3.0,86.0,open,1200.0,167.40349383805628,164.22169936722295,0.019374994188303834,1102.0833525146852,0.12738815214834456,267.6318799709077,False
12,2.0,4.5,4.0,86.0,shroud16,1200.0,181.44837216417656,175.3700819531744,0.03465978998986338,2528.3256690710227,0.2171456493566183,268.41725203156966,False
12,2.4,4.5,2.0,100.0,splitter12,1200.0,185.682771877684,179.91052676156878,0.032083976518867276,4138.459685733687,0.12492613170247986,268.63836772791626,False
12,2.0,3.5,3.0,100.0,open,1200.0,165.8262409358738,162.11724312346166,0.022878490535319145,1137.1841994654608,0.13600302551347523,269.2547992870759,False
12,2.4,4.5,3.0,100.0,shroud16,1200.0,166.2995198878973,162.0352481793674,0.02631693879228992,1868.3230626687148,0.20243083861700462,269.30585539575316,False
14,2.0,3.5,3.0,86.0,open,1200.0,164.0977970340929,160.52913470167638,0.022230620871709312,1102.0833525146852,0.12738815214834456,269.91457224031603,False
12,2.4,3.5,4.0,100.0,splitter12,1200.0,231.0243912877597,222.92634850253492,0.036326090835030626,6971.545527837884,0.08217763537332423,233.90677762868967,False
12,2.0,3.5,4.0,100.0,splitter12,1200.0,224.9040085369969,216.32977769786345,0.03963500046262076,6971.545527837884,0.08217763537332423,236.084999535083,False
12,2.4,3.5,3.0,100.0,splitter12,1200.0,231.0243912877597,222.92634850253492,0.036326090835030626,6971.545527837884,0.08217763537332423,241.98418161991907,False
12,2.0,3.5,3.0,100.0,splitter12,1200.0,224.9040085369969,216.32977769786345,0.03963500046262076,6971.545527837884,0.08217763537332423,244.18296185386828,False
12,2.4,3.5,2.0,100.0,splitter12,1200.0,231.0243912877597,222.92634850253492,0.036326090835030626,6971.545527837884,0.08217763537332423,251.12211696044852,False
12,2.0,3.5,2.0,100.0,splitter12,1200.0,224.9040085369969,216.32977769786345,0.03963500046262076,6971.545527837884,0.08217763537332423,253.34462825510406,False
12,2.0,4.5,2.0,100.0,splitter12,1200.0,181.64826984133705,175.51486930858218,0.034945190438374844,4138.459685733687,0.12492613170247986,270.9271915754281,False
12,2.0,4.5,3.0,100.0,shroud16,1200.0,163.0357043096559,158.4362705691858,0.029030181813460534,1868.3230626687148,0.20243083861700462,271.6007532198016,False
12,2.4,3.5,3.0,86.0,open,1200.0,188.61974700574783,183.99341585531485,0.025144003816261223,1539.2734427684447,0.16588543609008105,271.73271917311445,False
14,2.4,3.5,4.0,100.0,splitter12,600.0,205.66042343929385,199.6971883335516,0.02986138741113342,4991.461590937183,0.07026418246019632,272.36390751041495,False
14,2.4,3.5,2.0,100.0,open,1200.0,149.95675233984878,147.76093805097432,0.014860587093166332,814.1969712149155,0.09752534497623833,272.6288820217543,False
12,2.4,4.5,2.0,86.0,splitter12,1200.0,206.80096627537952,199.2866231214484,0.03770620945968743,5598.531195280001,0.13240185531801513,273.18730653634634,False
12,2.4,4.5,3.0,86.0,shroud16,1200.0,185.4741854493245,179.75867150435167,0.03179548389594359,2528.3256690710227,0.2171456493566183,274.17407795962686,False
12,2.0,3.5,3.0,86.0,open,1200.0,184.4620018071138,179.40582638403617,0.02818289419572351,1539.2734427684447,0.16588543609008105,274.38288810548613,False
14,2.0,3.5,2.0,100.0,open,1200.0,147.28395394124863,144.74596182452657,0.01753411345456962,814.1969712149155,0.09752534497623833,274.6208660937863,False
14,2.0,3.5,4.0,100.0,splitter12,600.0,200.75471528958968,194.3376925254905,0.03301995964193869,4991.461590937183,0.07026418246019632,274.7060212328687,False
12,2.0,4.5,2.0,86.0,splitter12,1200.0,201.84321579487525,193.94798036086192,0.040708005411159015,5598.531195280001,0.13240185531801513,275.8367351342524,False
12,2.4,3.5,2.0,100.0,open,1200.0,169.2006403204294,165.88158092115194,0.0200086072296061,1137.1841994654608,0.13600302551347523,276.38209205150235,False
12,2.0,4.5,3.0,86.0,shroud16,1200.0,181.44837216417656,175.3700819531744,0.03465978998986338,2528.3256690710227,0.2171456493566183,276.8332237804748,False
14,2.4,3.5,2.0,86.0,open,1200.0,167.40349383805628,164.22169936722295,0.019374994188303834,1102.0833525146852,0.12738815214834456,277.0545565081268,False
12,2.0,3.5,2.0,100.0,open,1200.0,165.8262409358738,162.11724312346166,0.022878490535319145,1137.1841994654608,0.13600302551347523,278.6960950836609,False
12,2.4,4.5,2.0,100.0,shroud16,1200.0,166.2995198878973,162.0352481793674,0.02631693879228992,1868.3230626687148,0.20243083861700462,278.7477381443314,False
14,2.4,3.5,4.0,86.0,splitter12,600.0,228.6645763419706,220.8106936879066,0.0355683980829509,6751.8236187342045,0.07955927740331953,276.74982136382187,False
14,2.0,3.5,2.0,86.0,open,1200.0,164.0977970340929,160.52913470167638,0.022230620871709312,1102.0833525146852,0.12738815214834456,279.3634585870259,False
12,2.0,4.5,2.0,100.0,shroud16,1200.0,163.0357043096559,158.4362705691858,0.029030181813460534,1868.3230626687148,0.20243083861700462,281.06909461831253,False
12,2.4,3.5,2.0,86.0,open,1200.0,188.61974700574783,183.99341585531485,0.025144003816261223,1539.2734427684447,0.16588543609008105,281.2025865871135,False
14,2.0,3.5,4.0,86.0,splitter12,600.0,222.66220828020926,214.33137989513844,0.03886891592424157,6751.8236187342045,0.07955927740331953,279.45836897376273,False
14,2.4,3.5,4.0,100.0,shroud16,600.0,184.43731975458985,180.08464538705027,0.024170158195244863,2279.86190293464,0.09815811347035405,281.63560411043284,False
14,2.4,3.5,3.0,100.0,splitter12,600.0,205.66042343929385,199.6971883335516,0.02986138741113342,4991.461590937183,0.07026418246019632,282.46727371034774,False
12,2.4,4.5,4.0,100.0,open,1200.0,134.91268715118883,132.733149073435,0.01642045030174046,655.3216710617555,0.2982034406498971,283.19576867739056,False
12,2.4,4.5,2.0,86.0,shroud16,1200.0,185.4741854493245,179.75867150435167,0.03179548389594359,2528.3256690710227,0.2171456493566183,283.67226603703887,False
12,2.0,3.5,2.0,86.0,open,1200.0,184.4620018071138,179.40582638403617,0.02818289419572351,1539.2734427684447,0.16588543609008105,283.88350636915277,False
14,2.0,3.5,4.0,100.0,shroud16,600.0,180.45457112090483,175.68087756232143,0.027172527965600424,2279.86190293464,0.09815811347035405,284.01186882099694,False
14,2.0,3.5,3.0,100.0,splitter12,600.0,200.75471528958968,194.3376925254905,0.03301995964193869,4991.461590937183,0.07026418246019632,284.8384158018457,False
12,2.0,4.5,4.0,100.0,open,1200.0,132.73516005314187,130.2814374463469,0.018834015458307114,655.3216710617555,0.2982034406498971,285.5288659937145,False
12,2.4,3.5,4.0,100.0,shroud16,600.0,207.52990595422236,201.41652083283353,0.030351954726011078,3184.269930545077,0.11971574788868973,285.72442353268764,False
14,2.4,3.5,4.0,86.0,shroud16,600.0,205.37841187508818,199.4706752745439,0.029617068235283622,3084.733361470299,0.11492943597926897,286.3587794429968,False
12,2.0,4.5,2.0,86.0,shroud16,1200.0,181.44837216417656,175.3700819531744,0.03465978998986338,2528.3256690710227,0.2171456493566183,286.3624534260256,False
12,2.4,3.5,4.0,100.0,splitter12,600.0,231.0243912877597,222.92634850253492,0.036326090835030626,6971.545527837884,0.08217763537332423,276.19597421808294,False
12,2.0,3.5,4.0,100.0,shroud16,600.0,202.53876553829645,195.9693109062487,0.03352287458514647,3184.269930545077,0.11971574788868973,288.4814845680992,False
12,2.4,4.5,4.0,86.0,open,1200.0,150.81865370955663,147.67685470581478,0.0212748233973468,887.2858772118383,0.3290872931123488,288.79682461061634,False
14,2.4,3.5,3.0,86.0,splitter12,600.0,228.6645763419706,220.8106936879066,0.0355683980829509,6751.8236187342045,0.07955927740331953,286.90768446156017,False
14,2.0,3.5,4.0,86.0,shroud16,600.0,200.48553378508245,194.12268872362438,0.032777441438166764,3084.733361470299,0.11492943597926897,289.110114787689,False
12,2.0,3.5,4.0,100.0,splitter12,600.0,224.9040085369969,216.32977769786345,0.03963500046262076,6971.545527837884,0.08217763537332423,278.9100979265211,False
12,2.4,3.5,4.0,86.0,shroud16,600.0,230.7126717714562,222.67960988585733,0.03607452828625177,4308.4292404006665,0.1360558059550749,290.862728268506,False
12,2.0,4.5,4.0,86.0,open,1200.0,148.11605305853888,144.6651784792099,0.023854217135085475,887.2858772118383,0.3290872931123488,291.5053803336526,False
14,2.0,3.5,3.0,86.0,splitter12,600.0,222.66220828020926,214.33137989513844,0.03886891592424157,6751.8236187342045,0.07955927740331953,289.65018343288295,False
12,2.4,4.5,3.0,100.0,open,1200.0,134.91268715118883,132.733149073435,0.01642045030174046,655.3216710617555,0.2982034406498971,291.7656113110264,False
14,2.4,3.5,3.0,100.0,shroud16,600.0,184.43731975458985,180.08464538705027,0.024170158195244863,2279.86190293464,0.09815811347035405,291.85487601368357,False
14,2.4,3.5,2.0,100.0,splitter12,600.0,205.66042343929385,199.6971883335516,0.02986138741113342,4991.461590937183,0.07026418246019632,293.93337350233037,False
12,2.0,3.5,4.0,86.0,shroud16,600.0,224.60793617280137,216.09676079646218,0.03938594611492453,4308.4292404006665,0.1360558059550749,294.0530429674178,False
12,2.0,4.5,3.0,100.0,open,1200.0,132.73516005314187,130.2814374463469,0.018834015458307114,655.3216710617555,0.2982034406498971,294.12351884274176,False
14,2.0,3.5,3.0,100.0,shroud16,600.0,180.45457112090483,175.68087756232143,0.027172527965600424,2279.86190293464,0.09815811347035405,294.2612785845746,False
12,2.4,3.5,3.0,100.0,shroud16,600.0,207.52990595422236,201.41652083283353,0.030351954726011078,3184.269930545077,0.11971574788868973,295.99566456745004,False
14,2.0,3.5,2.0,100.0,splitter12,600.0,200.75471528958968,194.3376925254905,0.03301995964193869,4991.461590937183,0.07026418246019632,296.3383447300806,False
14,2.4,3.5,3.0,86.0,shroud16,600.0,205.37841187508818,199.4706752745439,0.029617068235283622,3084.733361470299,0.11492943597926897,296.638130882071,False
12,2.4,3.5,3.0,100.0,splitter12,600.0,231.0243912877597,222.92634850253492,0.036326090835030626,6971.545527837884,0.08217763537332423,286.346922910227,False
12,2.4,4.5,3.0,86.0,open,1200.0,150.81865370955663,147.67685470581478,0.0212748233973468,887.2858772118383,0.3290872931123488,297.42647282959854,False
12,2.4,4.5,4.0,100.0,splitter12,600.0,185.682771877684,179.91052676156878,0.032083976518867276,4138.459685733687,0.12492613170247986,297.62061522308886,False
12,2.0,3.5,3.0,100.0,shroud16,600.0,202.53876553829645,195.9693109062487,0.03352287458514647,3184.269930545077,0.11971574788868973,298.7880693274975,False
14,2.0,3.5,3.0,86.0,shroud16,600.0,200.48553378508245,194.12268872362438,0.032777441438166764,3084.733361470299,0.11492943597926897,299.4247924755616,False
12,2.0,3.5,3.0,100.0,splitter12,600.0,224.9040085369969,216.32977769786345,0.03963500046262076,6971.545527837884,0.08217763537332423,289.09502144197086,False
12,2.0,4.5,3.0,86.0,open,1200.0,148.11605305853888,144.6651784792099,0.023854217135085475,887.2858772118383,0.3290872931123488,300.16423451103014,False
12,2.0,4.5,4.0,100.0,splitter12,600.0,181.64826984133705,175.51486930858218,0.034945190438374844,4138.459685733687,0.12492613170247986,300.4259468018263,False
14,2.4,3.5,2.0,86.0,splitter12,600.0,228.6645763419706,220.8106936879066,0.0355683980829509,6751.8236187342045,0.07955927740331953,298.43730040226797,False
12,2.4,3.5,3.0,86.0,shroud16,600.0,230.7126717714562,222.67960988585733,0.03607452828625177,4308.4292404006665,0.1360558059550749,301.199136582345,False
12,2.4,4.5,2.0,100.0,open,1200.0,134.91268715118883,132.733149073435,0.01642045030174046,655.3216710617555,0.2982034406498971,301.4716607608067,False
14,2.4,3.5,4.0,100.0,open,600.0,149.95675233984878,147.76093805097432,0.014860587093166332,814.1969712149155,0.09752534497623833,302.5088232007231,False
12,2.4,4.5,4.0,86.0,splitter12,600.0,206.80096627537952,199.2866231214484,0.03770620945968743,5598.531195280001,0.13240185531801513,303.19132322256837,False
14,2.0,3.5,2.0,86.0,splitter12,600.0,222.66220828020926,214.33137989513844,0.03886891592424157,6751.8236187342045,0.07955927740331953,301.21845436931096,False
14,2.4,3.5,2.0,100.0,shroud16,600.0,184.43731975458985,180.08464538705027,0.024170158195244863,2279.86190293464,0.09815811347035405,303.44863173649946,False
12,2.0,4.5,2.0,100.0,open,1200.0,132.73516005314187,130.2814374463469,0.018834015458307114,655.3216710617555,0.2982034406498971,303.850363371453,False
12,2.0,3.5,3.0,86.0,shroud16,600.0,224.60793617280137,216.09676079646218,0.03938594611492453,4308.4292404006665,0.1360558059550749,304.4195284292241,False
14,2.0,3.5,4.0,100.0,open,600.0,147.28395394124863,144.74596182452657,0.01753411345456962,814.1969712149155,0.09752534497623833,304.94110948669265,False
14,2.0,3.5,2.0,100.0,shroud16,600.0,180.45457112090483,175.68087756232143,0.027172527965600424,2279.86190293464,0.09815811347035405,305.87591563318335,False
12,2.0,4.5,4.0,86.0,splitter12,600.0,201.84321579487525,193.94798036086192,0.040708005411159015,5598.531195280001,0.13240185531801513,306.4225981652496,False
12,2.4,4.5,4.0,100.0,exhaust_jets8,1200.0,200.45528912930214,193.4475483450229,0.03622553422998464,7911.819663768476,0.08158108240059714,244.8224050001392,False
12,2.0,4.5,4.0,100.0,exhaust_jets8,1200.0,195.78395369439093,188.4015973524362,0.03918414942175262,7911.819663768476,0.08158108240059714,247.04255607570184,False
12,2.4,4.5,3.0,100.0,exhaust_jets8,1200.0,200.45528912930214,193.4475483450229,0.03622553422998464,7911.819663768476,0.08158108240059714,253.0038998066957,False
12,2.0,4.5,3.0,100.0,exhaust_jets8,1200.0,195.78395369439093,188.4015973524362,0.03918414942175262,7911.819663768476,0.08158108240059714,255.24555289788958,False
12,2.4,3.5,4.0,100.0,open,600.0,169.2006403204294,165.88158092115194,0.0200086072296061,1137.1841994654608,0.13600302551347523,307.08632292208017,False
12,2.4,4.5,2.0,86.0,open,1200.0,150.81865370955663,147.67685470581478,0.0212748233973468,887.2858772118383,0.3290872931123488,307.170761101244,False
12,2.4,3.5,2.0,100.0,shroud16,600.0,207.52990595422236,201.41652083283353,0.030351954726011078,3184.269930545077,0.11971574788868973,307.620863004326,False
14,2.4,3.5,4.0,86.0,open,600.0,167.40349383805628,164.22169936722295,0.019374994188303834,1102.0833525146852,0.12738815214834456,307.90408599235855,False
12,2.4,4.5,3.0,100.0,splitter12,600.0,185.682771877684,179.91052676156878,0.032083976518867276,4138.459685733687,0.12492613170247986,308.00566620116433,False
14,2.4,3.5,2.0,86.0,shroud16,600.0,205.37841187508818,199.4706752745439,0.029617068235283622,3084.733361470299,0.11492943597926897,308.26628715537834,False
12,2.4,3.5,2.0,100.0,splitter12,600.0,231.0243912877597,222.92634850253492,0.036326090835030626,6971.545527837884,0.08217763537332423,297.86847857948,False
12,2.4,4.5,2.0,100.0,exhaust_jets8,1200.0,200.45528912930214,193.4475483450229,0.03622553422998464,7911.819663768476,0.08158108240059714,262.2620281580066,False
12,2.0,3.5,4.0,100.0,open,600.0,165.8262409358738,162.11724312346166,0.022878490535319145,1137.1841994654608,0.13600302551347523,309.89726078003423,False
12,2.0,4.5,2.0,86.0,open,1200.0,148.11605305853888,144.6651784792099,0.023854217135085475,887.2858772118383,0.3290872931123488,309.9126621839862,False
12,2.4,4.5,4.0,100.0,shroud16,600.0,166.2995198878973,162.0352481793674,0.02631693879228992,1868.3230626687148,0.20243083861700462,309.959896190363,False
12,2.0,3.5,2.0,100.0,shroud16,600.0,202.53876553829645,195.9693109062487,0.03352287458514647,3184.269930545077,0.11971574788868973,310.4223714683119,False
14,2.0,3.5,4.0,86.0,open,600.0,164.0977970340929,160.52913470167638,0.022230620871709312,1102.0833525146852,0.12738815214834456,310.7063444549325,False
12,2.0,4.5,3.0,100.0,splitter12,600.0,181.64826984133705,175.51486930858218,0.034945190438374844,4138.459685733687,0.12492613170247986,310.8145361998496,False
14,2.0,3.5,2.0,86.0,shroud16,600.0,200.48553378508245,194.12268872362438,0.032777441438166764,3084.733361470299,0.11492943597926897,311.0598058115378,False
12,2.0,3.5,2.0,100.0,splitter12,600.0,224.9040085369969,216.32977769786345,0.03963500046262076,6971.545527837884,0.08217763537332423,300.65591746941254,False
12,2.0,4.5,2.0,100.0,exhaust_jets8,1200.0,195.78395369439093,188.4015973524362,0.03918414942175262,7911.819663768476,0.08158108240059714,264.5285213593089,False
12,2.0,4.5,4.0,100.0,shroud16,600.0,163.0357043096559,158.4362705691858,0.029030181813460534,1868.3230626687148,0.20243083861700462,312.77093875880735,False
12,2.4,3.5,2.0,86.0,shroud16,600.0,230.7126717714562,222.67960988585733,0.03607452828625177,4308.4292404006665,0.1360558059550749,312.83435670813105,False
14,2.4,3.5,3.0,100.0,open,600.0,149.95675233984878,147.76093805097432,0.014860587093166332,814.1969712149155,0.09752534497623833,312.89741259874654,False
12,2.4,3.5,4.0,86.0,open,600.0,188.61974700574783,183.99341585531485,0.025144003816261223,1539.2734427684447,0.16588543609008105,312.9323277061404,False
12,2.4,4.5,3.0,86.0,splitter12,600.0,206.80096627537952,199.2866231214484,0.03770620945968743,5598.531195280001,0.13240185531801513,313.5799126205918,False
14,2.0,3.5,3.0,100.0,open,600.0,147.28395394124863,144.74596182452657,0.01753411345456962,814.1969712149155,0.09752534497623833,315.329698884716,False
14,2.4,3.5,4.0,100.0,splitter12,0.0,205.66042343929385,199.6971883335516,0.02986138741113342,4991.461590937183,0.07026418246019632,315.8344919896201,False
12,2.4,4.5,4.0,86.0,shroud16,600.0,185.4741854493245,179.75867150435167,0.03179548389594359,2528.3256690710227,0.2171456493566183,315.9129609456512,False
12,2.0,3.5,2.0,86.0,shroud16,600.0,224.60793617280137,216.09676079646218,0.03938594611492453,4308.4292404006665,0.1360558059550749,316.0547485550103,False
12,2.0,3.5,4.0,86.0,open,600.0,184.4620018071138,179.40582638403617,0.02818289419572351,1539.2734427684447,0.16588543609008105,316.16745078017516,False
12,2.0,4.5,3.0,86.0,splitter12,600.0,201.84321579487525,193.94798036086192,0.040708005411159015,5598.531195280001,0.13240185531801513,316.81118756327305,False
12,2.4,3.5,3.0,100.0,open,600.0,169.2006403204294,165.88158092115194,0.0200086072296061,1137.1841994654608,0.13600302551347523,317.4749123201036,False
14,2.4,3.5,3.0,86.0,open,600.0,167.40349383805628,164.22169936722295,0.019374994188303834,1102.0833525146852,0.12738815214834456,318.292675390382,False
14,2.0,3.5,4.0,100.0,splitter12,0.0,200.75471528958968,194.3376925254905,0.03301995964193869,4991.461590937183,0.07026418246019632,318.62648144047296,False
12,2.0,4.5,4.0,86.0,shroud16,600.0,181.44837216417656,175.3700819531744,0.03465978998986338,2528.3256690710227,0.2171456493566183,319.1485927262697,False
12,2.4,4.5,2.0,100.0,splitter12,600.0,185.682771877684,179.91052676156878,0.032083976518867276,4138.459685733687,0.12492613170247986,319.6408863269505,False
12,2.0,3.5,3.0,100.0,open,600.0,165.8262409358738,162.11724312346166,0.022878490535319145,1137.1841994654608,0.13600302551347523,320.28585017805756,False
12,2.4,4.5,3.0,100.0,shroud16,600.0,166.2995198878973,162.0352481793674,0.02631693879228992,1868.3230626687148,0.20243083861700462,320.34848558838644,False
14,2.0,3.5,3.0,86.0,open,600.0,164.0977970340929,160.52913470167638,0.022230620871709312,1102.0833525146852,0.12738815214834456,321.0949338529558,False
12,2.0,4.5,2.0,100.0,splitter12,600.0,181.64826984133705,175.51486930858218,0.034945190438374844,4138.459685733687,0.12492613170247986,322.4497563256358,False
14,2.4,3.5,4.0,86.0,splitter12,0.0,228.6645763419706,220.8106936879066,0.0355683980829509,6751.8236187342045,0.07955927740331953,321.05592990076195,False
12,2.0,4.5,3.0,100.0,shroud16,600.0,163.0357043096559,158.4362705691858,0.029030181813460534,1868.3230626687148,0.20243083861700462,323.1595281568307,False
12,2.4,3.5,3.0,86.0,open,600.0,188.61974700574783,183.99341585531485,0.025144003816261223,1539.2734427684447,0.16588543609008105,323.32091710416387,False
14,2.4,3.5,2.0,100.0,open,600.0,149.95675233984878,147.76093805097432,0.014860587093166332,814.1969712149155,0.09752534497623833,324.53263272453273,False
12,2.4,4.5,2.0,86.0,splitter12,600.0,206.80096627537952,199.2866231214484,0.03770620945968743,5598.531195280001,0.13240185531801513,325.215132746378,False
14,2.0,3.5,4.0,86.0,splitter12,0.0,222.66220828020926,214.33137989513844,0.03886891592424157,6751.8236187342045,0.07955927740331953,324.26561457327136,False
12,2.4,4.5,3.0,86.0,shroud16,600.0,185.4741854493245,179.75867150435167,0.03179548389594359,2528.3256690710227,0.2171456493566183,326.30155034367465,False
12,2.0,3.5,3.0,86.0,open,600.0,184.4620018071138,179.40582638403617,0.02818289419572351,1539.2734427684447,0.16588543609008105,326.5560401781985,False
14,2.4,3.5,4.0,100.0,shroud16,0.0,184.43731975458985,180.08464538705027,0.024170158195244863,2279.86190293464,0.09815811347035405,326.8374681855071,False
14,2.0,3.5,2.0,100.0,open,600.0,147.28395394124863,144.74596182452657,0.01753411345456962,814.1969712149155,0.09752534497623833,326.9649190105022,False
14,2.4,3.5,3.0,100.0,splitter12,0.0,205.66042343929385,199.6971883335516,0.02986138741113342,4991.461590937183,0.07026418246019632,327.90771750624197,False
12,2.0,4.5,2.0,86.0,splitter12,600.0,201.84321579487525,193.94798036086192,0.040708005411159015,5598.531195280001,0.13240185531801513,328.44640768905924,False
12,2.4,3.5,2.0,100.0,open,600.0,169.2006403204294,165.88158092115194,0.0200086072296061,1137.1841994654608,0.13600302551347523,329.1101324458897,False
12,2.0,4.5,3.0,86.0,shroud16,600.0,181.44837216417656,175.3700819531744,0.03465978998986338,2528.3256690710227,0.2171456493566183,329.53718212429317,False
14,2.0,3.5,4.0,100.0,shroud16,0.0,180.45457112090483,175.68087756232143,0.027172527965600424,2279.86190293464,0.09815811347035405,329.6360718352089,False
14,2.4,3.5,2.0,86.0,open,600.0,167.40349383805628,164.22169936722295,0.019374994188303834,1102.0833525146852,0.12738815214834456,329.9278955161682,False
14,2.0,3.5,3.0,100.0,splitter12,0.0,200.75471528958968,194.3376925254905,0.03301995964193869,4991.461590937183,0.07026418246019632,330.6997069570948,False
12,2.4,3.5,4.0,100.0,splitter12,0.0,231.0243912877597,222.92634850253492,0.036326090835030626,6971.545527837884,0.08217763537332423,320.39821391389205,False
12,2.4,3.5,4.0,100.0,shroud16,0.0,207.52990595422236,201.41652083283353,0.030351954726011078,3184.269930545077,0.11971574788868973,331.64759869653926,False
12,2.0,3.5,2.0,100.0,open,600.0,165.8262409358738,162.11724312346166,0.022878490535319145,1137.1841994654608,0.13600302551347523,331.92107030384375,False
12,2.4,4.5,2.0,100.0,shroud16,600.0,166.2995198878973,162.0352481793674,0.02631693879228992,1868.3230626687148,0.20243083861700462,331.98370571417263,False
14,2.4,3.5,4.0,86.0,shroud16,0.0,205.37841187508818,199.4706752745439,0.029617068235283622,3084.733361470299,0.11492943597926897,332.39154965187674,False
14,2.0,3.5,2.0,86.0,open,600.0,164.0977970340929,160.52913470167638,0.022230620871709312,1102.0833525146852,0.12738815214834456,332.730153978742,False
12,2.0,3.5,4.0,100.0,splitter12,0.0,224.9040085369969,216.32977769786345,0.03963500046262076,6971.545527837884,0.08217763537332423,323.6168168841464,False
12,2.0,4.5,2.0,100.0,shroud16,600.0,163.0357043096559,158.4362705691858,0.029030181813460534,1868.3230626687148,0.20243083861700462,334.79474828261687,False
12,2.0,3.5,4.0,100.0,shroud16,0.0,202.53876553829645,195.9693109062487,0.03352287458514647,3184.269930545077,0.11971574788868973,334.87647108014255,False
12,2.4,3.5,2.0,86.0,open,600.0,188.61974700574783,183.99341585531485,0.025144003816261223,1539.2734427684447,0.16588543609008105,334.95613722995006,False
14,2.4,3.5,3.0,86.0,splitter12,0.0,228.6645763419706,220.8106936879066,0.0355683980829509,6751.8236187342045,0.07955927740331953,333.1291554173837,False
14,2.0,3.5,4.0,86.0,shroud16,0.0,200.48553378508245,194.12268872362438,0.032777441438166764,3084.733361470299,0.11492943597926897,335.61103612927207,False
12,2.4,4.5,4.0,100.0,exhaust_jets8,600.0,200.45528912930214,193.4475483450229,0.03622553422998464,7911.819663768476,0.08158108240059714,289.81240281680346,False
12,2.4,4.5,4.0,100.0,open,600.0,134.91268715118883,132.733149073435,0.01642045030174046,655.3216710617555,0.2982034406498971,337.1074417744594,False
12,2.4,3.5,4.0,86.0,shroud16,0.0,230.7126717714562,222.67960988585733,0.03607452828625177,4308.4292404006665,0.1360558059550749,337.65577641464336,False
12,2.4,4.5,2.0,86.0,shroud16,600.0,185.4741854493245,179.75867150435167,0.03179548389594359,2528.3256690710227,0.2171456493566183,337.93677046946084,False
12,2.0,3.5,2.0,86.0,open,600.0,184.4620018071138,179.40582638403617,0.02818289419572351,1539.2734427684447,0.16588543609008105,338.1912603039847,False
14,2.0,3.5,3.0,86.0,splitter12,0.0,222.66220828020926,214.33137989513844,0.03886891592424157,6751.8236187342045,0.07955927740331953,336.3388400898931,False
14,2.4,3.5,3.0,100.0,shroud16,0.0,184.43731975458985,180.08464538705027,0.024170158195244863,2279.86190293464,0.09815811347035405,338.9106937021288,False
12,2.0,4.5,4.0,100.0,exhaust_jets8,600.0,195.78395369439093,188.4015973524362,0.03918414942175262,7911.819663768476,0.08158108240059714,292.5866341721205,False
12,2.0,4.5,4.0,100.0,open,600.0,132.73516005314187,130.2814374463469,0.018834015458307114,655.3216710617555,0.2982034406498971,339.91056753231396,False
12,2.0,4.5,2.0,86.0,shroud16,600.0,181.44837216417656,175.3700819531744,0.03465978998986338,2528.3256690710227,0.2171456493566183,341.17240225007936,False
12,2.0,3.5,4.0,86.0,shroud16,0.0,224.60793617280137,216.09676079646218,0.03938594611492453,4308.4292404006665,0.1360558059550749,341.36569789432656,False
14,2.4,3.5,2.0,100.0,splitter12,0.0,205.66042343929385,199.6971883335516,0.02986138741113342,4991.461590937183,0.07026418246019632,341.4297300848583,False
14,2.0,3.5,3.0,100.0,shroud16,0.0,180.45457112090483,175.68087756232143,0.027172527965600424,2279.86190293464,0.09815811347035405,341.7092973518306,False
12,2.4,3.5,3.0,100.0,splitter12,0.0,231.0243912877597,222.92634850253492,0.036326090835030626,6971.545527837884,0.08217763537332423,332.4714394305139,False
12,2.4,3.5,3.0,100.0,shroud16,0.0,207.52990595422236,201.41652083283353,0.030351954726011078,3184.269930545077,0.11971574788868973,343.720824213161,False
12,2.4,4.5,4.0,86.0,open,600.0,150.81865370955663,147.67685470581478,0.0212748233973468,887.2858772118383,0.3290872931123488,343.82221403110407,False
14,2.0,3.5,2.0,100.0,splitter12,0.0,200.75471528958968,194.3376925254905,0.03301995964193869,4991.461590937183,0.07026418246019632,344.22171953571114,False
14,2.4,3.5,3.0,86.0,shroud16,0.0,205.37841187508818,199.4706752745439,0.029617068235283622,3084.733361470299,0.11492943597926897,344.4647751684986,False
12,2.4,4.5,4.0,100.0,splitter12,0.0,185.682771877684,179.91052676156878,0.032083976518867276,4138.459685733687,0.12492613170247986,345.4957421937105,False
12,2.0,3.5,3.0,100.0,splitter12,0.0,224.9040085369969,216.32977769786345,0.03963500046262076,6971.545527837884,0.08217763537332423,335.6900424007681,False
12,2.0,3.5,3.0,100.0,shroud16,0.0,202.53876553829645,195.9693109062487,0.03352287458514647,3184.269930545077,0.11971574788868973,346.9496965967644,False
12,2.0,4.5,4.0,86.0,open,600.0,148.11605305853888,144.6651784792099,0.023854217135085475,887.2858772118383,0.3290872931123488,347.0512969768274,False
12,2.4,4.5,3.0,100.0,exhaust_jets8,600.0,200.45528912930214,193.4475483450229,0.03622553422998464,7911.819663768476,0.08158108240059714,300.13612525459735,False
12,2.4,4.5,3.0,100.0,open,600.0,134.91268715118883,132.733149073435,0.01642045030174046,655.3216710617555,0.2982034406498971,347.49603117248273,False
14,2.0,3.5,3.0,86.0,shroud16,0.0,200.48553378508245,194.12268872362438,0.032777441438166764,3084.733361470299,0.11492943597926897,347.6842616458939,False
14,2.4,3.5,2.0,86.0,splitter12,0.0,228.6645763419706,220.8106936879066,0.0355683980829509,6751.8236187342045,0.07955927740331953,346.65116799600014,False
12,2.0,4.5,4.0,100.0,splitter12,0.0,181.64826984133705,175.51486930858218,0.034945190438374844,4138.459685733687,0.12492613170247986,348.7297290789239,False
12,2.4,3.5,3.0,86.0,shroud16,0.0,230.7126717714562,222.67960988585733,0.03607452828625177,4308.4292404006665,0.1360558059550749,349.7290019312652,False
12,2.0,4.5,3.0,100.0,exhaust_jets8,600.0,195.78395369439093,188.4015973524362,0.03918414942175262,7911.819663768476,0.08158108240059714,302.9408748245827,False
12,2.0,4.5,3.0,100.0,open,600.0,132.73516005314187,130.2814374463469,0.018834015458307114,655.3216710617555,0.2982034406498971,350.2991569303374,False
14,2.4,3.5,4.0,100.0,open,0.0,149.95675233984878,147.76093805097432,0.014860587093166332,814.1969712149155,0.09752534497623833,351.12733079714474,False
14,2.0,3.5,2.0,86.0,splitter12,0.0,222.66220828020926,214.33137989513844,0.03886891592424157,6751.8236187342045,0.07955927740331953,349.86085266850944,False
12,2.4,4.5,4.0,86.0,splitter12,0.0,206.80096627537952,199.2866231214484,0.03770620945968743,5598.531195280001,0.13240185531801513,351.9128619965726,False
14,2.4,3.5,2.0,100.0,shroud16,0.0,184.43731975458985,180.08464538705027,0.024170158195244863,2279.86190293464,0.09815811347035405,352.43270628074515,False
12,2.0,3.5,3.0,86.0,shroud16,0.0,224.60793617280137,216.09676079646218,0.03938594611492453,4308.4292404006665,0.1360558059550749,353.4389234109484,False
14,2.0,3.5,4.0,100.0,open,0.0,147.28395394124863,144.74596182452657,0.01753411345456962,814.1969712149155,0.09752534497623833,353.926582741424,False
12,2.4,4.5,3.0,86.0,open,600.0,150.81865370955663,147.67685470581478,0.0212748233973468,887.2858772118383,0.3290872931123488,354.2108034291275,False
14,2.0,3.5,2.0,100.0,shroud16,0.0,180.45457112090483,175.68087756232143,0.027172527965600424,2279.86190293464,0.09815811347035405,355.23130993044697,False
12,2.0,4.5,4.0,86.0,splitter12,0.0,201.84321579487525,193.94798036086192,0.040708005411159015,5598.531195280001,0.13240185531801513,355.6312932368961,False
12,2.4,3.5,4.0,100.0,open,0.0,169.2006403204294,165.88158092115194,0.0200086072296061,1137.1841994654608,0.13600302551347523,356.39495158767477,False
12,2.4,3.5,2.0,100.0,splitter12,0.0,231.0243912877597,222.92634850253492,0.036326090835030626,6971.545527837884,0.08217763537332423,345.99345200913024,False
12,2.4,3.5,2.0,100.0,shroud16,0.0,207.52990595422236,201.41652083283353,0.030351954726011078,3184.269930545077,0.11971574788868973,357.24283679177734,False
14,2.4,3.5,4.0,86.0,open,0.0,167.40349383805628,164.22169936722295,0.019374994188303834,1102.0833525146852,0.12738815214834456,357.33577924867416,False
12,2.0,4.5,3.0,86.0,open,600.0,148.11605305853888,144.6651784792099,0.023854217135085475,887.2858772118383,0.3290872931123488,357.43988637485074,False
12,2.4,4.5,3.0,100.0,splitter12,0.0,185.682771877684,179.91052676156878,0.032083976518867276,4138.459685733687,0.12492613170247986,357.56896771033234,False
14,2.4,3.5,2.0,86.0,shroud16,0.0,205.37841187508818,199.4706752745439,0.029617068235283622,3084.733361470299,0.11492943597926897,357.98678774711493,False
12,2.4,4.5,2.0,100.0,exhaust_jets8,600.0,200.45528912930214,193.4475483450229,0.03622553422998464,7911.819663768476,0.08158108240059714,311.77134538038354,False
12,2.4,4.5,2.0,100.0,open,600.0,134.91268715118883,132.733149073435,0.01642045030174046,655.3216710617555,0.2982034406498971,359.1312512982689,False
12,2.0,3.5,4.0,100.0,open,0.0,165.8262409358738,162.11724312346166,0.022878490535319145,1137.1841994654608,0.13600302551347523,359.62861942400855,False
12,2.4,4.5,4.0,100.0,shroud16,0.0,166.2995198878973,162.0352481793674,0.02631693879228992,1868.3230626687148,0.20243083861700462,359.70066521820445,False
12,2.0,3.5,2.0,100.0,splitter12,0.0,224.9040085369969,216.32977769786345,0.03963500046262076,6971.545527837884,0.08217763537332423,349.21205497938445,False
12,2.0,3.5,2.0,100.0,shroud16,0.0,202.53876553829645,195.9693109062487,0.03352287458514647,3184.269930545077,0.11971574788868973,360.47170917538074,False
14,2.0,3.5,4.0,86.0,open,0.0,164.0977970340929,160.52913470167638,0.022230620871709312,1102.0833525146852,0.12738815214834456,360.5592294164219,False
12,2.0,4.5,3.0,100.0,splitter12,0.0,181.64826984133705,175.51486930858218,0.034945190438374844,4138.459685733687,0.12492613170247986,360.80295459554577,False
14,2.0,3.5,2.0,86.0,shroud16,0.0,200.48553378508245,194.12268872362438,0.032777441438166764,3084.733361470299,0.11492943597926897,361.20627422451025,False
12,2.0,4.5,2.0,100.0,exhaust_jets8,600.0,195.78395369439093,188.4015973524362,0.03918414942175262,7911.819663768476,0.08158108240059714,314.5760949503689,False
12,2.0,4.5,2.0,100.0,open,600.0,132.73516005314187,130.2814374463469,0.018834015458307114,655.3216710617555,0.2982034406498971,361.9343770561236,False
12,2.0,4.5,4.0,100.0,shroud16,0.0,163.0357043096559,158.4362705691858,0.029030181813460534,1868.3230626687148,0.20243083861700462,362.93362649012556,False
12,2.4,3.5,4.0,86.0,open,0.0,188.61974700574783,183.99341585531485,0.025144003816261223,1539.2734427684447,0.16588543609008105,363.1192142090248,False
14,2.4,3.5,3.0,100.0,open,0.0,149.95675233984878,147.76093805097432,0.014860587093166332,814.1969712149155,0.09752534497623833,363.2005563137666,False
12,2.4,3.5,2.0,86.0,shroud16,0.0,230.7126717714562,222.67960988585733,0.03607452828625177,4308.4292404006665,0.1360558059550749,363.25101450988154,False
12,2.4,4.5,3.0,86.0,splitter12,0.0,206.80096627537952,199.2866231214484,0.03770620945968743,5598.531195280001,0.13240185531801513,363.98608751319443,False
12,2.4,4.5,2.0,86.0,open,600.0,150.81865370955663,147.67685470581478,0.0212748233973468,887.2858772118383,0.3290872931123488,365.8460235549136,False
12,2.4,3.5,4.0,86.0,splitter12,1200.0,256.4098281269017,246.0346237289892,0.04216969238175569,9430.232988149428,0.09110110261362757,237.73602381123743,False
12,2.0,3.5,4.0,86.0,splitter12,1200.0,248.95685716092095,238.0993903237597,0.04560056547140929,9430.232988149428,0.09110110261362757,240.2506058128816,False
12,2.4,3.5,3.0,86.0,splitter12,1200.0,256.4098281269017,246.0346237289892,0.04216969238175569,9430.232988149428,0.09110110261362757,245.849638889162,False
12,2.0,3.5,3.0,86.0,splitter12,1200.0,248.95685716092095,238.0993903237597,0.04560056547140929,9430.232988149428,0.09110110261362757,248.38817788969305,False
12,2.4,3.5,2.0,86.0,splitter12,1200.0,256.4098281269017,246.0346237289892,0.04216969238175569,9430.232988149428,0.09110110261362757,255.0293761857485,False
12,2.0,3.5,2.0,86.0,splitter12,1200.0,248.95685716092095,238.0993903237597,0.04560056547140929,9430.232988149428,0.09110110261362757,257.5955773612608,False
14,2.0,3.5,3.0,100.0,open,0.0,147.28395394124863,144.74596182452657,0.01753411345456962,814.1969712149155,0.09752534497623833,365.99980825804585,False
12,2.4,4.5,4.0,86.0,shroud16,0.0,185.4741854493245,179.75867150435167,0.03179548389594359,2528.3256690710227,0.2171456493566183,366.54628335788016,False
12,2.0,3.5,4.0,86.0,open,0.0,184.4620018071138,179.40582638403617,0.02818289419572351,1539.2734427684447,0.16588543609008105,366.8388479194655,False
12,2.0,3.5,2.0,86.0,shroud16,0.0,224.60793617280137,216.09676079646218,0.03938594611492453,4308.4292404006665,0.1360558059550749,366.96093598956475,False
12,2.0,4.5,3.0,86.0,splitter12,0.0,201.84321579487525,193.94798036086192,0.040708005411159015,5598.531195280001,0.13240185531801513,367.70451875351796,False
14,2.4,3.5,4.0,100.0,exhaust_jets8,1200.0,221.79997304085128,214.5016101864166,0.0340247462389299,9479.99481239713,0.04967379155108751,226.13107641172832,False
14,2.0,3.5,4.0,100.0,exhaust_jets8,1200.0,216.13512138673352,208.3665659295784,0.0372831189231225,9479.99481239713,0.04967379155108751,227.99541412256895,False
14,2.4,3.5,3.0,100.0,exhaust_jets8,1200.0,221.79997304085128,214.5016101864166,0.0340247462389299,9479.99481239713,0.04967379155108751,234.1359400193096,False
14,2.0,3.5,3.0,100.0,exhaust_jets8,1200.0,216.13512138673352,208.3665659295784,0.0372831189231225,9479.99481239713,0.04967379155108751,236.01755078925936,False
14,2.4,3.5,2.0,100.0,exhaust_jets8,1200.0,221.79997304085128,214.5016101864166,0.0340247462389299,9479.99481239713,0.04967379155108751,243.19016923852058,False
14,2.0,3.5,2.0,100.0,exhaust_jets8,1200.0,216.13512138673352,208.3665659295784,0.0372831189231225,9479.99481239713,0.04967379155108751,245.09170768587086,False
12,2.4,3.5,3.0,100.0,open,0.0,169.2006403204294,165.88158092115194,0.0200086072296061,1137.1841994654608,0.13600302551347523,368.4681771042966,False
12,2.0,4.5,2.0,86.0,open,600.0,148.11605305853888,144.6651784792099,0.023854217135085475,887.2858772118383,0.3290872931123488,369.07510650063693,False
14,2.4,3.5,3.0,86.0,open,0.0,167.40349383805628,164.22169936722295,0.019374994188303834,1102.0833525146852,0.12738815214834456,369.4090047652959,False
12,2.0,4.5,4.0,86.0,shroud16,0.0,181.44837216417656,175.3700819531744,0.03465978998986338,2528.3256690710227,0.2171456493566183,370.26550516710404,False
12,2.4,4.5,2.0,100.0,splitter12,0.0,185.682771877684,179.91052676156878,0.032083976518867276,4138.459685733687,0.12492613170247986,371.0909802889487,False
12,2.0,3.5,3.0,100.0,open,0.0,165.8262409358738,162.11724312346166,0.022878490535319145,1137.1841994654608,0.13600302551347523,371.7018449406304,False
12,2.4,4.5,3.0,100.0,shroud16,0.0,166.2995198878973,162.0352481793674,0.02631693879228992,1868.3230626687148,0.20243083861700462,371.7738907348263,False
14,2.0,3.5,3.0,86.0,open,0.0,164.0977970340929,160.52913470167638,0.022230620871709312,1102.0833525146852,0.12738815214834456,372.6324549330436,False
12,2.0,4.5,2.0,100.0,splitter12,0.0,181.64826984133705,175.51486930858218,0.034945190438374844,4138.459685733687,0.12492613170247986,374.3249671741621,False
14,2.4,3.5,4.0,100.0,exhaust_jets8,600.0,221.79997304085128,214.5016101864166,0.0340247462389299,9479.99481239713,0.04967379155108751,266.5192173795688,False
12,2.0,4.5,3.0,100.0,shroud16,0.0,163.0357043096559,158.4362705691858,0.029030181813460534,1868.3230626687148,0.20243083861700462,375.0068520067474,False
12,2.4,3.5,3.0,86.0,open,0.0,188.61974700574783,183.99341585531485,0.025144003816261223,1539.2734427684447,0.16588543609008105,375.19243972564664,False
14,2.0,3.5,4.0,100.0,exhaust_jets8,600.0,216.13512138673352,208.3665659295784,0.0372831189231225,9479.99481239713,0.04967379155108751,268.8376796380554,False
14,2.4,3.5,2.0,100.0,open,0.0,149.95675233984878,147.76093805097432,0.014860587093166332,814.1969712149155,0.09752534497623833,376.7225688923829,False
12,2.4,4.5,2.0,86.0,splitter12,0.0,206.80096627537952,199.2866231214484,0.03770620945968743,5598.531195280001,0.13240185531801513,377.5081000918108,False
12,2.4,4.5,3.0,86.0,shroud16,0.0,185.4741854493245,179.75867150435167,0.03179548389594359,2528.3256690710227,0.2171456493566183,378.619508874502,False
12,2.0,3.5,3.0,86.0,open,0.0,184.4620018071138,179.40582638403617,0.02818289419572351,1539.2734427684447,0.16588543609008105,378.9120734360873,False
14,2.0,3.5,2.0,100.0,open,0.0,147.28395394124863,144.74596182452657,0.01753411345456962,814.1969712149155,0.09752534497623833,379.5218208366622,False
12,2.0,4.5,2.0,86.0,splitter12,0.0,201.84321579487525,193.94798036086192,0.040708005411159015,5598.531195280001,0.13240185531801513,381.2265313321343,False
12,2.4,3.5,2.0,100.0,open,0.0,169.2006403204294,165.88158092115194,0.0200086072296061,1137.1841994654608,0.13600302551347523,381.99018968291296,False
12,2.0,4.5,3.0,86.0,shroud16,0.0,181.44837216417656,175.3700819531744,0.03465978998986338,2528.3256690710227,0.2171456493566183,382.3387306837259,False
14,2.4,3.5,2.0,86.0,open,0.0,167.40349383805628,164.22169936722295,0.019374994188303834,1102.0833525146852,0.12738815214834456,382.93101734391223,False
12,2.4,4.5,4.0,100.0,exhaust_jets8,0.0,200.45528912930214,193.4475483450229,0.03622553422998464,7911.819663768476,0.08158108240059714,336.43095077511316,False
14,2.4,3.5,3.0,100.0,exhaust_jets8,600.0,221.79997304085128,214.5016101864166,0.0340247462389299,9479.99481239713,0.04967379155108751,276.5508686259187,False
12,2.0,3.5,2.0,100.0,open,0.0,165.8262409358738,162.11724312346166,0.022878490535319145,1137.1841994654608,0.13600302551347523,385.22385751924674,False
12,2.4,4.5,2.0,100.0,shroud16,0.0,166.2995198878973,162.0352481793674,0.02631693879228992,1868.3230626687148,0.20243083861700462,385.29590331344264,False
14,2.0,3.5,2.0,86.0,open,0.0,164.0977970340929,160.52913470167638,0.022230620871709312,1102.0833525146852,0.12738815214834456,386.15446751165996,False
12,2.0,4.5,4.0,100.0,exhaust_jets8,0.0,195.78395369439093,188.4015973524362,0.03918414942175262,7911.819663768476,0.08158108240059714,339.6624035192971,False
14,2.0,3.5,3.0,100.0,exhaust_jets8,600.0,216.13512138673352,208.3665659295784,0.0372831189231225,9479.99481239713,0.04967379155108751,278.89765573796205,False
12,2.4,3.5,4.0,86.0,splitter12,600.0,256.4098281269017,246.0346237289892,0.04216969238175569,9430.232988149428,0.09110110261362757,280.9683178194771,False
12,2.0,4.5,2.0,100.0,shroud16,0.0,163.0357043096559,158.4362705691858,0.029030181813460534,1868.3230626687148,0.20243083861700462,388.52886458536375,False
12,2.4,3.5,2.0,86.0,open,0.0,188.61974700574783,183.99341585531485,0.025144003816261223,1539.2734427684447,0.16588543609008105,388.714452304263,False
12,2.0,3.5,4.0,86.0,splitter12,600.0,248.95685716092095,238.0993903237597,0.04560056547140929,9430.232988149428,0.09110110261362757,284.10475013717553,False
12,2.4,4.5,4.0,100.0,open,0.0,134.91268715118883,132.733149073435,0.01642045030174046,655.3216710617555,0.2982034406498971,390.8885271102906,False
12,2.4,4.5,2.0,86.0,shroud16,0.0,185.4741854493245,179.75867150435167,0.03179548389594359,2528.3256690710227,0.2171456493566183,392.14152145311834,False
12,2.0,3.5,2.0,86.0,open,0.0,184.4620018071138,179.40582638403617,0.02818289419572351,1539.2734427684447,0.16588543609008105,392.43408601470367,False
12,2.0,4.5,4.0,100.0,open,0.0,132.73516005314187,130.2814374463469,0.018834015458307114,655.3216710617555,0.2982034406498971,394.10440977541896,False
12,2.4,4.5,3.0,100.0,exhaust_jets8,0.0,200.45528912930214,193.4475483450229,0.03622553422998464,7911.819663768476,0.08158108240059714,348.504176291735,False
14,2.4,3.5,2.0,100.0,exhaust_jets8,600.0,221.79997304085128,214.5016101864166,0.0340247462389299,9479.99481239713,0.04967379155108751,287.93342652251033,False
12,2.0,4.5,2.0,86.0,shroud16,0.0,181.44837216417656,175.3700819531744,0.03465978998986338,2528.3256690710227,0.2171456493566183,395.8607432623422,False
12,2.4,3.5,3.0,86.0,splitter12,600.0,256.4098281269017,246.0346237289892,0.04216969238175569,9430.232988149428,0.09110110261362757,291.1791586645287,False
14,2.0,3.5,2.0,100.0,exhaust_jets8,600.0,216.13512138673352,208.3665659295784,0.0372831189231225,9479.99481239713,0.04967379155108751,290.31320404037933,False
12,2.4,4.5,4.0,86.0,open,0.0,150.81865370955663,147.67685470581478,0.0212748233973468,887.2858772118383,0.3290872931123488,398.59063190068196,False
12,2.0,4.5,3.0,100.0,exhaust_jets8,0.0,195.78395369439093,188.4015973524362,0.03918414942175262,7911.819663768476,0.08158108240059714,351.7356290359189,False
12,2.0,3.5,3.0,86.0,splitter12,600.0,248.95685716092095,238.0993903237597,0.04560056547140929,9430.232988149428,0.09110110261362757,294.35534153580875,False
12,2.0,4.5,4.0,86.0,open,0.0,148.11605305853888,144.6651784792099,0.023854217135085475,887.2858772118383,0.3290872931123488,402.2927857896582,False
12,2.4,4.5,3.0,100.0,open,0.0,134.91268715118883,132.733149073435,0.01642045030174046,655.3216710617555,0.2982034406498971,402.96175262691236,False
12,2.0,4.5,3.0,100.0,open,0.0,132.73516005314187,130.2814374463469,0.018834015458307114,655.3216710617555,0.2982034406498971,406.1776352920407,False
12,2.4,3.5,2.0,86.0,splitter12,600.0,256.4098281269017,246.0346237289892,0.04216969238175569,9430.232988149428,0.09110110261362757,302.7657492641489,False
12,2.4,4.5,2.0,100.0,exhaust_jets8,0.0,200.45528912930214,193.4475483450229,0.03622553422998464,7911.819663768476,0.08158108240059714,362.02618887035135,False
12,2.4,4.5,3.0,86.0,open,0.0,150.81865370955663,147.67685470581478,0.0212748233973468,887.2858772118383,0.3290872931123488,410.6638574173038,False
12,2.0,3.5,2.0,86.0,splitter12,600.0,248.95685716092095,238.0993903237597,0.04560056547140929,9430.232988149428,0.09110110261362757,305.97064780585913,False
12,2.0,4.5,2.0,100.0,exhaust_jets8,0.0,195.78395369439093,188.4015973524362,0.03918414942175262,7911.819663768476,0.08158108240059714,365.25764161453526,False
12,2.0,4.5,3.0,86.0,open,0.0,148.11605305853888,144.6651784792099,0.023854217135085475,887.2858772118383,0.3290872931123488,414.36601130628003,False
12,2.4,4.5,4.0,86.0,exhaust_jets8,1200.0,223.01736855562675,214.05159798130455,0.04188602495322306,10701.14740595765,0.08590137075547863,249.04141612738164,False
12,2.0,4.5,4.0,86.0,exhaust_jets8,1200.0,217.29329119794698,207.9407985972493,0.044976708100520825,10701.14740595765,0.08590137075547863,251.60864628506482,False
12,2.4,4.5,3.0,86.0,exhaust_jets8,1200.0,223.01736855562675,214.05159798130455,0.04188602495322306,10701.14740595765,0.08590137075547863,257.2638691622317,False
12,2.0,4.5,3.0,86.0,exhaust_jets8,1200.0,217.29329119794698,207.9407985972493,0.044976708100520825,10701.14740595765,0.08590137075547863,259.8562243215865,False
12,2.4,4.5,2.0,100.0,open,0.0,134.91268715118883,132.733149073435,0.01642045030174046,655.3216710617555,0.2982034406498971,416.4837652055287,False
14,2.4,3.5,4.0,100.0,exhaust_jets8,0.0,221.79997304085128,214.5016101864166,0.0340247462389299,9479.99481239713,0.04967379155108751,308.8301535185741,False
14,2.0,3.5,4.0,100.0,exhaust_jets8,0.0,216.13512138673352,208.3665659295784,0.0372831189231225,9479.99481239713,0.04967379155108751,311.6149456458328,False
12,2.0,4.5,2.0,100.0,open,0.0,132.73516005314187,130.2814374463469,0.018834015458307114,655.3216710617555,0.2982034406498971,419.69964787065703,False
12,2.4,4.5,2.0,86.0,exhaust_jets8,1200.0,223.01736855562675,214.05159798130455,0.04188602495322306,10701.14740595765,0.08590137075547863,266.5693178537987,False
12,2.4,4.5,2.0,86.0,open,0.0,150.81865370955663,147.67685470581478,0.0212748233973468,887.2858772118383,0.3290872931123488,424.18586999592014,False
12,2.0,4.5,2.0,86.0,exhaust_jets8,1200.0,217.29329119794698,207.9407985972493,0.044976708100520825,10701.14740595765,0.08590137075547863,269.1907080837078,False
12,2.0,4.5,2.0,86.0,open,0.0,148.11605305853888,144.6651784792099,0.023854217135085475,887.2858772118383,0.3290872931123488,427.88802388489637,False
14,2.4,3.5,3.0,100.0,exhaust_jets8,0.0,221.79997304085128,214.5016101864166,0.0340247462389299,9479.99481239713,0.04967379155108751,320.90337903519594,False
14,2.0,3.5,3.0,100.0,exhaust_jets8,0.0,216.13512138673352,208.3665659295784,0.0372831189231225,9479.99481239713,0.04967379155108751,323.6881711624545,False
12,2.4,3.5,4.0,86.0,splitter12,0.0,256.4098281269017,246.0346237289892,0.04216969238175569,9430.232988149428,0.09110110261362757,326.05001584964214,False
12,2.0,3.5,4.0,86.0,splitter12,0.0,248.95685716092095,238.0993903237597,0.04560056547140929,9430.232988149428,0.09110110261362757,329.7452841526001,False
14,2.4,3.5,2.0,100.0,exhaust_jets8,0.0,221.79997304085128,214.5016101864166,0.0340247462389299,9479.99481239713,0.04967379155108751,334.4253916138123,False
12,2.4,3.5,3.0,86.0,splitter12,0.0,256.4098281269017,246.0346237289892,0.04216969238175569,9430.232988149428,0.09110110261362757,338.123241366264,False
14,2.0,3.5,2.0,100.0,exhaust_jets8,0.0,216.13512138673352,208.3665659295784,0.0372831189231225,9479.99481239713,0.04967379155108751,337.21018374107086,False
12,2.0,3.5,3.0,86.0,splitter12,0.0,248.95685716092095,238.0993903237597,0.04560056547140929,9430.232988149428,0.09110110261362757,341.81850966922184,False
12,2.4,4.5,4.0,86.0,exhaust_jets8,600.0,223.01736855562675,214.05159798130455,0.04188602495322306,10701.14740595765,0.08590137075547863,295.0857611766605,False
12,2.0,4.5,4.0,86.0,exhaust_jets8,600.0,217.29329119794698,207.9407985972493,0.044976708100520825,10701.14740595765,0.08590137075547863,298.29749749197117,False
12,2.4,3.5,2.0,86.0,splitter12,0.0,256.4098281269017,246.0346237289892,0.04216969238175569,9430.232988149428,0.09110110261362757,351.6452539448803,False
12,2.4,4.5,3.0,86.0,exhaust_jets8,600.0,223.01736855562675,214.05159798130455,0.04188602495322306,10701.14740595765,0.08590137075547863,305.4592569851759,False
12,2.0,3.5,2.0,86.0,splitter12,0.0,248.95685716092095,238.0993903237597,0.04560056547140929,9430.232988149428,0.09110110261362757,355.3405222478382,False
12,2.0,4.5,3.0,86.0,exhaust_jets8,600.0,217.29329119794698,207.9407985972493,0.044976708100520825,10701.14740595765,0.08590137075547863,308.6842753182509,False
12,2.4,4.5,2.0,86.0,exhaust_jets8,600.0,223.01736855562675,214.05159798130455,0.04188602495322306,10701.14740595765,0.08590137075547863,317.0944771109621,False
12,2.0,4.5,2.0,86.0,exhaust_jets8,600.0,217.29329119794698,207.9407985972493,0.044976708100520825,10701.14740595765,0.08590137075547863,320.3194954440371,False
14,2.4,3.5,4.0,86.0,exhaust_jets8,1200.0,246.32980272772355,236.8930130767674,0.03983566053042714,12821.40408131421,0.05527627064652804,229.4810828404191,False
14,2.0,3.5,4.0,86.0,exhaust_jets8,1200.0,239.41964540960754,229.49989329765575,0.043223340845244394,12821.40408131421,0.05527627064652804,231.63337932401947,False
14,2.4,3.5,3.0,86.0,exhaust_jets8,1200.0,246.32980272772355,236.8930130767674,0.03983566053042714,12821.40408131421,0.05527627064652804,237.51703791575727,False
14,2.0,3.5,3.0,86.0,exhaust_jets8,1200.0,239.41964540960754,229.49989329765575,0.043223340845244394,12821.40408131421,0.05527627064652804,239.6894382508475,False
14,2.4,3.5,2.0,86.0,exhaust_jets8,1200.0,246.32980272772355,236.8930130767674,0.03983566053042714,12821.40408131421,0.05527627064652804,246.60713876381664,False
14,2.0,3.5,2.0,86.0,exhaust_jets8,1200.0,239.41964540960754,229.49989329765575,0.043223340845244394,12821.40408131421,0.05527627064652804,248.80273826778983,False
12,2.4,4.5,4.0,86.0,exhaust_jets8,0.0,223.01736855562675,214.05159798130455,0.04188602495322306,10701.14740595765,0.08590137075547863,342.56325381590386,False
12,2.0,4.5,4.0,86.0,exhaust_jets8,0.0,217.29329119794698,207.9407985972493,0.044976708100520825,10701.14740595765,0.08590137075547863,346.2771302054351,False
14,2.4,3.5,4.0,86.0,exhaust_jets8,600.0,246.32980272772355,236.8930130767674,0.03983566053042714,12821.40408131421,0.05527627064652804,270.6859881552115,False
12,2.4,4.5,3.0,86.0,exhaust_jets8,0.0,223.01736855562675,214.05159798130455,0.04188602495322306,10701.14740595765,0.08590137075547863,354.6364793325257,False
14,2.0,3.5,4.0,86.0,exhaust_jets8,600.0,239.41964540960754,229.49989329765575,0.043223340845244394,12821.40408131421,0.05527627064652804,273.36483963802254,False
12,2.0,4.5,3.0,86.0,exhaust_jets8,0.0,217.29329119794698,207.9407985972493,0.044976708100520825,10701.14740595765,0.08590137075547863,358.350355722057,False
12,2.4,3.5,4.0,100.0,exhaust_jets8,1200.0,248.8432546077439,239.13460422010908,0.04059910283289061,13240.653911529876,0.05684103343417271,229.07574262588935,False
12,2.0,3.5,4.0,100.0,exhaust_jets8,1200.0,241.7994144062002,231.61005526610182,0.04399359573742,13240.653911529876,0.05684103343417271,231.23262236334244,False
12,2.4,3.5,3.0,100.0,exhaust_jets8,1200.0,248.8432546077439,239.13460422010908,0.04059910283289061,13240.653911529876,0.05684103343417271,237.10792283416686,False
12,2.0,3.5,3.0,100.0,exhaust_jets8,1200.0,241.7994144062002,231.61005526610182,0.04399359573742,13240.653911529876,0.05684103343417271,239.28493030585628,False
12,2.4,3.5,2.0,100.0,exhaust_jets8,1200.0,248.8432546077439,239.13460422010908,0.04059910283289061,13240.653911529876,0.05684103343417271,246.19366800261048,False
12,2.0,3.5,2.0,100.0,exhaust_jets8,1200.0,241.7994144062002,231.61005526610182,0.04399359573742,13240.653911529876,0.05684103343417271,248.3939015472792,False
14,2.4,3.5,3.0,86.0,exhaust_jets8,600.0,246.32980272772355,236.8930130767674,0.03983566053042714,12821.40408131421,0.05527627064652804,280.76866075249507,False
14,2.0,3.5,3.0,86.0,exhaust_jets8,600.0,239.41964540960754,229.49989329765575,0.043223340845244394,12821.40408131421,0.05527627064652804,283.48059097787836,False
12,2.4,4.5,2.0,86.0,exhaust_jets8,0.0,223.01736855562675,214.05159798130455,0.04188602495322306,10701.14740595765,0.08590137075547863,368.15849191114205,False
12,2.4,3.5,4.0,100.0,exhaust_jets8,600.0,248.8432546077439,239.13460422010908,0.04059910283289061,13240.653911529876,0.05684103343417271,270.1816410254322,False
12,2.0,3.5,4.0,100.0,exhaust_jets8,600.0,241.7994144062002,231.61005526610182,0.04399359573742,13240.653911529876,0.05684103343417271,272.8659303945918,False
12,2.0,4.5,2.0,86.0,exhaust_jets8,0.0,217.29329119794698,207.9407985972493,0.044976708100520825,10701.14740595765,0.08590137075547863,371.8723683006733,False
14,2.4,3.5,2.0,86.0,exhaust_jets8,600.0,246.32980272772355,236.8930130767674,0.03983566053042714,12821.40408131421,0.05527627064652804,292.21064936209837,False
14,2.0,3.5,2.0,86.0,exhaust_jets8,600.0,239.41964540960754,229.49989329765575,0.043223340845244394,12821.40408131421,0.05527627064652804,294.9611232315691,False
12,2.4,3.5,3.0,100.0,exhaust_jets8,600.0,248.8432546077439,239.13460422010908,0.04059910283289061,13240.653911529876,0.05684103343417271,280.2581102234635,False
12,2.0,3.5,3.0,100.0,exhaust_jets8,600.0,241.7994144062002,231.61005526610182,0.04399359573742,13240.653911529876,0.05684103343417271,282.9755046112957,False
12,2.4,3.5,2.0,100.0,exhaust_jets8,600.0,248.8432546077439,239.13460422010908,0.04059910283289061,13240.653911529876,0.05684103343417271,291.6928717046043,False
12,2.0,3.5,2.0,100.0,exhaust_jets8,600.0,241.7994144062002,231.61005526610182,0.04399359573742,13240.653911529876,0.05684103343417271,294.4488384566074,False
14,2.4,3.5,4.0,86.0,exhaust_jets8,0.0,246.32980272772355,236.8930130767674,0.03983566053042714,12821.40408131421,0.05527627064652804,313.8290620753462,False
14,2.0,3.5,4.0,86.0,exhaust_jets8,0.0,239.41964540960754,229.49989329765575,0.043223340845244394,12821.40408131421,0.05527627064652804,317.0287217869386,False
14,2.4,3.5,3.0,86.0,exhaust_jets8,0.0,246.32980272772355,236.8930130767674,0.03983566053042714,12821.40408131421,0.05527627064652804,325.90228759196805,False
14,2.0,3.5,3.0,86.0,exhaust_jets8,0.0,239.41964540960754,229.49989329765575,0.043223340845244394,12821.40408131421,0.05527627064652804,329.10194730356034,False
12,2.4,3.5,4.0,100.0,exhaust_jets8,0.0,248.8432546077439,239.13460422010908,0.04059910283289061,13240.653911529876,0.05684103343417271,313.2254212453312,False
12,2.0,3.5,4.0,100.0,exhaust_jets8,0.0,241.7994144062002,231.61005526610182,0.04399359573742,13240.653911529876,0.05684103343417271,316.4336579550593,False
14,2.4,3.5,2.0,86.0,exhaust_jets8,0.0,246.32980272772355,236.8930130767674,0.03983566053042714,12821.40408131421,0.05527627064652804,339.4243001705844,False
12,2.4,3.5,3.0,100.0,exhaust_jets8,0.0,248.8432546077439,239.13460422010908,0.04059910283289061,13240.653911529876,0.05684103343417271,325.298646761953,False
14,2.0,3.5,2.0,86.0,exhaust_jets8,0.0,239.41964540960754,229.49989329765575,0.043223340845244394,12821.40408131421,0.05527627064652804,342.6239598821767,False
12,2.0,3.5,3.0,100.0,exhaust_jets8,0.0,241.7994144062002,231.61005526610182,0.04399359573742,13240.653911529876,0.05684103343417271,328.50688347168114,False
12,2.4,3.5,2.0,100.0,exhaust_jets8,0.0,248.8432546077439,239.13460422010908,0.04059910283289061,13240.653911529876,0.05684103343417271,338.82065934056936,False
12,2.0,3.5,2.0,100.0,exhaust_jets8,0.0,241.7994144062002,231.61005526610182,0.04399359573742,13240.653911529876,0.05684103343417271,342.0288960502975,False
12,2.4,3.5,4.0,86.0,exhaust_jets8,1200.0,275.8484840939017,263.6006182751022,0.046463721894677845,17907.580906959523,0.06218088048691172,232.72002908289636,False
12,2.0,3.5,4.0,86.0,exhaust_jets8,1200.0,267.2992277342348,254.57898100278337,0.04996581682174453,17907.580906959523,0.06218088048691172,235.20772799680856,False
12,2.4,3.5,3.0,86.0,exhaust_jets8,1200.0,275.8484840939017,263.6006182751022,0.046463721894677845,17907.580906959523,0.06218088048691172,240.7862764673203,False
12,2.0,3.5,3.0,86.0,exhaust_jets8,1200.0,267.2992277342348,254.57898100278337,0.04996581682174453,17907.580906959523,0.06218088048691172,243.2973978857296,False
12,2.4,3.5,2.0,86.0,exhaust_jets8,1200.0,275.8484840939017,263.6006182751022,0.046463721894677845,17907.580906959523,0.06218088048691172,249.91133495960406,False
12,2.0,3.5,2.0,86.0,exhaust_jets8,1200.0,267.2992277342348,254.57898100278337,0.04996581682174453,17907.580906959523,0.06218088048691172,252.44949165690883,False
12,2.4,3.5,4.0,86.0,exhaust_jets8,600.0,275.8484840939017,263.6006182751022,0.046463721894677845,17907.580906959523,0.06218088048691172,274.71787852076545,False
12,2.0,3.5,4.0,86.0,exhaust_jets8,600.0,267.2992277342348,254.57898100278337,0.04996581682174453,17907.580906959523,0.06218088048691172,277.81681425588897,False
12,2.4,3.5,3.0,86.0,exhaust_jets8,600.0,275.8484840939017,263.6006182751022,0.046463721894677845,17907.580906959523,0.06218088048691172,284.85042047705826,False
12,2.0,3.5,3.0,86.0,exhaust_jets8,600.0,267.2992277342348,254.57898100278337,0.04996581682174453,17907.580906959523,0.06218088048691172,287.9880247905835,False
12,2.4,3.5,2.0,86.0,exhaust_jets8,600.0,275.8484840939017,263.6006182751022,0.046463721894677845,17907.580906959523,0.06218088048691172,296.3505211877689,False
12,2.0,3.5,2.0,86.0,exhaust_jets8,600.0,267.2992277342348,254.57898100278337,0.04996581682174453,17907.580906959523,0.06218088048691172,299.53320138669073,False
12,2.4,3.5,4.0,86.0,exhaust_jets8,0.0,275.8484840939017,263.6006182751022,0.046463721894677845,17907.580906959523,0.06218088048691172,318.6405947177867,False
12,2.0,3.5,4.0,86.0,exhaust_jets8,0.0,267.2992277342348,254.57898100278337,0.04996581682174453,17907.580906959523,0.06218088048691172,322.3216913084376,False
12,2.4,3.5,3.0,86.0,exhaust_jets8,0.0,275.8484840939017,263.6006182751022,0.046463721894677845,17907.580906959523,0.06218088048691172,330.71382023440856,False
12,2.0,3.5,3.0,86.0,exhaust_jets8,0.0,267.2992277342348,254.57898100278337,0.04996581682174453,17907.580906959523,0.06218088048691172,334.39491682505934,False
12,2.4,3.5,2.0,86.0,exhaust_jets8,0.0,275.8484840939017,263.6006182751022,0.046463721894677845,17907.580906959523,0.06218088048691172,344.2358328130249,False
12,2.0,3.5,2.0,86.0,exhaust_jets8,0.0,267.2992277342348,254.57898100278337,0.04996581682174453,17907.580906959523,0.06218088048691172,347.9169294036757,False
