id,material,scenario_id,property,value,unit,relation,orientation,test_temperature_C,uncertainty,evidence_status,source_id,source_url,source_locator,notes,admissible_for_release
M001,AlSi10Mg,EOS_M290_30_AB,yield_0p2,233,MPa,=,Z,room temperature,not reported,screening_only,EOS_ALSI_2026,https://www.eos.info/metal-solutions/data-sheets/aluminium/pds-eos-aluminium-alsi10mg-eos-m-290-30um,Process information; mechanical properties; fatigue; thermal conductivity; CTE,Turned ISO6892-1 B10 coupons. Published table values; not identified here as part-specific minimum allowables.,False
M002,AlSi10Mg,EOS_M290_30_AB,UTS,466,MPa,=,Z,room temperature,not reported,screening_only,EOS_ALSI_2026,https://www.eos.info/metal-solutions/data-sheets/aluminium/pds-eos-aluminium-alsi10mg-eos-m-290-30um,Process information; mechanical properties; fatigue; thermal conductivity; CTE,Turned ISO6892-1 B10 coupons. Published table values; not identified here as part-specific minimum allowables.,False
M003,AlSi10Mg,EOS_M290_30_AB,elongation,6.3,%,=,Z,room temperature,not reported,screening_only,EOS_ALSI_2026,https://www.eos.info/metal-solutions/data-sheets/aluminium/pds-eos-aluminium-alsi10mg-eos-m-290-30um,Process information; mechanical properties; fatigue; thermal conductivity; CTE,Turned ISO6892-1 B10 coupons. Published table values; not identified here as part-specific minimum allowables.,False
M004,AlSi10Mg,EOS_M290_30_AB,yield_0p2,270,MPa,=,XY,room temperature,not reported,screening_only,EOS_ALSI_2026,https://www.eos.info/metal-solutions/data-sheets/aluminium/pds-eos-aluminium-alsi10mg-eos-m-290-30um,Process information; mechanical properties; fatigue; thermal conductivity; CTE,Turned ISO6892-1 B10 coupons. Published table values; not identified here as part-specific minimum allowables.,False
M005,AlSi10Mg,EOS_M290_30_AB,UTS,461,MPa,=,XY,room temperature,not reported,screening_only,EOS_ALSI_2026,https://www.eos.info/metal-solutions/data-sheets/aluminium/pds-eos-aluminium-alsi10mg-eos-m-290-30um,Process information; mechanical properties; fatigue; thermal conductivity; CTE,Turned ISO6892-1 B10 coupons. Published table values; not identified here as part-specific minimum allowables.,False
M006,AlSi10Mg,EOS_M290_30_AB,elongation,10.2,%,=,XY,room temperature,not reported,screening_only,EOS_ALSI_2026,https://www.eos.info/metal-solutions/data-sheets/aluminium/pds-eos-aluminium-alsi10mg-eos-m-290-30um,Process information; mechanical properties; fatigue; thermal conductivity; CTE,Turned ISO6892-1 B10 coupons. Published table values; not identified here as part-specific minimum allowables.,False
M007,AlSi10Mg,EOS_M290_30_EOS_T6,yield_0p2,250,MPa,=,Z,room temperature,not reported,screening_only,EOS_ALSI_2026,https://www.eos.info/metal-solutions/data-sheets/aluminium/pds-eos-aluminium-alsi10mg-eos-m-290-30um,Process information; mechanical properties; fatigue; thermal conductivity; CTE,Turned ISO6892-1 B10 coupons. Published table values; not identified here as part-specific minimum allowables.,False
M008,AlSi10Mg,EOS_M290_30_EOS_T6,UTS,310,MPa,=,Z,room temperature,not reported,screening_only,EOS_ALSI_2026,https://www.eos.info/metal-solutions/data-sheets/aluminium/pds-eos-aluminium-alsi10mg-eos-m-290-30um,Process information; mechanical properties; fatigue; thermal conductivity; CTE,Turned ISO6892-1 B10 coupons. Published table values; not identified here as part-specific minimum allowables.,False
M009,AlSi10Mg,EOS_M290_30_EOS_T6,elongation,11,%,=,Z,room temperature,not reported,screening_only,EOS_ALSI_2026,https://www.eos.info/metal-solutions/data-sheets/aluminium/pds-eos-aluminium-alsi10mg-eos-m-290-30um,Process information; mechanical properties; fatigue; thermal conductivity; CTE,Turned ISO6892-1 B10 coupons. Published table values; not identified here as part-specific minimum allowables.,False
M010,AlSi10Mg,EOS_M290_30_EOS_T6,yield_0p2,260,MPa,=,XY,room temperature,not reported,screening_only,EOS_ALSI_2026,https://www.eos.info/metal-solutions/data-sheets/aluminium/pds-eos-aluminium-alsi10mg-eos-m-290-30um,Process information; mechanical properties; fatigue; thermal conductivity; CTE,Turned ISO6892-1 B10 coupons. Published table values; not identified here as part-specific minimum allowables.,False
M011,AlSi10Mg,EOS_M290_30_EOS_T6,UTS,320,MPa,=,XY,room temperature,not reported,screening_only,EOS_ALSI_2026,https://www.eos.info/metal-solutions/data-sheets/aluminium/pds-eos-aluminium-alsi10mg-eos-m-290-30um,Process information; mechanical properties; fatigue; thermal conductivity; CTE,Turned ISO6892-1 B10 coupons. Published table values; not identified here as part-specific minimum allowables.,False
M012,AlSi10Mg,EOS_M290_30_EOS_T6,elongation,11,%,=,XY,room temperature,not reported,screening_only,EOS_ALSI_2026,https://www.eos.info/metal-solutions/data-sheets/aluminium/pds-eos-aluminium-alsi10mg-eos-m-290-30um,Process information; mechanical properties; fatigue; thermal conductivity; CTE,Turned ISO6892-1 B10 coupons. Published table values; not identified here as part-specific minimum allowables.,False
M013,AlSi10Mg,EOS_M290_30,printed_density,2670,kg/m3,>=,unspecified,not stated,not reported,screening_only,EOS_ALSI_2026,https://www.eos.info/metal-solutions/data-sheets/aluminium/pds-eos-aluminium-alsi10mg-eos-m-290-30um,Process information; mechanical properties; fatigue; thermal conductivity; CTE,ISO3369 reported average; lower bound is not a worst-case maximum mass input.,False
M014,AlSi10Mg,EOS_M290_30_AB,average_defect_percentage,0.04,%,=,unspecified,not stated,not reported,screening_only,EOS_ALSI_2026,https://www.eos.info/metal-solutions/data-sheets/aluminium/pds-eos-aluminium-alsi10mg-eos-m-290-30um,Process information; mechanical properties; fatigue; thermal conductivity; CTE,Coupon average; largest flaw and location unresolved. Do not equate with guaranteed 3D defect population.,False
M015,AlSi10Mg,EOS_M290_30_SR270C_90min,yield_0p2,200,MPa,=,unspecified,room-temperature context,not reported,screening_only,EOS_ALSI_2026,https://www.eos.info/metal-solutions/data-sheets/aluminium/pds-eos-aluminium-alsi10mg-eos-m-290-30um,Process information; mechanical properties; fatigue; thermal conductivity; CTE,SR270 C/90 min; orientation not stated. Distinct from EOS T6.,False
M016,AlSi10Mg,EOS_M290_30_SR270C_90min,UTS,310,MPa,=,unspecified,room-temperature context,not reported,screening_only,EOS_ALSI_2026,https://www.eos.info/metal-solutions/data-sheets/aluminium/pds-eos-aluminium-alsi10mg-eos-m-290-30um,Process information; mechanical properties; fatigue; thermal conductivity; CTE,SR270 C/90 min; orientation not stated. Distinct from EOS T6.,False
M017,AlSi10Mg,EOS_M290_30_SR270C_90min,elongation,9,%,=,unspecified,room-temperature context,not reported,screening_only,EOS_ALSI_2026,https://www.eos.info/metal-solutions/data-sheets/aluminium/pds-eos-aluminium-alsi10mg-eos-m-290-30um,Process information; mechanical properties; fatigue; thermal conductivity; CTE,SR270 C/90 min; orientation not stated. Distinct from EOS T6.,False
M018,AlSi10Mg,EOS_M290_30_AB,thermal_conductivity,100,W/(m K),=,Z,not stated,not reported,screening_only,EOS_ALSI_2026,https://www.eos.info/metal-solutions/data-sheets/aluminium/pds-eos-aluminium-alsi10mg-eos-m-290-30um,Process information; mechanical properties; fatigue; thermal conductivity; CTE,ISO22007-2; measurement temperature not explicit; not k(T) through melt.,False
M019,AlSi10Mg,EOS_M290_30_AB,thermal_conductivity,110,W/(m K),=,XY,not stated,not reported,screening_only,EOS_ALSI_2026,https://www.eos.info/metal-solutions/data-sheets/aluminium/pds-eos-aluminium-alsi10mg-eos-m-290-30um,Process information; mechanical properties; fatigue; thermal conductivity; CTE,ISO22007-2; measurement temperature not explicit; not k(T) through melt.,False
M020,AlSi10Mg,EOS_M290_30_EOS_T6,thermal_conductivity,165,W/(m K),=,Z,not stated,not reported,screening_only,EOS_ALSI_2026,https://www.eos.info/metal-solutions/data-sheets/aluminium/pds-eos-aluminium-alsi10mg-eos-m-290-30um,Process information; mechanical properties; fatigue; thermal conductivity; CTE,ISO22007-2; measurement temperature not explicit; not k(T) through melt.,False
M021,AlSi10Mg,EOS_M290_30_EOS_T6,thermal_conductivity,155,W/(m K),=,XY,not stated,not reported,screening_only,EOS_ALSI_2026,https://www.eos.info/metal-solutions/data-sheets/aluminium/pds-eos-aluminium-alsi10mg-eos-m-290-30um,Process information; mechanical properties; fatigue; thermal conductivity; CTE,ISO22007-2; measurement temperature not explicit; not k(T) through melt.,False
M022,AlSi10Mg,EOS_M290_30_SR,thermal_conductivity,160,W/(m K),=,Z,not stated,not reported,screening_only,EOS_ALSI_2026,https://www.eos.info/metal-solutions/data-sheets/aluminium/pds-eos-aluminium-alsi10mg-eos-m-290-30um,Process information; mechanical properties; fatigue; thermal conductivity; CTE,ISO22007-2; measurement temperature not explicit; not k(T) through melt.,False
M023,AlSi10Mg,EOS_M290_30_SR,thermal_conductivity,165,W/(m K),=,XY,not stated,not reported,screening_only,EOS_ALSI_2026,https://www.eos.info/metal-solutions/data-sheets/aluminium/pds-eos-aluminium-alsi10mg-eos-m-290-30um,Process information; mechanical properties; fatigue; thermal conductivity; CTE,ISO22007-2; measurement temperature not explicit; not k(T) through melt.,False
M024,AlSi10Mg,EOS_M290_30_heat_state_unspecified,CTE_interval,2e-05,1/K,=,unspecified,25-100,not reported,screening_only,EOS_ALSI_2026,https://www.eos.info/metal-solutions/data-sheets/aluminium/pds-eos-aluminium-alsi10mg-eos-m-290-30um,Process information; mechanical properties; fatigue; thermal conductivity; CTE,ASTME228 temperature interval; heat state not specified. Confirm secant vs tangent definition before solver use.,False
M025,AlSi10Mg,EOS_M290_30_heat_state_unspecified,CTE_interval,2.2e-05,1/K,=,unspecified,25-200,not reported,screening_only,EOS_ALSI_2026,https://www.eos.info/metal-solutions/data-sheets/aluminium/pds-eos-aluminium-alsi10mg-eos-m-290-30um,Process information; mechanical properties; fatigue; thermal conductivity; CTE,ASTME228 temperature interval; heat state not specified. Confirm secant vs tangent definition before solver use.,False
M026,AlSi10Mg,EOS_M290_30_heat_state_unspecified,CTE_interval,2.7e-05,1/K,=,unspecified,25-300,not reported,screening_only,EOS_ALSI_2026,https://www.eos.info/metal-solutions/data-sheets/aluminium/pds-eos-aluminium-alsi10mg-eos-m-290-30um,Process information; mechanical properties; fatigue; thermal conductivity; CTE,ASTME228 temperature interval; heat state not specified. Confirm secant vs tangent definition before solver use.,False
M027,AlSi10Mg,EOS_M290_30_AB,fatigue_stress_amplitude,110,MPa,=,Z and XY,not stated,not reported,screening_only,EOS_ALSI_2026,https://www.eos.info/metal-solutions/data-sheets/aluminium/pds-eos-aluminium-alsi10mg-eos-m-290-30um,Process information; mechanical properties; fatigue; thermal conductivity; CTE,2e7 cycles; R=-1; machined/turned; no HT; fatigue test temperature not explicit. Not an endurance limit or as-printed blade allowable.,False
M028,AlSi10Mg,EOS_M290_30,Young_modulus,,GPa,=,unspecified,not stated,not reported,missing,EOS_ALSI_2026,https://www.eos.info/metal-solutions/data-sheets/aluminium/pds-eos-aluminium-alsi10mg-eos-m-290-30um,Process information; mechanical properties; fatigue; thermal conductivity; CTE,Not supplied in selected current process sheet. Do not silently fill from other process/state.,False
M029,AlSi10Mg,EOS_M290_30,Poisson_ratio,,1,=,unspecified,not stated,not reported,missing,EOS_ALSI_2026,https://www.eos.info/metal-solutions/data-sheets/aluminium/pds-eos-aluminium-alsi10mg-eos-m-290-30um,Process information; mechanical properties; fatigue; thermal conductivity; CTE,Not supplied in selected current process sheet. Do not silently fill from other process/state.,False
M030,AlSi10Mg,EOS_M290_30,specific_heat,,J/(kg K),=,unspecified,not stated,not reported,missing,EOS_ALSI_2026,https://www.eos.info/metal-solutions/data-sheets/aluminium/pds-eos-aluminium-alsi10mg-eos-m-290-30um,Process information; mechanical properties; fatigue; thermal conductivity; CTE,Not supplied in selected current process sheet. Do not silently fill from other process/state.,False
M031,AlSi10Mg,EOS_M290_30,yield_vs_temperature,,MPa,=,unspecified,not stated,not reported,missing,EOS_ALSI_2026,https://www.eos.info/metal-solutions/data-sheets/aluminium/pds-eos-aluminium-alsi10mg-eos-m-290-30um,Process information; mechanical properties; fatigue; thermal conductivity; CTE,Not supplied in selected current process sheet. Do not silently fill from other process/state.,False
M032,AlSi10Mg,EOS_M290_30,true_plastic_curve,,MPa versus plastic strain,=,unspecified,not stated,not reported,missing,EOS_ALSI_2026,https://www.eos.info/metal-solutions/data-sheets/aluminium/pds-eos-aluminium-alsi10mg-eos-m-290-30um,Process information; mechanical properties; fatigue; thermal conductivity; CTE,Not supplied in selected current process sheet. Do not silently fill from other process/state.,False
M033,AlSi10Mg,EOS_2014_AB,Young_modulus,75,GPa,=,XY,not stated,+/-10 GPa; statistical interpretation unspecified,archival_different_route,EOS_ALSI_2014,https://printform.com/wp-content/uploads/2018/09/EOS_Aluminium_AlSi10Mg_en.pdf,PDF p.4; scope p.1,M280/M290 Speed1.0 scope; not current FlexM291 or ZRapid.,False
M034,AlSi10Mg,EOS_2014_AB,specific_heat,920,J/(kg K),=,XY,not stated,+/-50 J/(kg K); statistical interpretation unspecified,archival_different_route,EOS_ALSI_2014,https://printform.com/wp-content/uploads/2018/09/EOS_Aluminium_AlSi10Mg_en.pdf,PDF p.5; footnote1 on p.2,Thermal values footnote1 traces to EOSINT M270. Not modern powder/melt cp(T).,False
M035,AlSi10Mg,EOS_2014_AB,Young_modulus,70,GPa,=,Z,not stated,+/-10 GPa; statistical interpretation unspecified,archival_different_route,EOS_ALSI_2014,https://printform.com/wp-content/uploads/2018/09/EOS_Aluminium_AlSi10Mg_en.pdf,PDF p.4; scope p.1,M280/M290 Speed1.0 scope; not current FlexM291 or ZRapid.,False
M036,AlSi10Mg,EOS_2014_AB,specific_heat,910,J/(kg K),=,Z,not stated,+/-50 J/(kg K); statistical interpretation unspecified,archival_different_route,EOS_ALSI_2014,https://printform.com/wp-content/uploads/2018/09/EOS_Aluminium_AlSi10Mg_en.pdf,PDF p.5; footnote1 on p.2,Thermal values footnote1 traces to EOSINT M270. Not modern powder/melt cp(T).,False
M037,AlSi10Mg,EOS_2014_SR300C_2h,Young_modulus,70,GPa,=,XY,not stated,+/-10 GPa; statistical interpretation unspecified,archival_different_route,EOS_ALSI_2014,https://printform.com/wp-content/uploads/2018/09/EOS_Aluminium_AlSi10Mg_en.pdf,PDF p.4; scope p.1,M280/M290 Speed1.0 scope; not current FlexM291 or ZRapid.,False
M038,AlSi10Mg,EOS_2014_SR300C_2h,specific_heat,890,J/(kg K),=,XY,not stated,+/-50 J/(kg K); statistical interpretation unspecified,archival_different_route,EOS_ALSI_2014,https://printform.com/wp-content/uploads/2018/09/EOS_Aluminium_AlSi10Mg_en.pdf,PDF p.5; footnote1 on p.2,Thermal values footnote1 traces to EOSINT M270. Not modern powder/melt cp(T).,False
M039,AlSi10Mg,EOS_2014_SR300C_2h,Young_modulus,60,GPa,=,Z,not stated,+/-10 GPa; statistical interpretation unspecified,archival_different_route,EOS_ALSI_2014,https://printform.com/wp-content/uploads/2018/09/EOS_Aluminium_AlSi10Mg_en.pdf,PDF p.4; scope p.1,M280/M290 Speed1.0 scope; not current FlexM291 or ZRapid.,False
M040,AlSi10Mg,EOS_2014_SR300C_2h,specific_heat,890,J/(kg K),=,Z,not stated,+/-50 J/(kg K); statistical interpretation unspecified,archival_different_route,EOS_ALSI_2014,https://printform.com/wp-content/uploads/2018/09/EOS_Aluminium_AlSi10Mg_en.pdf,PDF p.5; footnote1 on p.2,Thermal values footnote1 traces to EOSINT M270. Not modern powder/melt cp(T).,False
M041,AlF357,EOS_M290_30_AB,yield_0p2,250,MPa,=,Z,room temperature,not reported,screening_only,EOS_ALF357_2026,https://www.eos.info/metal-solutions/data-sheets/aluminium/pds-eos-aluminium-alf357-eos-m-290-30um,"Chemical/physical, mechanical, thermal and heat treatment sections","Machined round EN2002-001 Annex C coupons; Beryllium-free AM AlSi7Mg0.6, not cast A357.",False
M042,AlF357,EOS_M290_30_AB,UTS,400,MPa,=,Z,room temperature,not reported,screening_only,EOS_ALF357_2026,https://www.eos.info/metal-solutions/data-sheets/aluminium/pds-eos-aluminium-alf357-eos-m-290-30um,"Chemical/physical, mechanical, thermal and heat treatment sections","Machined round EN2002-001 Annex C coupons; Beryllium-free AM AlSi7Mg0.6, not cast A357.",False
M043,AlF357,EOS_M290_30_AB,elongation,6,%,=,Z,room temperature,not reported,screening_only,EOS_ALF357_2026,https://www.eos.info/metal-solutions/data-sheets/aluminium/pds-eos-aluminium-alf357-eos-m-290-30um,"Chemical/physical, mechanical, thermal and heat treatment sections","Machined round EN2002-001 Annex C coupons; Beryllium-free AM AlSi7Mg0.6, not cast A357.",False
M044,AlF357,EOS_M290_30_AB,yield_0p2,255,MPa,=,XY,room temperature,not reported,screening_only,EOS_ALF357_2026,https://www.eos.info/metal-solutions/data-sheets/aluminium/pds-eos-aluminium-alf357-eos-m-290-30um,"Chemical/physical, mechanical, thermal and heat treatment sections","Machined round EN2002-001 Annex C coupons; Beryllium-free AM AlSi7Mg0.6, not cast A357.",False
M045,AlF357,EOS_M290_30_AB,UTS,365,MPa,=,XY,room temperature,not reported,screening_only,EOS_ALF357_2026,https://www.eos.info/metal-solutions/data-sheets/aluminium/pds-eos-aluminium-alf357-eos-m-290-30um,"Chemical/physical, mechanical, thermal and heat treatment sections","Machined round EN2002-001 Annex C coupons; Beryllium-free AM AlSi7Mg0.6, not cast A357.",False
M046,AlF357,EOS_M290_30_AB,elongation,10,%,=,XY,room temperature,not reported,screening_only,EOS_ALF357_2026,https://www.eos.info/metal-solutions/data-sheets/aluminium/pds-eos-aluminium-alf357-eos-m-290-30um,"Chemical/physical, mechanical, thermal and heat treatment sections","Machined round EN2002-001 Annex C coupons; Beryllium-free AM AlSi7Mg0.6, not cast A357.",False
M047,AlF357,EOS_M290_30_T6_like,yield_0p2,265,MPa,=,Z,room temperature,not reported,screening_only,EOS_ALF357_2026,https://www.eos.info/metal-solutions/data-sheets/aluminium/pds-eos-aluminium-alf357-eos-m-290-30um,"Chemical/physical, mechanical, thermal and heat treatment sections","Machined round EN2002-001 Annex C coupons; Beryllium-free AM AlSi7Mg0.6, not cast A357.",False
M048,AlF357,EOS_M290_30_T6_like,UTS,330,MPa,=,Z,room temperature,not reported,screening_only,EOS_ALF357_2026,https://www.eos.info/metal-solutions/data-sheets/aluminium/pds-eos-aluminium-alf357-eos-m-290-30um,"Chemical/physical, mechanical, thermal and heat treatment sections","Machined round EN2002-001 Annex C coupons; Beryllium-free AM AlSi7Mg0.6, not cast A357.",False
M049,AlF357,EOS_M290_30_T6_like,elongation,11.5,%,=,Z,room temperature,not reported,screening_only,EOS_ALF357_2026,https://www.eos.info/metal-solutions/data-sheets/aluminium/pds-eos-aluminium-alf357-eos-m-290-30um,"Chemical/physical, mechanical, thermal and heat treatment sections","Machined round EN2002-001 Annex C coupons; Beryllium-free AM AlSi7Mg0.6, not cast A357.",False
M050,AlF357,EOS_M290_30_T6_like,yield_0p2,270,MPa,=,XY,room temperature,not reported,screening_only,EOS_ALF357_2026,https://www.eos.info/metal-solutions/data-sheets/aluminium/pds-eos-aluminium-alf357-eos-m-290-30um,"Chemical/physical, mechanical, thermal and heat treatment sections","Machined round EN2002-001 Annex C coupons; Beryllium-free AM AlSi7Mg0.6, not cast A357.",False
M051,AlF357,EOS_M290_30_T6_like,UTS,340,MPa,=,XY,room temperature,not reported,screening_only,EOS_ALF357_2026,https://www.eos.info/metal-solutions/data-sheets/aluminium/pds-eos-aluminium-alf357-eos-m-290-30um,"Chemical/physical, mechanical, thermal and heat treatment sections","Machined round EN2002-001 Annex C coupons; Beryllium-free AM AlSi7Mg0.6, not cast A357.",False
M052,AlF357,EOS_M290_30_T6_like,elongation,11.5,%,=,XY,room temperature,not reported,screening_only,EOS_ALF357_2026,https://www.eos.info/metal-solutions/data-sheets/aluminium/pds-eos-aluminium-alf357-eos-m-290-30um,"Chemical/physical, mechanical, thermal and heat treatment sections","Machined round EN2002-001 Annex C coupons; Beryllium-free AM AlSi7Mg0.6, not cast A357.",False
M053,AlF357,EOS_M290_30,printed_density,2670,kg/m3,=,unspecified,not stated,one density sample; no dispersion reported,screening_only,EOS_ALF357_2026,https://www.eos.info/metal-solutions/data-sheets/aluminium/pds-eos-aluminium-alf357-eos-m-290-30um,"Chemical/physical, mechanical, thermal and heat treatment sections",,False
M054,AlF357,EOS_M290_30,average_defect_percentage,0.03,%,=,unspecified,not stated,20 samples; dispersion not reported,screening_only,EOS_ALF357_2026,https://www.eos.info/metal-solutions/data-sheets/aluminium/pds-eos-aluminium-alf357-eos-m-290-30um,"Chemical/physical, mechanical, thermal and heat treatment sections",,False
M055,AlF357,EOS_M290_30_AB,thermal_conductivity,140,W/(m K),=,XY and Z,not stated,not reported,screening_only,EOS_ALF357_2026,https://www.eos.info/metal-solutions/data-sheets/aluminium/pds-eos-aluminium-alf357-eos-m-290-30um,"Chemical/physical, mechanical, thermal and heat treatment sections",Hot Disk slab/1D methods; temperature not explicit.,False
M056,AlF357,EOS_M290_30_T6_like,thermal_conductivity,150,W/(m K),=,XY and Z,not stated,not reported,screening_only,EOS_ALF357_2026,https://www.eos.info/metal-solutions/data-sheets/aluminium/pds-eos-aluminium-alf357-eos-m-290-30um,"Chemical/physical, mechanical, thermal and heat treatment sections",Hot Disk slab/1D methods; temperature not explicit.,False
M057,AlF357,EOS_M290_30,Young_modulus,,GPa,=,unspecified,not stated,not reported,missing,EOS_ALF357_2026,https://www.eos.info/metal-solutions/data-sheets/aluminium/pds-eos-aluminium-alf357-eos-m-290-30um,"Chemical/physical, mechanical, thermal and heat treatment sections",,False
M058,AlF357,EOS_M290_30,Poisson_ratio,,1,=,unspecified,not stated,not reported,missing,EOS_ALF357_2026,https://www.eos.info/metal-solutions/data-sheets/aluminium/pds-eos-aluminium-alf357-eos-m-290-30um,"Chemical/physical, mechanical, thermal and heat treatment sections",,False
M059,AlF357,EOS_M290_30,specific_heat,,J/(kg K),=,unspecified,not stated,not reported,missing,EOS_ALF357_2026,https://www.eos.info/metal-solutions/data-sheets/aluminium/pds-eos-aluminium-alf357-eos-m-290-30um,"Chemical/physical, mechanical, thermal and heat treatment sections",,False
M060,AlF357,EOS_M290_30,CTE,,1/K,=,unspecified,not stated,not reported,missing,EOS_ALF357_2026,https://www.eos.info/metal-solutions/data-sheets/aluminium/pds-eos-aluminium-alf357-eos-m-290-30um,"Chemical/physical, mechanical, thermal and heat treatment sections",,False
M061,AlF357,EOS_M290_30,fatigue_curve,,MPa versus cycles,=,unspecified,not stated,not reported,missing,EOS_ALF357_2026,https://www.eos.info/metal-solutions/data-sheets/aluminium/pds-eos-aluminium-alf357-eos-m-290-30um,"Chemical/physical, mechanical, thermal and heat treatment sections",,False
M062,AlF357,EOS_M290_30,yield_vs_temperature,,MPa,=,unspecified,not stated,not reported,missing,EOS_ALF357_2026,https://www.eos.info/metal-solutions/data-sheets/aluminium/pds-eos-aluminium-alf357-eos-m-290-30um,"Chemical/physical, mechanical, thermal and heat treatment sections",,False
M063,Scalmalloy,DS350_L30_SR325C_4h_air,yield_0p2,490,MPa,=,XY,not explicitly stated,+/-10; vendor states mean and 95% tolerance interval at 95% confidence,screening_only,DS_SCAL_2022,https://de.3dsystems.com/sites/default/files/2022-02/3d-systems-certified-scalmalloy(a)-datasheet-usen-2022-02-23-a-print.pdf,PDF p.1 and footnotes1-5,"ASTM E8 round type4. Config B; heat treatment 325 C/4 h, air cooling. Do not confuse with HIP research route.",False
M064,Scalmalloy,DS350_L30_SR325C_4h_air,UTS,520,MPa,=,XY,not explicitly stated,+/-10; vendor states mean and 95% tolerance interval at 95% confidence,screening_only,DS_SCAL_2022,https://de.3dsystems.com/sites/default/files/2022-02/3d-systems-certified-scalmalloy(a)-datasheet-usen-2022-02-23-a-print.pdf,PDF p.1 and footnotes1-5,"ASTM E8 round type4. Config B; heat treatment 325 C/4 h, air cooling. Do not confuse with HIP research route.",False
M065,Scalmalloy,DS350_L30_SR325C_4h_air,elongation,15.8,%,=,XY,not explicitly stated,+/-2.7; vendor states mean and 95% tolerance interval at 95% confidence,screening_only,DS_SCAL_2022,https://de.3dsystems.com/sites/default/files/2022-02/3d-systems-certified-scalmalloy(a)-datasheet-usen-2022-02-23-a-print.pdf,PDF p.1 and footnotes1-5,"ASTM E8 round type4. Config B; heat treatment 325 C/4 h, air cooling. Do not confuse with HIP research route.",False
M066,Scalmalloy,DS350_L30_SR325C_4h_air,yield_0p2,490,MPa,=,Z,not explicitly stated,+/-15; vendor states mean and 95% tolerance interval at 95% confidence,screening_only,DS_SCAL_2022,https://de.3dsystems.com/sites/default/files/2022-02/3d-systems-certified-scalmalloy(a)-datasheet-usen-2022-02-23-a-print.pdf,PDF p.1 and footnotes1-5,"ASTM E8 round type4. Config B; heat treatment 325 C/4 h, air cooling. Do not confuse with HIP research route.",False
M067,Scalmalloy,DS350_L30_SR325C_4h_air,UTS,520,MPa,=,Z,not explicitly stated,+/-15; vendor states mean and 95% tolerance interval at 95% confidence,screening_only,DS_SCAL_2022,https://de.3dsystems.com/sites/default/files/2022-02/3d-systems-certified-scalmalloy(a)-datasheet-usen-2022-02-23-a-print.pdf,PDF p.1 and footnotes1-5,"ASTM E8 round type4. Config B; heat treatment 325 C/4 h, air cooling. Do not confuse with HIP research route.",False
M068,Scalmalloy,DS350_L30_SR325C_4h_air,elongation,15.8,%,=,Z,not explicitly stated,+/-2.6; vendor states mean and 95% tolerance interval at 95% confidence,screening_only,DS_SCAL_2022,https://de.3dsystems.com/sites/default/files/2022-02/3d-systems-certified-scalmalloy(a)-datasheet-usen-2022-02-23-a-print.pdf,PDF p.1 and footnotes1-5,"ASTM E8 round type4. Config B; heat treatment 325 C/4 h, air cooling. Do not confuse with HIP research route.",False
M069,Scalmalloy,DS350_L60_SR325C_4h_air,yield_0p2,500,MPa,=,XY,not explicitly stated,+/-10; vendor states mean and 95% tolerance interval at 95% confidence,screening_only,DS_SCAL_2022,https://de.3dsystems.com/sites/default/files/2022-02/3d-systems-certified-scalmalloy(a)-datasheet-usen-2022-02-23-a-print.pdf,PDF p.1 and footnotes1-5,"ASTM E8 round type4. Config B; heat treatment 325 C/4 h, air cooling. Do not confuse with HIP research route.",False
M070,Scalmalloy,DS350_L60_SR325C_4h_air,UTS,530,MPa,=,XY,not explicitly stated,+/-10; vendor states mean and 95% tolerance interval at 95% confidence,screening_only,DS_SCAL_2022,https://de.3dsystems.com/sites/default/files/2022-02/3d-systems-certified-scalmalloy(a)-datasheet-usen-2022-02-23-a-print.pdf,PDF p.1 and footnotes1-5,"ASTM E8 round type4. Config B; heat treatment 325 C/4 h, air cooling. Do not confuse with HIP research route.",False
M071,Scalmalloy,DS350_L60_SR325C_4h_air,elongation,14,%,=,XY,not explicitly stated,+/-3.4; vendor states mean and 95% tolerance interval at 95% confidence,screening_only,DS_SCAL_2022,https://de.3dsystems.com/sites/default/files/2022-02/3d-systems-certified-scalmalloy(a)-datasheet-usen-2022-02-23-a-print.pdf,PDF p.1 and footnotes1-5,"ASTM E8 round type4. Config B; heat treatment 325 C/4 h, air cooling. Do not confuse with HIP research route.",False
M072,Scalmalloy,DS350_L60_SR325C_4h_air,yield_0p2,490,MPa,=,Z,not explicitly stated,+/-10; vendor states mean and 95% tolerance interval at 95% confidence,screening_only,DS_SCAL_2022,https://de.3dsystems.com/sites/default/files/2022-02/3d-systems-certified-scalmalloy(a)-datasheet-usen-2022-02-23-a-print.pdf,PDF p.1 and footnotes1-5,"ASTM E8 round type4. Config B; heat treatment 325 C/4 h, air cooling. Do not confuse with HIP research route.",False
M073,Scalmalloy,DS350_L60_SR325C_4h_air,UTS,520,MPa,=,Z,not explicitly stated,+/-10; vendor states mean and 95% tolerance interval at 95% confidence,screening_only,DS_SCAL_2022,https://de.3dsystems.com/sites/default/files/2022-02/3d-systems-certified-scalmalloy(a)-datasheet-usen-2022-02-23-a-print.pdf,PDF p.1 and footnotes1-5,"ASTM E8 round type4. Config B; heat treatment 325 C/4 h, air cooling. Do not confuse with HIP research route.",False
M074,Scalmalloy,DS350_L60_SR325C_4h_air,elongation,13.1,%,=,Z,not explicitly stated,+/-3; vendor states mean and 95% tolerance interval at 95% confidence,screening_only,DS_SCAL_2022,https://de.3dsystems.com/sites/default/files/2022-02/3d-systems-certified-scalmalloy(a)-datasheet-usen-2022-02-23-a-print.pdf,PDF p.1 and footnotes1-5,"ASTM E8 round type4. Config B; heat treatment 325 C/4 h, air cooling. Do not confuse with HIP research route.",False
M075,Scalmalloy,DS350_SR,theoretical_density,2670,kg/m3,=,unspecified,not stated,not reported,screening_only,DS_SCAL_2022,https://de.3dsystems.com/sites/default/files/2022-02/3d-systems-certified-scalmalloy(a)-datasheet-usen-2022-02-23-a-print.pdf,PDF p.2,Adopted from APWORKS/literature; not measured full-rotor density.,False
M076,Scalmalloy,DS350_L30_SR,relative_density_typical,99.8,%,=,unspecified,not stated,not reported,screening_only,DS_SCAL_2022,https://de.3dsystems.com/sites/default/files/2022-02/3d-systems-certified-scalmalloy(a)-datasheet-usen-2022-02-23-a-print.pdf,PDF p.2,Optical pixel count; specific coupons; geometry dependence.,False
M077,Scalmalloy,DS350_L30_SR,relative_density_lower_reported,99.6,%,>=,unspecified,not stated,95% tolerance interval /95% confidence; specific density coupons,screening_only,DS_SCAL_2022,https://de.3dsystems.com/sites/default/files/2022-02/3d-systems-certified-scalmalloy(a)-datasheet-usen-2022-02-23-a-print.pdf,PDF p.2,,False
M078,Scalmalloy,DS350_L60_SR,relative_density_typical,99.7,%,=,unspecified,not stated,not reported,screening_only,DS_SCAL_2022,https://de.3dsystems.com/sites/default/files/2022-02/3d-systems-certified-scalmalloy(a)-datasheet-usen-2022-02-23-a-print.pdf,PDF p.2,Optical pixel count; specific coupons; geometry dependence.,False
M079,Scalmalloy,DS350_L60_SR,relative_density_lower_reported,99.5,%,>=,unspecified,not stated,95% tolerance interval /95% confidence; specific density coupons,screening_only,DS_SCAL_2022,https://de.3dsystems.com/sites/default/files/2022-02/3d-systems-certified-scalmalloy(a)-datasheet-usen-2022-02-23-a-print.pdf,PDF p.2,,False
M080,Scalmalloy,DS350_SR,thermal_conductivity,95-100,W/(m K),=,unspecified,20,not reported,screening_only,DS_SCAL_2022,https://de.3dsystems.com/sites/default/files/2022-02/3d-systems-certified-scalmalloy(a)-datasheet-usen-2022-02-23-a-print.pdf,PDF p.2 footnotes6-8,"Calculated with Wiedemann-Franz from electrical resistivity, not direct thermal measurement.",False
M081,Scalmalloy,DS350_SR,CTE_interval,2.35e-05,1/K,=,unspecified,20-100,not reported,screening_only,DS_SCAL_2022,https://de.3dsystems.com/sites/default/files/2022-02/3d-systems-certified-scalmalloy(a)-datasheet-usen-2022-02-23-a-print.pdf,PDF p.2,Typical; adopted from APWORKS; no full temperature curve.,False
M082,Scalmalloy,DS350_L30_SR,sidewall_Ra,11,micrometre,=,"vertical side, measured along build",not stated,not reported,screening_only,DS_SCAL_2022,https://de.3dsystems.com/sites/default/files/2022-02/3d-systems-certified-scalmalloy(a)-datasheet-usen-2022-02-23-a-print.pdf,PDF p.2 footnotes11-12,Typical after zirconia blasting at2 bar; not an as-built/downskin prediction or fatigue allowable.,False
M083,Scalmalloy,DS350_L60_SR,sidewall_Ra,13,micrometre,=,"vertical side, measured along build",not stated,not reported,screening_only,DS_SCAL_2022,https://de.3dsystems.com/sites/default/files/2022-02/3d-systems-certified-scalmalloy(a)-datasheet-usen-2022-02-23-a-print.pdf,PDF p.2 footnotes11-12,Typical after zirconia blasting at2 bar; not an as-built/downskin prediction or fatigue allowable.,False
M084,Scalmalloy,DS350_SR,Young_modulus,,GPa,=,unspecified,not stated,not reported,missing,DS_SCAL_2022,https://de.3dsystems.com/sites/default/files/2022-02/3d-systems-certified-scalmalloy(a)-datasheet-usen-2022-02-23-a-print.pdf,PDF pp.1-2; one-based; footnotes 1-12,Selected machine-vendor sheet does not supply this property.,False
M085,Scalmalloy,DS350_SR,Poisson_ratio,,1,=,unspecified,not stated,not reported,missing,DS_SCAL_2022,https://de.3dsystems.com/sites/default/files/2022-02/3d-systems-certified-scalmalloy(a)-datasheet-usen-2022-02-23-a-print.pdf,PDF pp.1-2; one-based; footnotes 1-12,Selected machine-vendor sheet does not supply this property.,False
M086,Scalmalloy,DS350_SR,specific_heat,,J/(kg K),=,unspecified,not stated,not reported,missing,DS_SCAL_2022,https://de.3dsystems.com/sites/default/files/2022-02/3d-systems-certified-scalmalloy(a)-datasheet-usen-2022-02-23-a-print.pdf,PDF pp.1-2; one-based; footnotes 1-12,Selected machine-vendor sheet does not supply this property.,False
M087,Scalmalloy,DS350_SR,fatigue_curve,,MPa versus cycles,=,unspecified,not stated,not reported,missing,DS_SCAL_2022,https://de.3dsystems.com/sites/default/files/2022-02/3d-systems-certified-scalmalloy(a)-datasheet-usen-2022-02-23-a-print.pdf,PDF pp.1-2; one-based; footnotes 1-12,Selected machine-vendor sheet does not supply this property.,False
M088,Scalmalloy,Khan_CLM2_GEN2_HIP,yield_0p2,466,MPa,=,vertical,21,not reported,screening_only,KHAN_SCAL_2025,https://onlinelibrary.wiley.com/doi/10.1111/ffe.14549,"Fig.8 caption; sections2,4.2","Machined, HIP325 C/100 MPa/4h, furnace cooled. Research coupons, not DS350 SR data.",False
M089,Scalmalloy,Khan_CLM2_GEN2_HIP,Young_modulus,80,GPa,=,vertical,21,not reported,screening_only,KHAN_SCAL_2025,https://onlinelibrary.wiley.com/doi/10.1111/ffe.14549,section4.2,Reported corresponding E in crack-growth comparison. Do not transfer to DS350 route without qualification.,False
M090,Scalmalloy,Khan_CLM2_GEN2_HIP,yield_0p2,384,MPa,=,vertical,100,not reported,screening_only,KHAN_SCAL_2025,https://onlinelibrary.wiley.com/doi/10.1111/ffe.14549,"Fig.8 caption; sections2,4.2","Machined, HIP325 C/100 MPa/4h, furnace cooled. Research coupons, not DS350 SR data.",False
M091,Scalmalloy,Khan_CLM2_GEN2_HIP,Young_modulus,75,GPa,=,vertical,100,not reported,screening_only,KHAN_SCAL_2025,https://onlinelibrary.wiley.com/doi/10.1111/ffe.14549,section4.2,Reported corresponding E in crack-growth comparison. Do not transfer to DS350 route without qualification.,False
M092,Scalmalloy,Khan_CLM2_GEN2_HIP,yield_0p2,156,MPa,=,vertical,200,not reported,screening_only,KHAN_SCAL_2025,https://onlinelibrary.wiley.com/doi/10.1111/ffe.14549,"Fig.8 caption; sections2,4.2","Machined, HIP325 C/100 MPa/4h, furnace cooled. Research coupons, not DS350 SR data.",False
M093,Scalmalloy,Khan_CLM2_GEN2_HIP,Young_modulus,61,GPa,=,vertical,200,not reported,screening_only,KHAN_SCAL_2025,https://onlinelibrary.wiley.com/doi/10.1111/ffe.14549,section4.2,Reported corresponding E in crack-growth comparison. Do not transfer to DS350 route without qualification.,False
M094,Scalmalloy,Khan_CLM2_GEN2_HIP,Poisson_ratio,0.34,1,=,unspecified,not stated,not reported,author_assumption,KHAN_SCAL_2025,https://onlinelibrary.wiley.com/doi/10.1111/ffe.14549,section4.2,Explicit assumed constant in research analysis; NOT measured Poisson ratio.,False
M095,Al2139 AM,EOS_M290_L60_T4,yield_0p2,460,MPa,=,Z,"ambient context, numerical test temperature not stated",not reported,screening_only,EOS_AL2139_2023,https://www.eos.info/03_system-related-assets/material-related-contents/metal-materials-and-examples/metal-material-datasheet/aluminium/material_datasheet_eos_aluminium_al2139-am_02-23_en.pdf,PDF p.6 (M290) or p.10 (M400-4),"ISO6892-1 B10; modified AM alloy, not ordinary wrought2139.",False
M096,Al2139 AM,EOS_M290_L60_T4,UTS,520,MPa,=,Z,"ambient context, numerical test temperature not stated",not reported,screening_only,EOS_AL2139_2023,https://www.eos.info/03_system-related-assets/material-related-contents/metal-materials-and-examples/metal-material-datasheet/aluminium/material_datasheet_eos_aluminium_al2139-am_02-23_en.pdf,PDF p.6 (M290) or p.10 (M400-4),"ISO6892-1 B10; modified AM alloy, not ordinary wrought2139.",False
M097,Al2139 AM,EOS_M290_L60_T4,elongation,4,%,=,Z,"ambient context, numerical test temperature not stated",not reported,screening_only,EOS_AL2139_2023,https://www.eos.info/03_system-related-assets/material-related-contents/metal-materials-and-examples/metal-material-datasheet/aluminium/material_datasheet_eos_aluminium_al2139-am_02-23_en.pdf,PDF p.6 (M290) or p.10 (M400-4),"ISO6892-1 B10; modified AM alloy, not ordinary wrought2139.",False
M098,Al2139 AM,EOS_M290_L60_T4,yield_0p2,460,MPa,=,XY,"ambient context, numerical test temperature not stated",not reported,screening_only,EOS_AL2139_2023,https://www.eos.info/03_system-related-assets/material-related-contents/metal-materials-and-examples/metal-material-datasheet/aluminium/material_datasheet_eos_aluminium_al2139-am_02-23_en.pdf,PDF p.6 (M290) or p.10 (M400-4),"ISO6892-1 B10; modified AM alloy, not ordinary wrought2139.",False
M099,Al2139 AM,EOS_M290_L60_T4,UTS,540,MPa,=,XY,"ambient context, numerical test temperature not stated",not reported,screening_only,EOS_AL2139_2023,https://www.eos.info/03_system-related-assets/material-related-contents/metal-materials-and-examples/metal-material-datasheet/aluminium/material_datasheet_eos_aluminium_al2139-am_02-23_en.pdf,PDF p.6 (M290) or p.10 (M400-4),"ISO6892-1 B10; modified AM alloy, not ordinary wrought2139.",False
M100,Al2139 AM,EOS_M290_L60_T4,elongation,6,%,=,XY,"ambient context, numerical test temperature not stated",not reported,screening_only,EOS_AL2139_2023,https://www.eos.info/03_system-related-assets/material-related-contents/metal-materials-and-examples/metal-material-datasheet/aluminium/material_datasheet_eos_aluminium_al2139-am_02-23_en.pdf,PDF p.6 (M290) or p.10 (M400-4),"ISO6892-1 B10; modified AM alloy, not ordinary wrought2139.",False
M101,Al2139 AM,EOS_M290_L60_T4,printed_density,2840,kg/m3,>=,unspecified,not stated,not reported,screening_only,EOS_AL2139_2023,https://www.eos.info/03_system-related-assets/material-related-contents/metal-materials-and-examples/metal-material-datasheet/aluminium/material_datasheet_eos_aluminium_al2139-am_02-23_en.pdf,PDF p.6 or p.10,,False
M102,Al2139 AM,EOS_M4004_L50_T4,yield_0p2,450,MPa,=,Z,"ambient context, numerical test temperature not stated",not reported,screening_only,EOS_AL2139_2023,https://www.eos.info/03_system-related-assets/material-related-contents/metal-materials-and-examples/metal-material-datasheet/aluminium/material_datasheet_eos_aluminium_al2139-am_02-23_en.pdf,PDF p.6 (M290) or p.10 (M400-4),"ISO6892-1 B10; modified AM alloy, not ordinary wrought2139.",False
M103,Al2139 AM,EOS_M4004_L50_T4,UTS,530,MPa,=,Z,"ambient context, numerical test temperature not stated",not reported,screening_only,EOS_AL2139_2023,https://www.eos.info/03_system-related-assets/material-related-contents/metal-materials-and-examples/metal-material-datasheet/aluminium/material_datasheet_eos_aluminium_al2139-am_02-23_en.pdf,PDF p.6 (M290) or p.10 (M400-4),"ISO6892-1 B10; modified AM alloy, not ordinary wrought2139.",False
M104,Al2139 AM,EOS_M4004_L50_T4,elongation,6,%,=,Z,"ambient context, numerical test temperature not stated",not reported,screening_only,EOS_AL2139_2023,https://www.eos.info/03_system-related-assets/material-related-contents/metal-materials-and-examples/metal-material-datasheet/aluminium/material_datasheet_eos_aluminium_al2139-am_02-23_en.pdf,PDF p.6 (M290) or p.10 (M400-4),"ISO6892-1 B10; modified AM alloy, not ordinary wrought2139.",False
M105,Al2139 AM,EOS_M4004_L50_T4,yield_0p2,460,MPa,=,XY,"ambient context, numerical test temperature not stated",not reported,screening_only,EOS_AL2139_2023,https://www.eos.info/03_system-related-assets/material-related-contents/metal-materials-and-examples/metal-material-datasheet/aluminium/material_datasheet_eos_aluminium_al2139-am_02-23_en.pdf,PDF p.6 (M290) or p.10 (M400-4),"ISO6892-1 B10; modified AM alloy, not ordinary wrought2139.",False
M106,Al2139 AM,EOS_M4004_L50_T4,UTS,550,MPa,=,XY,"ambient context, numerical test temperature not stated",not reported,screening_only,EOS_AL2139_2023,https://www.eos.info/03_system-related-assets/material-related-contents/metal-materials-and-examples/metal-material-datasheet/aluminium/material_datasheet_eos_aluminium_al2139-am_02-23_en.pdf,PDF p.6 (M290) or p.10 (M400-4),"ISO6892-1 B10; modified AM alloy, not ordinary wrought2139.",False
M107,Al2139 AM,EOS_M4004_L50_T4,elongation,7,%,=,XY,"ambient context, numerical test temperature not stated",not reported,screening_only,EOS_AL2139_2023,https://www.eos.info/03_system-related-assets/material-related-contents/metal-materials-and-examples/metal-material-datasheet/aluminium/material_datasheet_eos_aluminium_al2139-am_02-23_en.pdf,PDF p.6 (M290) or p.10 (M400-4),"ISO6892-1 B10; modified AM alloy, not ordinary wrought2139.",False
M108,Al2139 AM,EOS_M4004_L50_T4,printed_density,2840,kg/m3,>=,unspecified,not stated,not reported,screening_only,EOS_AL2139_2023,https://www.eos.info/03_system-related-assets/material-related-contents/metal-materials-and-examples/metal-material-datasheet/aluminium/material_datasheet_eos_aluminium_al2139-am_02-23_en.pdf,PDF p.6 or p.10,,False
M109,Al2139 AM,EOS_T4,Young_modulus,,GPa,=,unspecified,not stated,not reported,missing,EOS_AL2139_2023,https://www.eos.info/03_system-related-assets/material-related-contents/metal-materials-and-examples/metal-material-datasheet/aluminium/material_datasheet_eos_aluminium_al2139-am_02-23_en.pdf,"PDF pp.5-7,9-12; one-based",Not supplied in selected datasheet.,False
M110,Al2139 AM,EOS_T4,Poisson_ratio,,1,=,unspecified,not stated,not reported,missing,EOS_AL2139_2023,https://www.eos.info/03_system-related-assets/material-related-contents/metal-materials-and-examples/metal-material-datasheet/aluminium/material_datasheet_eos_aluminium_al2139-am_02-23_en.pdf,"PDF pp.5-7,9-12; one-based",Not supplied in selected datasheet.,False
M111,Al2139 AM,EOS_T4,specific_heat,,J/(kg K),=,unspecified,not stated,not reported,missing,EOS_AL2139_2023,https://www.eos.info/03_system-related-assets/material-related-contents/metal-materials-and-examples/metal-material-datasheet/aluminium/material_datasheet_eos_aluminium_al2139-am_02-23_en.pdf,"PDF pp.5-7,9-12; one-based",Not supplied in selected datasheet.,False
M112,Al2139 AM,EOS_T4,thermal_conductivity,,W/(m K),=,unspecified,not stated,not reported,missing,EOS_AL2139_2023,https://www.eos.info/03_system-related-assets/material-related-contents/metal-materials-and-examples/metal-material-datasheet/aluminium/material_datasheet_eos_aluminium_al2139-am_02-23_en.pdf,"PDF pp.5-7,9-12; one-based",Not supplied in selected datasheet.,False
M113,Al2139 AM,EOS_T4,CTE,,1/K,=,unspecified,not stated,not reported,missing,EOS_AL2139_2023,https://www.eos.info/03_system-related-assets/material-related-contents/metal-materials-and-examples/metal-material-datasheet/aluminium/material_datasheet_eos_aluminium_al2139-am_02-23_en.pdf,"PDF pp.5-7,9-12; one-based",Not supplied in selected datasheet.,False
M114,Al2139 AM,EOS_T4,fatigue_curve,,MPa versus cycles,=,unspecified,not stated,not reported,missing,EOS_AL2139_2023,https://www.eos.info/03_system-related-assets/material-related-contents/metal-materials-and-examples/metal-material-datasheet/aluminium/material_datasheet_eos_aluminium_al2139-am_02-23_en.pdf,"PDF pp.5-7,9-12; one-based",Not supplied in selected datasheet.,False
M115,Al2139 AM,EOS_T4,yield_vs_temperature,,MPa,=,unspecified,not stated,not reported,graph_only,EOS_AL2139_2023,https://www.eos.info/03_system-related-assets/material-related-contents/metal-materials-and-examples/metal-material-datasheet/aluminium/material_datasheet_eos_aluminium_al2139-am_02-23_en.pdf,"PDF pp.7,11",Elevated-temperature yield graph reviewed visually. No exact numerical curve or statistical lower bound transcribed; request source data.,False
M116,Ti6Al4V,EOS_M290_L30_HT800C_2h,printed_density,4400,kg/m3,>=,unspecified,not stated,not reported,screening_only,EOS_TI64_2026,https://www.eos.info/metal-solutions/data-sheets/titanium/pds-eos-titanium-ti64-eos-m-290-30um,Density; mechanical heat treated; footnote 800 C/2 h,,False
M117,Ti6Al4V,EOS_M290_L30_HT800C_2h,yield_0p2,965,MPa,=,Z,room temperature,not reported,screening_only,EOS_TI64_2026,https://www.eos.info/metal-solutions/data-sheets/titanium/pds-eos-titanium-ti64-eos-m-290-30um,Density; mechanical heat treated; footnote 800 C/2 h,"800 C/2h argon; ISO6892-1; comparator only, no selection.",False
M118,Ti6Al4V,EOS_M290_L30_HT800C_2h,UTS,1075,MPa,=,Z,room temperature,not reported,screening_only,EOS_TI64_2026,https://www.eos.info/metal-solutions/data-sheets/titanium/pds-eos-titanium-ti64-eos-m-290-30um,Density; mechanical heat treated; footnote 800 C/2 h,"800 C/2h argon; ISO6892-1; comparator only, no selection.",False
M119,Ti6Al4V,EOS_M290_L30_HT800C_2h,elongation,14,%,=,Z,room temperature,not reported,screening_only,EOS_TI64_2026,https://www.eos.info/metal-solutions/data-sheets/titanium/pds-eos-titanium-ti64-eos-m-290-30um,Density; mechanical heat treated; footnote 800 C/2 h,"800 C/2h argon; ISO6892-1; comparator only, no selection.",False
M120,Ti6Al4V,EOS_M290_L30_HT800C_2h,yield_0p2,945,MPa,=,XY,room temperature,not reported,screening_only,EOS_TI64_2026,https://www.eos.info/metal-solutions/data-sheets/titanium/pds-eos-titanium-ti64-eos-m-290-30um,Density; mechanical heat treated; footnote 800 C/2 h,"800 C/2h argon; ISO6892-1; comparator only, no selection.",False
M121,Ti6Al4V,EOS_M290_L30_HT800C_2h,UTS,1055,MPa,=,XY,room temperature,not reported,screening_only,EOS_TI64_2026,https://www.eos.info/metal-solutions/data-sheets/titanium/pds-eos-titanium-ti64-eos-m-290-30um,Density; mechanical heat treated; footnote 800 C/2 h,"800 C/2h argon; ISO6892-1; comparator only, no selection.",False
M122,Ti6Al4V,EOS_M290_L30_HT800C_2h,elongation,13,%,=,XY,room temperature,not reported,screening_only,EOS_TI64_2026,https://www.eos.info/metal-solutions/data-sheets/titanium/pds-eos-titanium-ti64-eos-m-290-30um,Density; mechanical heat treated; footnote 800 C/2 h,"800 C/2h argon; ISO6892-1; comparator only, no selection.",False
M123,Ti6Al4V,EOS_M290_L30_HT800C_2h,Young_modulus,,GPa,=,unspecified,not stated,not reported,missing,EOS_TI64_2026,https://www.eos.info/metal-solutions/data-sheets/titanium/pds-eos-titanium-ti64-eos-m-290-30um,Density; mechanical heat treated; footnote 800 C/2 h,Not supplied in selected process sheet; cannot import wrought/ELI/EBM properties.,False
M124,Ti6Al4V,EOS_M290_L30_HT800C_2h,Poisson_ratio,,1,=,unspecified,not stated,not reported,missing,EOS_TI64_2026,https://www.eos.info/metal-solutions/data-sheets/titanium/pds-eos-titanium-ti64-eos-m-290-30um,Density; mechanical heat treated; footnote 800 C/2 h,Not supplied in selected process sheet; cannot import wrought/ELI/EBM properties.,False
M125,Ti6Al4V,EOS_M290_L30_HT800C_2h,specific_heat,,J/(kg K),=,unspecified,not stated,not reported,missing,EOS_TI64_2026,https://www.eos.info/metal-solutions/data-sheets/titanium/pds-eos-titanium-ti64-eos-m-290-30um,Density; mechanical heat treated; footnote 800 C/2 h,Not supplied in selected process sheet; cannot import wrought/ELI/EBM properties.,False
M126,Ti6Al4V,EOS_M290_L30_HT800C_2h,thermal_conductivity,,W/(m K),=,unspecified,not stated,not reported,missing,EOS_TI64_2026,https://www.eos.info/metal-solutions/data-sheets/titanium/pds-eos-titanium-ti64-eos-m-290-30um,Density; mechanical heat treated; footnote 800 C/2 h,Not supplied in selected process sheet; cannot import wrought/ELI/EBM properties.,False
M127,Ti6Al4V,EOS_M290_L30_HT800C_2h,CTE,,1/K,=,unspecified,not stated,not reported,missing,EOS_TI64_2026,https://www.eos.info/metal-solutions/data-sheets/titanium/pds-eos-titanium-ti64-eos-m-290-30um,Density; mechanical heat treated; footnote 800 C/2 h,Not supplied in selected process sheet; cannot import wrought/ELI/EBM properties.,False
M128,Ti6Al4V,EOS_M290_L30_HT800C_2h,fatigue_curve,,MPa versus cycles,=,unspecified,not stated,not reported,missing,EOS_TI64_2026,https://www.eos.info/metal-solutions/data-sheets/titanium/pds-eos-titanium-ti64-eos-m-290-30um,Density; mechanical heat treated; footnote 800 C/2 h,Not supplied in selected process sheet; cannot import wrought/ELI/EBM properties.,False
M129,AlSi10Mg,Lehmhus_M290_BP200C_SR350C_2h,yield_0p2,165.94,MPa,=,"vertical, polar0",room temperature,"SD 11.4 MPa; n=3 except250C E n=4, strength n=5",research_different_route,LEHMHUS_ALSI_2022,https://pmc.ncbi.nlm.nih.gov/articles/PMC9612077/,Table A2; section2,Surface as-built; reused SLM-Solutions powder;60um layers; bulk370W/2000mm/s/90um; not commercial EOS35C/T6 route.,False
M130,AlSi10Mg,Lehmhus_M290_BP200C_SR350C_2h,UTS,280.2,MPa,=,"vertical, polar0",room temperature,"SD 0.691 MPa; n=3 except250C E n=4, strength n=5",research_different_route,LEHMHUS_ALSI_2022,https://pmc.ncbi.nlm.nih.gov/articles/PMC9612077/,Table A2; section2,Surface as-built; reused SLM-Solutions powder;60um layers; bulk370W/2000mm/s/90um; not commercial EOS35C/T6 route.,False
M131,AlSi10Mg,Lehmhus_M290_BP200C_SR350C_2h,Young_modulus,71.86,GPa,=,"vertical, polar0",room temperature,"SD 1.32 GPa; n=3 except250C E n=4, strength n=5",research_different_route,LEHMHUS_ALSI_2022,https://pmc.ncbi.nlm.nih.gov/articles/PMC9612077/,Table A2; section2,Surface as-built; reused SLM-Solutions powder;60um layers; bulk370W/2000mm/s/90um; not commercial EOS35C/T6 route.,False
M132,AlSi10Mg,Lehmhus_M290_BP200C_SR350C_2h,yield_0p2,154.98,MPa,=,"vertical, polar0",125,"SD 2.2 MPa; n=3 except250C E n=4, strength n=5",research_different_route,LEHMHUS_ALSI_2022,https://pmc.ncbi.nlm.nih.gov/articles/PMC9612077/,Table A2; section2,Surface as-built; reused SLM-Solutions powder;60um layers; bulk370W/2000mm/s/90um; not commercial EOS35C/T6 route.,False
M133,AlSi10Mg,Lehmhus_M290_BP200C_SR350C_2h,UTS,249.68,MPa,=,"vertical, polar0",125,"SD 3.0 MPa; n=3 except250C E n=4, strength n=5",research_different_route,LEHMHUS_ALSI_2022,https://pmc.ncbi.nlm.nih.gov/articles/PMC9612077/,Table A2; section2,Surface as-built; reused SLM-Solutions powder;60um layers; bulk370W/2000mm/s/90um; not commercial EOS35C/T6 route.,False
M134,AlSi10Mg,Lehmhus_M290_BP200C_SR350C_2h,Young_modulus,70.41,GPa,=,"vertical, polar0",125,"SD 3.14 GPa; n=3 except250C E n=4, strength n=5",research_different_route,LEHMHUS_ALSI_2022,https://pmc.ncbi.nlm.nih.gov/articles/PMC9612077/,Table A2; section2,Surface as-built; reused SLM-Solutions powder;60um layers; bulk370W/2000mm/s/90um; not commercial EOS35C/T6 route.,False
M135,AlSi10Mg,Lehmhus_M290_BP200C_SR350C_2h,yield_0p2,132.95,MPa,=,"vertical, polar0",250,"SD 3.33 MPa; n=3 except250C E n=4, strength n=5",research_different_route,LEHMHUS_ALSI_2022,https://pmc.ncbi.nlm.nih.gov/articles/PMC9612077/,Table A2; section2,Surface as-built; reused SLM-Solutions powder;60um layers; bulk370W/2000mm/s/90um; not commercial EOS35C/T6 route.,False
M136,AlSi10Mg,Lehmhus_M290_BP200C_SR350C_2h,UTS,162.82,MPa,=,"vertical, polar0",250,"SD 9.08 MPa; n=3 except250C E n=4, strength n=5",research_different_route,LEHMHUS_ALSI_2022,https://pmc.ncbi.nlm.nih.gov/articles/PMC9612077/,Table A2; section2,Surface as-built; reused SLM-Solutions powder;60um layers; bulk370W/2000mm/s/90um; not commercial EOS35C/T6 route.,False
M137,AlSi10Mg,Lehmhus_M290_BP200C_SR350C_2h,Young_modulus,55.74,GPa,=,"vertical, polar0",250,"SD 1.39 GPa; n=3 except250C E n=4, strength n=5",research_different_route,LEHMHUS_ALSI_2022,https://pmc.ncbi.nlm.nih.gov/articles/PMC9612077/,Table A2; section2,Surface as-built; reused SLM-Solutions powder;60um layers; bulk370W/2000mm/s/90um; not commercial EOS35C/T6 route.,False
M138,Original993Turbo_rotor,exact_part_alloy_unverified,alloy_grade_temper,,text,=,unspecified,not stated,not reported,missing,PORSCHE_964_MANUAL,https://data.club911.net/divers/964tech/964doc.pdf#page=26,PDF p.26 / printed p.22; Carrera magnesium HOUSING only,No transfer from housing or from unrelated fan families; benchmark only.,False
M139,Original993Turbo_rotor,exact_part_alloy_unverified,printed_or_cast_density,,kg/m3,=,unspecified,not stated,not reported,missing,PORSCHE_964_MANUAL,https://data.club911.net/divers/964tech/964doc.pdf#page=26,PDF p.26 / printed p.22; Carrera magnesium HOUSING only,No transfer from housing or from unrelated fan families; benchmark only.,False
M140,Original993Turbo_rotor,exact_part_alloy_unverified,fatigue_curve,,MPa versus cycles,=,unspecified,not stated,not reported,missing,PORSCHE_964_MANUAL,https://data.club911.net/divers/964tech/964doc.pdf#page=26,PDF p.26 / printed p.22; Carrera magnesium HOUSING only,No transfer from housing or from unrelated fan families; benchmark only.,False
M141,Aftermarket_cast_aluminum,EPS93010601200EPS_benchmark,alloy_grade_temper,,text,=,unspecified,not stated,not reported,missing,EPS_FAN,https://www.epsauto.com/products/alternator-updated-aluminum-fan,93010601200EPS product; cast Al rotor and forged steel hub,No transfer from housing or from unrelated fan families; benchmark only.,False
M142,Aftermarket_cast_aluminum,EPS93010601200EPS_benchmark,printed_or_cast_density,,kg/m3,=,unspecified,not stated,not reported,missing,EPS_FAN,https://www.epsauto.com/products/alternator-updated-aluminum-fan,93010601200EPS product; cast Al rotor and forged steel hub,No transfer from housing or from unrelated fan families; benchmark only.,False
M143,Aftermarket_cast_aluminum,EPS93010601200EPS_benchmark,fatigue_curve,,MPa versus cycles,=,unspecified,not stated,not reported,missing,EPS_FAN,https://www.epsauto.com/products/alternator-updated-aluminum-fan,93010601200EPS product; cast Al rotor and forged steel hub,No transfer from housing or from unrelated fan families; benchmark only.,False
