source_id,title,url,revision,kind,locator,accessed_utc
EOS_ALSI_2026,"EOS AlSi10Mg, EOS M290 / 30 micrometre process data",https://www.eos.info/metal-solutions/data-sheets/aluminium/pds-eos-aluminium-alsi10mg-eos-m-290-30um,Last changed 2026-08-24; page status 2026-10-02,machine-vendor process data,Process information; mechanical properties; fatigue; thermal conductivity; CTE,2026-10-03
EOS_ALSI_2022,EOS AlSi10Mg material/process datasheet,https://www.eos.info/03_system-related-assets/material-related-contents/metal-materials-and-examples/metal-material-datasheet/aluminium/material_datasheet_eos_aluminium-alsi10mg_en_web.pdf,01/2022,machine-vendor historical PDF,"PDF pp.5-8, 36; one-based",2026-10-03
EOS_ALSI_2014,EOS AlSi10Mg archival material datasheet,https://printform.com/wp-content/uploads/2018/09/EOS_Aluminium_AlSi10Mg_en.pdf,05/2014,primary vendor-authored document on third-party mirror,"PDF pp.1,4,5; one-based",2026-10-03
EOS_AL2139_2023,EOS Al2139 AM material/process datasheet,https://www.eos.info/03_system-related-assets/material-related-contents/metal-materials-and-examples/metal-material-datasheet/aluminium/material_datasheet_eos_aluminium_al2139-am_02-23_en.pdf,01/2023,machine-vendor PDF,"PDF pp.5-7,9-12; one-based",2026-10-03
EOS_AL2139_CURRENT,EOS Al2139 AM current material sheet,https://www.eos.info/metal-solutions/metal-materials/data-sheets/mds-eos-aluminium-al2139-am,Page status 2026-09-05,machine-vendor material data,Heat treatment; powder properties; application statement,2026-10-03
DS_SCAL_2022,3D Systems Certified Scalmalloy (A),https://de.3dsystems.com/sites/default/files/2022-02/3d-systems-certified-scalmalloy(a)-datasheet-usen-2022-02-23-a-print.pdf,"PN10123B, 02/2022",machine-vendor PDF,PDF pp.1-2; one-based; footnotes 1-12,2026-10-03
APWORKS_SCAL,APWORKS Scalmalloy,https://www.apworks.de/scalmalloy,Undated; accessed 2026-10-03,alloy-originator product page,Strength; confidence,2026-10-03
KHAN_SCAL_2025,"Khan et al., Temperature-Dependent Tensile and Fatigue Behaviors of LPBF Scalmalloy",https://onlinelibrary.wiley.com/doi/10.1111/ffe.14549,2025-01-09; Fatigue Fract Eng Mater Struct 48:1496-1513,primary experimental research,"Sections 2.1-2.4, Fig.8 caption, section 4.2; DOI 10.1111/ffe.14549",2026-10-03
EOS_ALF357_2026,"EOS AlF357, M290 / 30 micrometre process data",https://www.eos.info/metal-solutions/data-sheets/aluminium/pds-eos-aluminium-alf357-eos-m-290-30um,Page status 2026-09-11,machine-vendor process data,"Chemical/physical, mechanical, thermal and heat treatment sections",2026-10-03
EOS_TI64_2026,"EOS Ti64, M290 / 30 micrometre process data",https://www.eos.info/metal-solutions/data-sheets/titanium/pds-eos-titanium-ti64-eos-m-290-30um,Last changed 2026-08-05; page status 2026-10-02,machine-vendor process data,Density; mechanical heat treated; footnote 800 C/2 h,2026-10-03
LEHMHUS_ALSI_2022,"Lehmhus et al., High-Temperature Mechanical Properties of Stress-Relieved AlSi10Mg",https://pmc.ncbi.nlm.nih.gov/articles/PMC9612077/,2022-10-21; Materials 15(20):7386,primary experimental research,Section 2; Table A2; DOI 10.3390/ma15207386,2026-10-03
VAN_CAUWENBERGH_2021,Unravelling the multi-scale structure-property relationship of LPBF and heat-treated AlSi10Mg,https://www.nature.com/articles/s41598-021-85047-2,2021; Scientific Reports 11:6423,primary experimental research; indexed content read; direct page failed,Results: Elastic tensor; full tensor appendix Table A1; DOI 10.1038/s41598-021-85047-2,2026-10-03
ANSYS_CAL_2025,Ansys LPBF Calibration Guide,https://ansyshelp.ansys.com/public/Views/Secured/corp/v252/en/pdf/LPBF_Calibration_Guide.pdf,2025 R2,solver-vendor manual,"Printed pp.1-3,5-12,21; PDF pages add 6",2026-10-03
ANSYS_CAL_2026,"Ansys LPBF Calibration Guide, Introduction",https://ansyshelp.ansys.com/public/Views/Secured/corp/v261/en/add_lpbf_cal/add_lpbf_cal_intro.html,2026 R1,solver-vendor manual,Chapter 1 calibration modes,2026-10-03
ANSYS_THERMAL_2025,Ansys Additive Print and Science Users Guide,https://ansyshelp.ansys.com/public/Views/Secured/corp/v251/en/pdf/Additive_Print_and_Science_Users_Guide.pdf,2025 R1,solver-vendor manual; indexed extract read,"Printed p.108, sections 6.2 and 6.3",2026-10-03
ZRAPID_280,ZRapid iSLM280 official specifications,https://www.zrapid.com/en/slm280.html,Undated; accessed 2026-10-03,machine-vendor capabilities page,Product specifications; exact inherited model NOT confirmed,2026-10-03
FATIGUE_ALSI_2026,"Surface integrity, heat treatment and in-situ ageing effects on fatigue behaviour of PBF-LB AlSi10Mg",https://www.sciencedirect.com/science/article/pii/S2590123026035863,2026-08-23 pre-proof; DOI 10.1016/j.rineng.2026.112570,primary experimental research; indexed abstract only,Abstract/highlights; direct page 403,2026-10-03
SCAL_FATIGUE_2023,Deformation and fatigue behaviour of additively manufactured Scalmalloy with bimodal microstructure,https://www.sciencedirect.com/science/article/pii/S0142112323000932,2023; International Journal of Fatigue 172:107592,primary research; abstract only,Abstract/highlights; DOI 10.1016/j.ijfatigue.2023.107592,2026-10-03
NIST_THERMAL_2017,Thermal property measurement methods and analysis for AM solids and powders,https://www.nist.gov/publications/thermal-property-measurement-methods-and-analysis-am-solids-and-powders,2017-08-09,primary research methods,Abstract and linked paper,2026-10-03
NIST_ARTIFACT,NIST Additive Manufacturing Test Artifact,https://www.nist.gov/el/intelligent-systems-division-73500/production-systems-group/nist-additive-manufacturing-test,Accessed 2026-10-03,metrology institute guidance,Summary; significance and use,2026-10-03
EPS_FAN,EPS alternator updated aluminum fan,https://www.epsauto.com/products/alternator-updated-aluminum-fan,Directly rechecked2026-10-03,rotor-maker product page,93010601200EPS product; cast Al rotor and forged steel hub,2026-10-03
PORSCHE_964_MANUAL,"Porsche 964 technical training, mirror",https://data.club911.net/divers/964tech/964doc.pdf#page=26,Historical; companion OEM corpus reviewed 2026-10-03,OEM-authored benchmark on mirror,PDF p.26 / printed p.22; Carrera magnesium HOUSING only,2026-10-03
ZRAPID_420DN,ZRapid iSLM420DN official specifications,https://www.zrapid.com/en/slm420dn.html,Undated; accessed2026-10-03,machine-vendor indexed specifications; direct fetch cache miss,Product specifications,2026-10-03
CHEN_ROLLING_2026,Effect of rolling temperature on microstructure and mechanical properties of selective laser melting AlSi10Mg alloy,https://www.sciencedirect.com/science/article/pii/S2352492826011013,Materials Today Communications54(2026)115712; DOI10.1016/j.mtcomm.2026.115712,primary research; title/abstract independently checked; detailed recipe conveyed by local lead,Experimental recipe not independently recovered in this pass; rolled results not transferable,2026-10-03
PROJECT_SCENARIO,Inherited local AlSi10Mg/ZRapid scenario,,Local lead relayed2026-10-03,"project assumptions, not external measured evidence",twins/993-engine-cooling-fan-system-f0/zrapid-print-process.json,2026-10-03
