rpm,thr,pr,p_man_pa,t_man_k,rho_man_kg_m3,ve,m_dot_air_kg_s,m_dot_air_per_turbo_kg_s,flow_anchor_check,m_dot_fuel_kg_s,p_chem_kw,eta_brake,power_kw,torque_nm,bsfc_g_kwh,bmep_bar,t2_actual_k,w_comp_shaft_total_kw,q_intercooler_kw_per_turbo,intercooler_effectiveness,q_cooling_air_kw,q_oil_kw,q_exhaust_kw,fan_mass_flow_kg_s,fan_flow_l_s,cooling_air_dt_k,cooling_air_dt_implied_k,cooling_air_exergy_destroyed_kw,bank_metal_rise_k,oil_flow_required_l_min,oil_flow_available_assumed_l_min,oil_flow_headroom_l_min,oil_pump_shaft_w_assumed,ignition_w,injection_w,starter_w,total_electrical_w,p_accessory_kw,p_trans_loss_kw,p_wheel_kw,driveline_efficiency
1500,0.25,1.01875,103225,303.269,1.18577,0.83,0.0442884,0.0221442,0.14195,0.00301281,132.564,0.186323,24.6996,157.243,439.121,5.48881,305.632,0.11047,0.0111678,0.808745,39.7692,13.2564,72.9101,0.289191,248.361,23.6393,228.058,2.87683,23.6393,14.4,82.1667,67.7667,106.667,66.0345,92.5785,0,158.613,0.55,0.721289,23.3217,0.944211
2000,0.25,1.0375,105125,303.387,1.20712,0.88,0.0637358,0.0318679,0.204282,0.00433577,190.774,0.218586,41.7006,199.106,374.306,6.95009,308.081,0.315882,0.0318838,0.807487,57.2322,19.0774,104.926,0.385588,331.148,25.2787,246.15,4.40508,25.2787,14.4,98,83.6,106.667,72.069,93.7108,0,165.78,0.8,1.22382,39.5701,0.94891
2500,0.25,1.06875,108291,303.585,1.24267,0.915,0.085278,0.042639,0.273327,0.00580123,255.254,0.239888,61.2324,233.89,341.068,8.16431,312.095,0.766594,0.0771782,0.805413,76.5762,25.5254,140.39,0.481984,413.934,26.918,263.477,6.24502,26.918,14.4,113.833,99.4333,106.667,78.1034,94.965,0,173.068,1.05,1.80227,58.2734,0.951677
3000,0.25,1.1,111458,303.783,1.27817,0.95,0.109283,0.0546417,0.350268,0.00743425,327.107,0.25988,85.0085,270.59,314.831,9.44538,316.025,1.41404,0.141999,0.803365,98.1321,32.7107,179.909,0.578381,496.721,28.5574,281.371,8.4484,28.5574,14.4,129.667,115.267,106.667,84.1379,96.3626,0,180.501,1.3,2.50805,81.0937,0.953949
3500,0.25,1.13125,114624,303.981,1.31363,0.97381,0.134318,0.0671591,0.430507,0.00913729,402.041,0.270912,108.918,297.168,302.01,10.3731,319.876,2.25785,0.226164,0.801341,120.612,40.2041,221.123,0.674778,579.508,30.1967,296.424,10.9258,30.1967,14.4,145.5,131.1,106.667,90.1724,97.8202,0,187.993,1.55,3.21783,104.043,0.955246
4000,0.25,1.15972,117509,304.161,1.34589,0.997619,0.161122,0.0805611,0.516418,0.0109607,482.271,0.281108,135.57,323.65,291.056,11.2975,323.319,3.26599,0.326402,0.799518,144.681,48.2271,265.249,0.771175,662.295,31.8361,311.13,13.7501,31.8361,14.4,161.333,146.933,106.667,96.2069,99.3808,0,195.588,1.8,4.00991,129.654,0.956358
4500,0.25,1.17176,118729,304.237,1.35953,0.995263,0.182667,0.0913333,0.58547,0.0124263,546.757,0.283425,154.965,328.846,288.676,11.4789,324.758,3.96672,0.396054,0.798753,164.027,54.6757,300.716,0.867572,745.082,32.7941,313.54,16.012,32.7941,14.4,177.167,162.767,106.667,102.241,100.635,0,202.876,2.28214,4.57728,147.999,0.955047
5000,0.25,1.18206,119772,304.302,1.37118,0.99,0.20362,0.10181,0.652627,0.0138517,609.473,0.27607,168.257,321.348,296.368,11.2172,325.979,4.6716,0.466052,0.798101,182.842,60.9473,335.21,0.963969,827.869,33.6765,314.554,18.2808,33.6765,14.4,193,178.6,106.667,108.276,101.855,0,210.131,2.76429,4.96159,160.425,0.953449
5500,0.25,1.19235,120815,304.367,1.38282,0.965,0.22018,0.11009,0.705704,0.0149782,659.041,0.261463,172.315,299.179,312.925,10.4433,327.192,5.32006,0.530311,0.797452,197.712,65.9041,362.472,1.06037,910.656,34.5588,309.215,20.2325,34.5588,14.4,208.833,194.433,106.667,114.31,102.819,0,217.13,3.24643,5.06884,163.893,0.951125
6000,0.25,1.1975,121337,304.4,1.38864,0.94,0.234958,0.117479,0.753071,0.0159835,703.276,0.249665,175.583,279.449,327.712,9.75462,327.796,5.81975,0.579886,0.797128,210.983,70.3276,386.802,1.15676,993.443,35.2381,302.472,21.9707,35.2381,14.4,224.667,210.267,106.667,120.345,103.68,0,224.024,3.72857,5.15244,166.596,0.948812
6500,0.25,1.1975,121337,304.4,1.38864,0.9025,0.244383,0.122192,0.78328,0.0166247,731.488,0.239047,174.86,256.891,342.268,8.96717,327.796,6.05321,0.603148,0.797128,219.446,73.1488,402.318,1.25316,1076.23,35.7143,290.405,23.1283,35.7143,14.4,240.5,226.1,106.667,126.379,104.228,0,230.608,4.21071,5.11627,165.426,0.94605
1500,0.5,1.0375,105125,303.625,1.20617,0.83,0.0450506,0.0225253,0.144393,0.00306467,134.845,0.186323,25.1247,159.949,439.121,5.58327,308.081,0.223276,0.0450731,0.807487,40.4536,13.4845,74.165,0.289191,248.361,23.6393,231.983,2.92634,23.6393,14.4,82.1667,67.7667,106.667,66.0345,92.6229,0,158.657,0.55,0.734042,23.734,0.944648
2000,0.5,1.075,108924,304.099,1.24782,0.88,0.0658849,0.0329425,0.21117,0.00448197,197.207,0.218586,43.1066,205.819,374.306,7.18444,312.887,0.644741,0.129754,0.805002,59.162,19.7207,108.464,0.385588,331.148,25.2787,254.45,4.55361,25.2787,14.4,98,83.6,106.667,72.069,93.8359,0,165.905,0.8,1.266,40.934,0.949598
2500,0.5,1.1375,115257,304.891,1.31694,0.915,0.0903751,0.0451876,0.289664,0.00614797,270.511,0.239888,64.8922,247.87,341.068,8.6523,320.637,1.58831,0.318035,0.800939,81.1532,27.0511,148.781,0.481984,413.934,26.918,279.226,6.61828,26.918,14.4,113.833,99.4333,106.667,78.1034,95.2618,0,173.365,1.05,1.91207,61.8235,0.95271
3000,0.5,1.2,121590,305.682,1.38571,0.95,0.118478,0.0592389,0.379737,0.00805972,354.627,0.25988,92.1605,293.356,314.831,10.2401,328.089,2.96946,0.591644,0.796971,106.388,35.4627,195.045,0.578381,496.721,28.5574,305.044,9.15919,28.5574,14.4,129.667,115.267,106.667,84.1379,96.898,0,181.036,1.3,2.72261,88.0312,0.955195
3500,0.5,1.2625,127923,306.473,1.45411,0.97381,0.148683,0.0743416,0.476549,0.0101145,445.038,0.270912,120.566,328.949,302.01,11.4825,335.268,4.79929,0.951566,0.793089,133.511,44.5038,244.771,0.674778,579.508,30.1967,328.126,12.0943,30.1967,14.4,145.5,131.1,106.667,90.1724,98.6566,0,188.829,1.55,3.56728,115.342,0.956671
4000,0.5,1.31944,133693,307.194,1.51614,0.997619,0.181503,0.0907515,0.581741,0.0123471,543.275,0.281108,152.719,364.59,291.056,12.7266,341.591,7.01211,1.38423,0.789622,162.982,54.3275,298.801,0.771175,662.295,31.8361,350.486,15.4894,31.8361,14.4,161.333,146.933,106.667,96.2069,100.567,0,196.774,1.8,4.52437,146.288,0.95789
4500,0.5,1.34353,136133,307.498,1.54228,0.995263,0.207222,0.103611,0.664172,0.0140967,620.255,0.283425,175.796,373.051,288.676,13.0219,344.207,8.55048,1.68482,0.788175,186.077,62.0255,341.14,0.867572,745.082,32.7941,355.688,18.1644,32.7941,14.4,177.167,162.767,106.667,102.241,102.065,0,204.306,2.28214,5.20222,168.205,0.956819
5000,0.5,1.36412,138219,307.759,1.56459,0.99,0.232341,0.116171,0.744684,0.0158055,695.443,0.27607,191.991,366.676,296.368,12.7994,346.417,10.1029,1.98762,0.786946,208.633,69.5443,382.494,0.963969,827.869,33.6765,358.924,20.8595,33.6765,14.4,193,178.6,106.667,108.276,103.527,0,211.803,2.76429,5.6736,183.447,0.955495
5500,0.5,1.38471,140305,308.02,1.58686,0.965,0.252667,0.126334,0.809832,0.0171883,756.284,0.261463,197.74,343.323,312.925,11.9842,348.603,11.5419,2.26719,0.785726,226.885,75.6284,415.956,1.06037,910.656,34.5588,354.84,23.2179,34.5588,14.4,208.833,194.433,106.667,114.31,104.711,0,219.021,3.24643,5.8316,188.555,0.953552
6000,0.5,1.395,141348,308.15,1.59798,0.94,0.270378,0.135189,0.866596,0.0183931,809.295,0.249665,202.052,321.577,327.712,11.2251,349.687,12.6455,2.48206,0.785118,242.788,80.9295,445.112,1.15676,993.443,35.2381,348.07,25.2828,35.2381,14.4,224.667,210.267,106.667,120.345,105.742,0,226.087,3.72857,5.94652,192.271,0.951588
6500,0.5,1.395,141348,308.15,1.59798,0.9025,0.281224,0.140612,0.90136,0.0191309,841.76,0.239047,201.22,295.617,342.268,10.319,349.687,13.1528,2.58163,0.785118,252.528,84.176,462.968,1.25316,1076.23,35.7143,334.184,26.615,35.7143,14.4,240.5,226.1,106.667,126.379,106.373,0,232.753,4.21071,5.90708,190.996,0.949188
1500,0.75,1.05625,107025,304.218,1.22558,0.83,0.0457753,0.0228877,0.146716,0.00311397,137.015,0.186323,25.5289,162.522,439.121,5.67309,310.5,0.33811,0.102224,0.80624,41.1044,13.7015,75.358,0.289191,248.361,23.6393,235.715,2.97342,23.6393,14.4,82.1667,67.7667,106.667,66.0345,92.6651,0,158.7,0.55,0.746167,24.1261,0.945049
2000,0.75,1.1125,112724,305.286,1.28633,0.88,0.0679182,0.0339591,0.217686,0.00462028,203.292,0.218586,44.437,212.171,374.306,7.40616,317.575,0.984592,0.29632,0.802553,60.9877,20.3292,111.811,0.385588,331.148,25.2787,262.302,4.69414,25.2787,14.4,98,83.6,106.667,72.069,93.9543,0,166.023,0.8,1.30591,42.2244,0.950209
2500,0.75,1.20625,122223,307.066,1.38664,0.915,0.0951583,0.0475792,0.304995,0.00647336,284.828,0.239888,68.3267,260.989,341.068,9.11023,328.819,2.45479,0.733287,0.796579,85.4483,28.4828,156.655,0.481984,413.934,26.918,294.004,6.96856,26.918,14.4,113.833,99.4333,106.667,78.1034,95.5403,0,173.644,1.05,2.0151,65.155,0.953579
3000,0.75,1.3,131722,308.846,1.4858,0.95,0.127036,0.0635179,0.407166,0.00864189,380.243,0.25988,98.8175,314.546,314.831,10.9797,339.454,4.63503,1.37452,0.790799,114.073,38.0243,209.134,0.578381,496.721,28.5574,327.078,9.82078,28.5574,14.4,129.667,115.267,106.667,84.1379,97.3962,0,181.534,1.3,2.92233,94.4885,0.956192
3500,0.75,1.39375,141222,310.626,1.58382,0.97381,0.161946,0.0809728,0.519056,0.0110167,484.735,0.270912,131.321,358.291,302.01,12.5067,349.556,7.55279,2.2239,0.785192,145.421,48.4735,266.604,0.674778,579.508,30.1967,357.394,13.1731,30.1967,14.4,145.5,131.1,106.667,90.1724,99.4287,0,189.601,1.55,3.88992,125.774,0.957763
4000,0.75,1.47917,149877,312.248,1.67215,0.997619,0.200181,0.10009,0.641605,0.0136177,599.181,0.281108,168.435,402.108,291.056,14.0362,358.345,11.1042,3.24889,0.780219,179.754,59.9181,329.549,0.771175,662.295,31.8361,386.553,17.0833,31.8361,14.4,161.333,146.933,106.667,96.2069,101.655,0,197.862,1.8,4.99584,161.532,0.95902
4500,0.75,1.51529,153537,312.934,1.70924,0.995263,0.229654,0.114827,0.736072,0.0156228,687.401,0.283425,194.827,413.436,288.676,14.4316,361.953,13.572,3.9604,0.778152,206.22,68.7401,378.071,0.867572,745.082,32.7941,394.193,20.1308,32.7941,14.4,177.167,162.767,106.667,102.241,103.371,0,205.612,2.28214,5.77314,186.665,0.958107
5000,0.75,1.54618,156666,313.52,1.74081,0.99,0.258511,0.129255,0.82856,0.0175858,773.774,0.27607,213.616,407.976,296.368,14.241,364.99,16.0661,4.67765,0.776401,232.132,77.3774,425.576,0.963969,827.869,33.6765,399.351,23.209,33.6765,14.4,193,178.6,106.667,108.276,105.051,0,213.327,2.76429,6.32234,204.422,0.956963
5500,0.75,1.57706,159795,314.107,1.77227,0.965,0.28219,0.141095,0.904454,0.0191966,844.649,0.261463,220.844,383.437,312.925,13.3845,367.983,18.3866,5.34129,0.774665,253.395,84.4649,464.557,1.06037,910.656,34.5588,396.3,25.9307,34.5588,14.4,208.833,194.433,106.667,114.31,106.429,0,220.74,3.24643,6.52473,210.966,0.955272
6000,0.75,1.5925,161360,314.4,1.78795,0.94,0.302522,0.151261,0.96962,0.0205797,905.507,0.249665,226.073,359.807,327.712,12.5596,369.464,20.1616,5.8504,0.773802,271.652,90.5507,498.029,1.15676,993.443,35.2381,389.45,28.2885,35.2381,14.4,224.667,210.267,106.667,120.345,107.613,0,227.958,3.72857,6.66714,215.571,0.953544
6500,0.75,1.5925,161360,314.4,1.78795,0.9025,0.314657,0.157329,1.00852,0.0214053,941.831,0.239047,225.142,330.761,342.268,11.5457,369.464,20.9704,6.08509,0.773802,282.549,94.1831,518.007,1.25316,1076.23,35.7143,373.913,29.779,35.7143,14.4,240.5,226.1,106.667,126.379,108.32,0,234.699,4.21071,6.62473,214.2,0.951399
1000,1,1,101325,303.15,1.1644,0.78,0.0272469,0.0136235,0.0873299,0.00227058,99.9054,0.144984,14.4847,138.319,564.324,4.82824,303.15,0,0,0,29.9716,9.99054,54.9479,0.192794,165.574,22,257.81,2.02791,22,14.4,66.3333,51.9333,106.667,60,91.9433,0,151.943,0.3,0.422342,13.6557,0.942767
1250,1,1.0375,105125,304.099,1.20429,0.805,0.0363546,0.0181773,0.116521,0.00302955,133.3,0.167734,22.3589,170.81,487.786,5.96238,308.081,0.180177,0.0727454,0.807487,39.99,13.33,73.315,0.240992,206.967,22.8197,275.189,2.79952,22.8197,14.4,74.25,59.85,106.667,63.0172,92.5929,0,155.61,0.425,0.654818,21.1724,0.946935
1500,1,1.075,108924,305.049,1.24394,0.83,0.046461,0.0232305,0.148914,0.00387175,170.357,0.186323,31.7414,202.072,439.121,7.05364,312.887,0.454661,0.183002,0.805002,51.1071,17.0357,93.6964,0.289191,248.361,23.6393,293.076,3.697,23.6393,14.4,82.1667,67.7667,106.667,66.0345,93.3137,0,159.348,0.55,0.932541,30.1522,0.949933
1750,1,1.1125,112724,305.998,1.28334,0.855,0.0576057,0.0288029,0.184634,0.00480048,211.221,0.202897,42.8562,233.855,403.249,8.16308,317.575,0.835095,0.335104,0.802553,63.3663,21.1221,116.172,0.337389,289.754,24.459,311.466,4.73088,24.459,14.4,90.0833,75.6833,106.667,69.0517,94.1085,0,163.16,0.675,1.26223,40.8123,0.952308
2000,1,1.15,116524,306.947,1.32249,0.88,0.0698275,0.0349138,0.223806,0.00581896,256.034,0.218586,55.9656,267.216,374.306,9.3276,322.151,1.33339,0.533449,0.800139,76.8103,25.6034,140.819,0.385588,331.148,25.2787,330.354,5.91198,25.2787,14.4,98,83.6,106.667,72.069,94.9802,0,167.049,0.8,1.65177,53.4072,0.954286
2250,1,1.2125,122857,308.53,1.38721,0.8975,0.0840392,0.0420196,0.269356,0.00700327,308.144,0.229527,70.7274,300.176,356.464,10.4781,329.546,2.22936,0.887494,0.796188,92.4431,30.8144,169.479,0.433786,372.541,26.0984,353.412,7.32764,26.0984,14.4,105.917,91.5167,106.667,75.0862,95.9938,0,171.08,0.925,2.09087,67.6048,0.955851
2500,1,1.275,129189,310.112,1.45128,0.915,0.099594,0.049797,0.319211,0.0082995,365.178,0.239888,87.6018,334.614,341.068,11.6802,336.673,3.35541,1.32928,0.792323,109.553,36.5178,200.848,0.481984,413.934,26.918,376.943,8.9344,26.918,14.4,113.833,99.4333,106.667,78.1034,97.1032,0,175.207,1.05,2.59335,83.8518,0.957192
2750,1,1.3375,135522,311.694,1.51469,0.9325,0.116527,0.0582635,0.373484,0.00971059,427.266,0.249941,106.791,370.83,327.35,12.9444,343.556,4.73188,1.86563,0.788536,128.18,42.7266,234.996,0.530183,455.328,27.7377,400.937,10.7451,27.7377,14.4,121.75,107.35,106.667,81.1207,98.3109,0,179.432,1.175,3.16529,102.344,0.958358
3000,1,1.4,141855,313.277,1.57746,0.95,0.134873,0.0674365,0.432286,0.0112394,494.535,0.25988,128.519,409.09,314.831,14.2799,350.212,6.3791,2.50323,0.784824,148.36,49.4535,271.994,0.578381,496.721,28.5574,425.389,12.7727,28.5574,14.4,129.667,115.267,106.667,84.1379,99.6193,0,183.757,1.3,3.81338,123.299,0.959383
3250,1,1.4625,148188,314.859,1.6396,0.961905,0.153771,0.0768857,0.492857,0.0128143,563.829,0.265534,149.716,439.902,308.127,15.3555,356.659,8.26929,3.2299,0.78118,169.149,56.3829,310.106,0.62658,538.115,29.377,447.687,14.9434,29.377,14.4,137.583,123.183,106.667,87.1552,100.967,0,188.122,1.425,4.44552,143.739,0.960076
3500,1,1.525,154521,316.441,1.70112,0.97381,0.17394,0.08697,0.5575,0.014495,637.78,0.270912,172.782,471.414,302.01,16.4554,362.912,10.447,4.0618,0.7776,191.334,63.778,350.779,0.674778,579.508,30.1967,470.234,17.3323,30.1967,14.4,145.5,131.1,106.667,90.1724,102.406,0,192.578,1.55,5.13377,165.992,0.960699
3750,1,1.58333,160431,317.918,1.75799,0.985714,0.194949,0.0974743,0.624835,0.0162457,714.811,0.276085,197.349,502.544,296.351,17.5421,368.586,12.8204,4.96349,0.774314,214.443,71.4811,393.146,0.722977,620.902,31.0164,491.893,19.904,31.0164,14.4,153.417,139.017,106.667,93.1897,103.904,0,197.094,1.675,5.86701,189.7,0.961243
4000,1,1.63889,166060,319.324,1.81166,0.997619,0.216881,0.108441,0.695133,0.0180735,795.232,0.281108,223.546,533.677,291.056,18.6289,373.852,15.4106,5.94254,0.77123,238.57,79.5232,437.378,0.771175,662.295,31.8361,513.032,22.6729,31.8361,14.4,161.333,146.933,106.667,96.2069,105.468,0,201.675,1.8,6.64919,214.99,0.961727
4050,1,1.65,167186,319.606,1.82234,1,0.221414,0.110707,0.70966,0.0184512,811.851,0.282099,229.022,540,290.034,18.8496,374.89,15.9635,6.15091,0.770619,243.555,81.1851,446.518,0.780815,670.574,32,517.288,23.2546,32,14.4,162.917,148.517,106.667,96.8103,105.792,0,202.602,1.84821,6.81202,220.255,0.96172
4250,1,1.66647,168855,320.023,1.83813,0.997895,0.233868,0.116934,0.749577,0.019489,857.516,0.282763,242.474,544.812,289.353,19.0175,376.419,17.2209,6.62761,0.769716,257.255,85.7516,471.634,0.819374,703.689,32.3529,520.672,24.8074,32.3529,14.4,169.25,154.85,106.667,99.2241,106.68,0,205.904,2.04107,7.20978,233.116,0.961408
4500,1,1.68706,170941,320.544,1.85781,0.995263,0.249617,0.124808,0.800053,0.0208014,915.261,0.283425,259.408,550.481,288.676,19.2154,378.315,18.8563,7.24641,0.768592,274.578,91.5261,503.393,0.867572,745.082,32.7941,524.86,26.8037,32.7941,14.4,177.167,162.767,106.667,102.241,107.803,0,210.044,2.28214,7.71058,249.309,0.961068
4750,1,1.70765,173027,321.065,1.87743,0.992632,0.265563,0.132781,0.851162,0.0221302,973.73,0.28393,276.472,555.812,288.163,19.4015,380.195,20.5627,7.89066,0.767473,292.119,97.373,535.551,0.91577,786.475,33.2353,529,28.8617,33.2353,14.4,185.083,170.683,106.667,105.259,108.94,0,214.199,2.52321,8.21525,265.626,0.960773
5000,1,1.72824,175113,321.586,1.89699,0.99,0.281703,0.140851,0.902893,0.0234752,1032.91,0.27607,285.155,544.606,296.368,19.0104,382.059,22.3401,8.5603,0.766361,309.873,103.291,568.1,0.963969,827.869,33.6765,533.093,30.9816,33.6765,14.4,193,178.6,106.667,108.276,110.091,0,218.367,2.76429,8.46853,273.816,0.960234
5250,1,1.74882,177200,322.108,1.91648,0.9775,0.295054,0.147527,0.945686,0.0245878,1081.86,0.268587,290.575,528.531,304.624,18.4492,383.908,23.947,9.16276,0.765254,324.559,108.186,595.026,1.01217,869.262,34.1176,531.771,32.8321,34.1176,14.4,200.917,186.517,106.667,111.293,111.044,0,222.337,3.00536,8.62389,278.839,0.959611
5500,1,1.76941,179286,322.629,1.93591,0.965,0.308245,0.154123,0.987965,0.0256871,1130.23,0.261463,295.513,513.081,312.925,17.9099,385.74,25.5853,9.77554,0.764152,339.07,113.023,621.628,1.06037,910.656,34.5588,530.293,34.6981,34.5588,14.4,208.833,194.433,106.667,114.31,111.984,0,226.295,3.24643,8.76481,283.395,0.958994
5750,1,1.79,181372,323.15,1.95528,0.9525,0.321264,0.160632,1.02969,0.026772,1177.97,0.254676,300,498.224,321.264,17.3913,387.558,27.2528,10.3977,0.763055,353.39,117.797,647.882,1.10856,952.049,35,528.66,36.5774,35,14.4,216.75,202.35,106.667,117.328,112.913,0,230.241,3.4875,8.89217,287.514,0.958379
6000,1,1.79,181372,323.15,1.95528,0.94,0.330833,0.165416,1.06036,0.0275694,1213.05,0.249665,302.857,482.011,327.712,16.8254,387.558,28.0645,10.7074,0.763055,363.916,121.305,667.179,1.15676,993.443,35.2381,521.722,37.8964,35.2381,14.4,224.667,210.267,106.667,120.345,113.595,0,233.94,3.72857,8.97064,290.051,0.957716
6250,1,1.79,181372,323.15,1.95528,0.92125,0.337743,0.168872,1.08251,0.0281453,1238.39,0.244819,303.182,463.227,334.199,16.1697,387.558,28.6507,10.931,0.763055,371.518,123.839,681.116,1.20496,1034.84,35.4762,511.316,38.9221,35.4762,14.4,232.583,218.183,106.667,123.362,114.088,0,237.45,3.96964,8.97316,290.132,0.956958
6500,1,1.79,181372,323.15,1.95528,0.9025,0.344104,0.172052,1.1029,0.0286753,1261.71,0.239047,301.609,443.1,342.268,15.4671,387.558,29.1903,11.1369,0.763055,378.514,126.171,693.943,1.25316,1076.23,35.7143,500.909,39.8932,35.7143,14.4,240.5,226.1,106.667,126.379,114.542,0,240.921,4.21071,8.91875,288.373,0.956115
6750,1,1.79,181372,323.15,1.95528,0.88375,0.349915,0.174957,1.12152,0.0291596,1283.02,0.23199,297.649,421.087,352.679,14.6987,387.558,29.6832,11.325,0.763055,384.906,128.302,705.662,1.30136,1117.62,35.9524,490.502,40.8086,35.9524,14.4,248.417,234.017,106.667,129.397,114.956,0,244.353,4.45179,8.7927,284.297,0.955145
6800,1,1.79,181372,323.15,1.95528,0.88,0.351011,0.175506,1.12504,0.0292509,1287.04,0.230628,296.827,416.837,354.763,14.5504,387.558,29.7762,11.3604,0.763055,386.112,128.704,707.872,1.311,1125.9,36,488.421,40.9849,36,14.4,250,235.6,106.667,130,115.035,0,245.035,4.5,8.76662,283.454,0.954946
