layer_index,z_mm,part_area_mm2,part_perimeter_mm,part_component_count,new_island_count,unsupported_area_mm2,support_area_mm2,support_perimeter_mm
0,0.025,0.063146,3.98892172,1,0,0.0,5.75,26.0
1,0.075,0.34902068,7.18296598,1,0,0.07875149,4.25,22.0
2,0.125,0.75915321,9.24830604,1,0,0.04396436,3.25,16.0
3,0.175,1.26338019,10.93730498,1,0,0.03577911,3.25,16.0
4,0.225,1.84589614,12.45449411,1,0,0.03084192,2.75,14.0
5,0.275,2.49612287,13.75769051,1,0,0.02406115,2.25,10.0
6,0.325,3.20920374,14.9839472,1,0,0.02329016,2.25,10.0
7,0.375,3.97765809,16.08986319,1,0,0.0,2.25,10.0
8,0.425,4.79945327,17.16723454,1,0,0.0,2.25,10.0
9,0.475,5.66965893,18.12887864,1,0,0.0,2.25,10.0
10,0.525,6.58586703,19.09052275,1,0,0.0,2.25,10.0
11,0.575,7.54675202,19.97758732,1,0,0.0,2.25,10.0
12,0.625,8.54816887,20.82920545,1,0,0.0,2.25,10.0
13,0.675,9.58981816,21.68082357,1,0,0.0,2.25,10.0
14,0.725,10.67010177,22.46021877,1,0,0.0,2.25,10.0
15,0.775,11.78608492,23.2252284,1,0,0.0,2.25,10.0
16,0.825,12.93770421,23.99023803,1,0,0.0,2.25,10.0
17,0.875,14.12411456,24.70836466,1,0,0.0,2.25,10.0
18,0.925,15.34260627,25.40345893,1,0,0.0,2.25,10.0
19,0.975,16.59297538,26.09855319,1,0,0.0,2.25,10.0
20,1.025,17.87516352,26.78254042,1,0,0.0,2.25,10.0
21,1.075,19.18711194,27.42003328,1,0,0.0,2.25,10.0
22,1.125,20.52779771,28.05752613,1,0,0.0,2.25,10.0
23,1.175,21.89722083,28.69501899,1,0,0.0,2.25,10.0
24,1.225,23.29516105,29.31290854,1,0,0.0,2.25,10.0
25,1.275,24.71963928,29.90213849,1,0,0.0,2.25,10.0
26,1.325,26.17018474,30.49136845,1,0,0.0,2.25,10.0
27,1.375,27.64679745,31.08059841,1,0,0.0,2.25,10.0
28,1.425,29.14936183,31.656838,1,0,0.0,2.25,10.0
29,1.475,30.67622635,32.20504036,1,0,0.0,2.25,10.0
30,1.525,32.22685271,32.75324272,1,0,0.0,2.25,10.0
31,1.575,33.80124089,33.30144508,1,0,0.0,2.25,10.0
32,1.625,35.39939091,33.84964745,1,0,0.0,2.25,10.0
33,1.675,37.0204296,34.36499368,1,0,0.0,2.25,10.0
34,1.725,38.66321855,34.87789022,1,0,0.0,2.25,10.0
35,1.775,40.3277529,35.39078676,1,0,0.0,2.25,10.0
36,1.825,42.01403266,35.9036833,1,0,0.0,2.25,10.0
37,1.875,43.72199978,36.4087459,1,0,0.0,2.25,10.0
38,1.925,45.45042333,36.8909307,1,0,0.0,2.25,10.0
39,1.975,47.19880832,37.3731155,1,0,0.0,2.25,10.0
40,2.025,48.96715477,37.8553003,1,0,0.0,2.25,10.0
41,2.075,50.75546267,38.33748511,1,0,0.0,2.25,10.0
42,2.125,52.56366152,38.81164907,1,0,0.0,2.25,10.0
43,2.175,54.39062114,39.2668661,1,0,0.0,2.25,10.0
44,2.225,56.23594811,39.72208314,1,0,0.0,2.25,10.0
45,2.275,58.09964242,40.17730017,1,0,0.0,2.25,10.0
46,2.325,59.98170408,40.63251721,1,0,0.0,2.25,10.0
47,2.375,61.88212999,41.08616982,1,0,0.0,2.25,10.0
48,2.425,63.80011338,41.51750089,1,0,0.0,2.25,10.0
49,2.475,65.73502651,41.94883196,1,0,0.0,2.25,10.0
50,2.525,67.68686938,42.38016303,1,0,0.0,2.25,10.0
51,2.575,69.655642,42.81149411,1,0,0.0,2.25,10.0
52,2.625,71.64134436,43.24282518,1,0,0.0,2.25,10.0
53,2.675,73.57763574,43.66756879,1,0,0.0,2.25,10.0
54,2.725,75.27430846,44.10412261,1,0,0.0,2.25,10.0
55,2.775,76.84359078,44.5515267,1,0,0.0,2.25,10.0
56,2.825,78.32109601,45.0068462,1,0,0.0,2.25,10.0
57,2.875,79.72517393,45.46893203,1,0,0.0,2.25,10.0
58,2.925,81.06588194,45.93880523,1,0,0.0,2.25,10.0
59,2.975,82.35122115,46.39621153,1,0,0.0,2.25,10.0
60,3.025,83.58704407,46.85701627,1,0,0.0,2.25,10.0
61,3.075,84.77676417,47.3204713,1,0,0.0,2.25,10.0
62,3.125,85.92569296,47.78993677,1,0,0.0,2.25,10.0
63,3.175,87.03570412,48.26075774,1,0,0.0,2.25,10.0
64,3.225,88.11061198,48.73862129,1,0,0.0,2.25,10.0
65,3.275,89.15216656,49.20247432,1,0,0.0,2.25,10.0
66,3.325,90.16109537,49.66940094,1,0,0.0,2.25,10.0
67,3.375,91.14062355,50.13817135,1,0,0.0,2.25,10.0
68,3.425,92.09092009,50.60816434,1,0,0.0,2.25,10.0
69,3.475,93.01456092,51.0849052,1,0,0.0,2.25,10.0
70,3.525,93.91301165,51.56164605,1,0,0.0,2.25,10.0
71,3.575,94.78625822,52.0317819,1,0,0.0,2.25,10.0
72,3.625,95.63534712,52.50058922,1,0,0.0,2.25,10.0
73,3.675,96.45980476,52.96946833,1,0,0.0,2.25,10.0
74,3.725,97.26035166,53.43999327,1,0,0.0,2.25,10.0
75,3.775,98.03923411,53.91648886,1,0,0.0,2.25,10.0
76,3.825,98.7974203,54.39298444,1,0,0.0,2.25,10.0
77,3.875,99.53493757,54.86814942,1,0,0.0,2.25,10.0
78,3.925,100.25232189,55.33699091,1,0,0.0,2.25,10.0
79,3.975,100.95066171,55.806524,1,0,0.0,2.25,10.0
80,4.025,101.62996822,56.2760647,1,0,0.0,2.25,10.0
81,4.075,102.29041569,56.74837799,1,0,0.0,2.25,10.0
82,4.125,102.93370288,57.22513451,1,0,0.0,2.25,10.0
83,4.175,103.56027151,57.70189104,1,0,0.0,2.25,10.0
84,4.225,104.17004777,58.1732707,1,0,0.0,2.25,10.0
85,4.275,104.76277153,58.64131166,1,0,0.0,2.25,10.0
86,4.325,105.33970647,59.11189131,1,0,0.0,2.25,10.0
87,4.375,105.90097551,59.58247096,1,0,0.0,2.25,10.0
88,4.425,106.44657865,60.05305061,1,0,0.0,2.25,10.0
89,4.475,106.97696355,60.52839269,1,0,0.0,2.25,10.0
90,4.525,107.49344213,61.00580792,1,0,0.0,2.25,10.0
91,4.575,107.9959777,61.47703596,1,0,0.0,2.25,10.0
92,4.625,108.4839095,61.94225427,1,0,0.0,2.25,10.0
93,4.675,108.95737593,62.41116741,1,0,0.0,2.25,10.0
94,4.725,109.41756759,62.88309487,1,0,0.0,2.25,10.0
95,4.775,109.86464524,63.35502233,1,0,0.0,2.25,10.0
96,4.825,110.29860889,63.82694979,1,0,0.0,2.25,10.0
97,4.875,110.71949171,64.30026147,1,0,0.0,2.25,10.0
98,4.925,111.1282088,64.77407576,1,0,0.0,2.25,10.0
99,4.975,111.52462278,65.24122985,1,0,0.0,2.25,10.0
100,5.025,111.90859585,65.70838397,1,0,0.0,2.25,10.0
101,5.075,112.28012798,66.17553808,1,0,0.0,2.25,10.0
102,5.125,112.63952845,66.64709471,1,0,0.0,2.25,10.0
103,5.175,112.98774578,67.1206903,1,0,0.0,2.25,10.0
104,5.225,113.32484631,67.59428589,1,0,0.0,2.25,10.0
105,5.275,113.65081231,68.06649841,1,0,0.0,2.25,10.0
106,5.325,113.96513492,68.52954822,1,0,0.0,2.25,10.0
107,5.375,114.26813909,68.99875404,1,0,0.0,2.25,10.0
108,5.425,114.56050048,69.46810975,1,0,0.0,2.25,10.0
109,5.475,114.84221945,69.93746547,1,0,0.0,2.25,10.0
110,5.525,115.11329595,70.4068212,1,0,0.0,2.25,10.0
111,5.575,115.37373529,70.87677714,1,0,0.0,2.25,10.0
112,5.625,115.62419937,71.35235803,1,0,0.0,2.25,10.0
113,5.675,115.86497962,71.82124704,1,0,0.0,2.25,10.0
114,5.725,116.0955133,72.28696291,1,0,0.0,2.25,10.0
115,5.775,116.31574622,72.75267875,1,0,0.0,2.25,10.0
116,5.825,116.52567986,73.2187111,1,0,0.0,2.25,10.0
117,5.875,116.72592823,73.69054463,1,0,0.0,2.25,10.0
118,5.925,116.91699411,74.16237817,1,0,0.0,2.25,10.0
119,5.975,117.09887749,74.63421171,1,0,0.0,2.25,10.0
120,6.025,117.2715771,75.10549305,1,0,0.0,2.25,10.0
121,6.075,117.43470447,75.56804181,1,0,0.0,2.25,10.0
122,6.125,117.58830453,76.03574386,1,0,0.0,2.25,10.0
123,6.175,117.73295955,76.50437395,1,0,0.0,2.25,10.0
124,6.225,117.86865471,76.97300404,1,0,0.0,2.25,10.0
125,6.275,117.99539004,77.44163412,1,0,0.0,2.25,10.0
126,6.325,118.11316555,77.9102642,1,0,0.0,2.25,10.0
127,6.375,118.22210454,78.3818839,1,0,0.0,2.25,10.0
128,6.425,118.3229184,78.85394731,1,0,0.0,2.25,10.0
129,6.475,118.41525508,79.31980906,1,0,0.0,2.25,10.0
130,6.525,118.49894538,79.7856708,1,0,0.0,2.25,10.0
131,6.575,118.57398923,80.25153254,1,0,0.0,2.25,10.0
132,6.625,118.64038611,80.71745322,1,0,0.0,2.25,10.0
133,6.675,118.69854251,81.18927893,1,0,0.0,2.25,10.0
134,6.725,118.74886173,81.66110465,1,0,0.0,2.25,10.0
135,6.775,118.79134379,82.13293038,1,0,0.0,2.25,10.0
136,6.825,118.82594061,82.60157685,1,0,0.0,2.25,10.0
137,6.875,118.85217256,83.0651323,1,0,0.0,2.25,10.0
138,6.925,118.86998274,83.53097113,1,0,0.0,2.25,10.0
139,6.975,118.88002349,84.0004181,1,0,0.0,2.25,10.0
140,7.025,118.88246071,84.46986507,1,0,0.0,2.25,10.0
141,7.075,118.87729442,84.93931205,1,0,0.0,2.25,10.0
142,7.125,118.86452461,85.40875902,1,0,0.0,2.25,10.0
143,7.175,118.84414393,85.87821452,1,0,0.0,2.25,10.0
144,7.225,118.81623188,86.34869819,1,0,0.0,2.25,10.0
145,7.275,118.78089108,86.8161974,1,0,0.0,2.25,10.0
146,7.325,118.73803858,87.28369661,1,0,0.0,2.25,10.0
147,7.375,118.68760782,87.75120333,1,0,0.0,2.25,10.0
148,7.425,118.62753079,88.21876748,1,0,0.0,2.25,10.0
149,7.475,118.36886548,88.67704441,1,0,0.0,2.25,10.0
150,7.525,117.93693239,89.13262667,1,0,0.0,2.25,10.0
151,7.575,117.39211941,89.58496988,1,0,0.0,2.25,10.0
152,7.625,116.7561074,90.03179976,1,0,0.0,2.25,10.0
153,7.675,116.03859085,90.46857226,1,0,0.0,2.25,10.0
154,7.725,115.24955727,90.90403302,1,0,0.0,2.25,10.0
155,7.775,114.39348791,91.33459021,1,0,0.0,2.25,10.0
156,7.825,113.47661047,91.76941093,1,0,0.0,2.25,10.0
157,7.875,112.50133793,92.20147845,1,0,0.0,2.25,10.0
158,7.925,111.47316111,92.63197509,1,0,0.0,2.25,10.0
159,7.975,110.39252891,93.06147534,1,0,0.0,2.25,10.0
160,8.025,109.2631978,93.486598,1,0,0.0,2.25,10.0
161,8.075,108.08680443,93.90487667,1,0,0.0,2.25,10.0
162,8.125,106.86351445,94.32555718,1,0,0.0,2.25,10.0
163,8.175,105.59729294,94.74415587,1,0,0.0,2.25,10.0
164,8.225,104.28922029,95.16275456,1,0,0.0,2.25,10.0
165,8.275,102.93935613,95.58041636,1,0,0.0,2.25,10.0
166,8.325,101.59156137,92.94299418,2,0,0.0,2.25,10.0
167,8.375,100.48872489,89.93691515,2,0,0.0,2.25,10.0
168,8.425,99.51675902,88.23869389,2,0,0.0,2.25,10.0
169,8.475,98.63050681,86.96757385,2,0,0.0,2.25,10.0
170,8.525,97.81093483,85.88893581,2,0,0.0,2.25,10.0
171,8.575,97.0434838,84.97123737,2,0,0.0,2.25,10.0
172,8.625,96.32161274,84.1931273,2,0,0.0,2.25,10.0
173,8.675,95.63718784,83.4644116,2,0,0.0,2.25,10.0
174,8.725,94.9888319,82.8373643,2,0,0.0,2.25,10.0
175,8.775,94.37012451,82.25491788,2,0,0.0,2.25,10.0
176,8.825,93.78019195,81.71461415,2,0,0.0,2.25,10.0
177,8.875,93.21439187,81.2333028,2,0,0.0,2.25,10.0
178,8.925,92.67250515,80.74600105,2,0,0.0,2.25,10.0
179,8.975,92.15250143,80.32411564,2,0,0.0,2.25,10.0
180,9.025,91.65033175,79.92097546,2,0,0.0,2.25,10.0
181,9.075,91.16642618,79.52090376,2,0,0.0,2.25,10.0
182,9.125,90.70066552,79.17691824,2,0,0.0,2.25,10.0
183,9.175,90.25045125,78.84097041,2,0,0.0,2.25,10.0
184,9.225,89.81574865,78.50502257,2,0,0.0,2.25,10.0
185,9.275,89.39560962,78.20671461,2,0,0.0,2.25,10.0
186,9.325,88.9875483,77.91700567,2,0,0.0,2.25,10.0
187,9.375,88.5923966,77.62928612,2,0,0.0,2.25,10.0
188,9.425,88.21055301,77.35251385,2,0,0.0,2.25,10.0
189,9.475,87.83977619,77.11172609,2,0,0.0,2.25,10.0
190,9.525,87.47901202,76.87093833,2,0,0.0,2.25,10.0
191,9.575,87.12876797,76.62620161,2,0,0.0,2.25,10.0
192,9.625,86.78974003,76.3980788,2,0,0.0,2.25,10.0
193,9.675,86.45974173,76.1932896,2,0,0.0,2.25,10.0
194,9.725,86.1387496,75.99076434,2,0,0.0,2.25,10.0
195,9.775,85.82655407,75.78363603,2,0,0.0,2.25,10.0
196,9.825,85.52305211,75.58788551,2,0,0.0,2.25,10.0
197,9.875,85.22743109,75.40882578,2,0,0.0,2.25,10.0
198,9.925,84.93941168,75.22976605,2,0,0.0,2.25,10.0
199,9.975,84.65899385,75.05070632,2,0,0.0,2.25,10.0
200,10.025,84.38645447,74.88163508,2,0,0.0,2.25,10.0
201,10.075,84.12068488,74.73687724,2,0,0.0,2.25,10.0
202,10.125,83.86156303,74.58766058,2,0,0.0,2.25,10.0
203,10.175,83.60951366,74.43438788,2,0,0.0,2.25,10.0
204,10.225,83.36412373,74.27929569,2,0,0.0,2.25,10.0
205,10.275,83.12501177,74.13880212,2,0,0.0,2.25,10.0
206,10.325,82.8908804,74.01195011,2,0,0.0,2.25,10.0
207,10.375,82.66206273,73.88656797,2,0,0.0,2.25,10.0
208,10.425,82.43948133,73.75793417,2,0,0.0,2.25,10.0
209,10.475,82.22341301,73.62930038,2,0,0.0,2.25,10.0
210,10.525,82.01328327,73.51779106,2,0,0.0,2.25,10.0
211,10.575,81.80783454,73.41032757,2,0,0.0,2.25,10.0
212,10.625,81.60668332,73.29827194,2,0,0.0,2.25,10.0
213,10.675,81.41001003,73.19076226,2,0,0.0,2.25,10.0
214,10.725,81.21887133,73.08000827,2,0,0.0,2.25,10.0
215,10.775,81.03309335,72.98355592,2,0,0.0,2.25,10.0
216,10.825,80.85157349,72.89223424,2,0,0.0,2.25,10.0
217,10.875,80.67432857,72.80093494,2,0,0.0,2.25,10.0
218,10.925,80.50135747,72.70964129,2,0,0.0,2.25,10.0
219,10.975,80.332757,72.62197252,2,0,0.0,2.25,10.0
220,11.025,80.16928161,72.53742796,2,0,0.0,2.25,10.0
221,11.075,80.00983489,72.45984733,2,0,0.0,2.25,10.0
222,11.125,79.85412625,72.3822667,2,0,0.0,2.25,10.0
223,11.175,79.70215567,72.30468607,2,0,0.0,2.25,10.0
224,11.225,79.55392316,72.22710545,2,0,0.0,2.25,10.0
225,11.275,79.40943435,72.15045605,2,0,0.0,2.25,10.0
226,11.325,79.26864683,72.09155296,2,0,0.0,2.25,10.0
227,11.375,79.13175479,72.03170535,2,0,0.0,2.25,10.0
228,11.425,78.9988322,71.97186058,2,0,0.0,2.25,10.0
229,11.475,78.86967615,71.90676023,2,0,0.0,2.25,10.0
230,11.525,78.74402977,71.84152812,2,0,0.0,2.25,10.0
231,11.575,78.62183742,71.77928103,2,0,0.0,2.25,10.0
232,11.625,78.50233761,71.73301721,2,0,0.0,2.25,10.0
233,11.675,78.38589006,71.68465216,2,0,0.0,2.25,10.0
234,11.725,78.27304034,71.63588242,2,0,0.0,2.25,10.0
235,11.775,78.1637918,71.58711267,2,0,0.0,2.25,10.0
236,11.825,78.05814443,71.53834292,2,0,0.0,2.25,10.0
237,11.875,77.95600544,71.49079872,2,0,0.0,2.25,10.0
238,11.925,77.85618755,71.45157014,2,0,0.0,2.25,10.0
239,11.975,77.75871199,71.41754134,2,0,0.0,2.25,10.0
240,12.025,77.66417323,71.37892241,2,0,0.0,2.25,10.0
241,12.075,77.57298612,71.34030964,2,0,0.0,2.25,10.0
242,12.125,77.48522248,71.30170917,2,0,0.0,2.25,10.0
243,12.175,77.40089489,71.2646231,2,0,0.0,2.25,10.0
244,12.225,77.31929291,71.23779488,2,0,0.0,2.25,10.0
245,12.275,77.24017211,71.21757378,2,0,0.0,2.25,10.0
246,12.325,77.16362852,71.19350771,2,0,0.0,2.25,10.0
247,12.375,77.08967237,71.16469426,2,0,0.0,2.25,10.0
248,12.425,77.01876004,71.13551196,2,0,0.0,2.25,10.0
249,12.475,76.95089405,71.10632965,2,0,0.0,2.25,10.0
250,12.525,76.88576366,71.08577962,2,0,0.0,2.25,10.0
251,12.575,76.82280882,71.07164901,2,0,0.0,2.25,10.0
252,12.625,76.7624574,71.06104686,2,0,0.0,2.25,10.0
253,12.675,76.70477168,71.0504447,2,0,0.0,2.25,10.0
254,12.725,76.64985041,71.03460659,2,0,0.0,2.25,10.0
255,12.775,76.59785468,71.01428628,2,0,0.0,2.25,10.0
256,12.825,76.54875801,70.99679673,2,0,0.0,2.25,10.0
257,12.875,76.50186767,70.98857531,2,0,0.0,2.25,10.0
258,12.925,76.45728866,70.9863235,2,0,0.0,2.25,10.0
259,12.975,76.41516814,70.98407168,2,0,0.0,2.25,10.0
260,13.025,76.3755061,70.98181987,2,0,0.0,2.25,10.0
261,13.075,76.33831498,70.97870436,2,0,0.0,2.25,10.0
262,13.125,76.30406811,70.97159519,2,0,0.0,2.25,10.0
263,13.175,76.27253603,70.96560561,2,0,0.0,2.25,10.0
264,13.225,76.24313342,70.97138736,2,0,0.0,2.25,10.0
265,13.275,76.2160709,70.97716912,2,0,0.0,2.25,10.0
266,13.325,76.19134848,70.98295088,2,0,0.0,2.25,10.0
267,13.375,76.16896618,70.98873263,2,0,0.0,2.25,10.0
268,13.425,76.14892398,70.99451439,2,0,0.0,2.25,10.0
269,13.475,76.13137341,70.9976511,2,0,0.0,2.25,10.0
270,13.525,76.11686204,71.01319948,2,0,0.0,2.25,10.0
271,13.575,76.10500937,71.02829755,2,0,0.0,2.25,10.0
272,13.625,76.09534937,71.04194279,2,0,0.0,2.25,10.0
273,13.675,76.0878557,71.05558803,2,0,0.0,2.25,10.0
274,13.725,76.08252837,71.06923328,2,0,0.0,2.25,10.0
275,13.775,76.07936739,71.08287852,2,0,0.0,2.25,10.0
276,13.825,76.07859719,71.10429994,2,0,0.0,2.25,10.0
277,13.875,76.08060627,71.12957351,2,0,0.0,2.25,10.0
278,13.925,76.08531517,71.15582761,2,0,0.0,2.25,10.0
279,13.975,76.09265062,71.17985902,2,0,0.0,2.25,10.0
280,14.025,76.10215195,71.20126488,2,0,0.0,2.25,10.0
281,14.075,76.11372889,71.22267074,2,0,0.0,2.25,10.0
282,14.125,76.12761915,71.25264184,2,0,0.0,2.25,10.0
283,14.175,76.14420633,71.28378872,2,0,0.0,2.25,10.0
284,14.225,76.16337429,71.3197279,2,0,0.0,2.25,10.0
285,14.275,76.1847676,71.3542351,2,0,0.0,2.25,10.0
286,14.325,76.20871794,71.38822916,2,0,0.0,2.25,10.0
287,14.375,76.23519833,71.42094766,2,0,0.0,2.25,10.0
288,14.425,76.26410338,71.4604237,2,0,0.0,2.25,10.0
289,14.475,76.29560177,71.49989975,2,0,0.0,2.25,10.0
290,14.525,76.32969352,71.53937579,2,0,0.0,2.25,10.0
291,14.575,76.3663294,71.58150914,2,0,0.0,2.25,10.0
292,14.625,76.40498592,71.62814121,2,0,0.0,2.25,10.0
293,14.675,76.44578062,71.67367754,2,0,0.0,2.25,10.0
294,14.725,76.48956375,71.72642624,2,0,0.0,2.25,10.0
295,14.775,76.53648671,71.77784253,2,0,0.0,2.25,10.0
296,14.825,76.58609192,71.82584203,2,0,0.0,2.25,10.0
297,14.875,76.63818834,71.87384923,2,0,0.0,2.25,10.0
298,14.925,76.69278766,71.92186684,2,0,0.0,2.25,10.0
299,14.975,76.74971484,71.98422406,2,0,0.0,2.25,10.0
300,15.025,76.80910369,72.05060015,2,0,0.0,2.25,10.0
301,15.075,76.87115329,72.11351468,2,0,0.0,2.25,10.0
302,15.125,76.93629716,72.17504254,2,0,0.0,2.25,10.0
303,15.175,77.00451347,72.23480746,2,0,0.0,2.25,10.0
304,15.225,77.07531764,72.29366673,2,0,0.0,2.25,10.0
305,15.275,77.1490295,72.36289659,2,0,0.0,2.25,10.0
306,15.325,77.22580682,72.43545622,2,0,0.0,2.25,10.0
307,15.375,77.30515336,72.51109695,2,0,0.0,2.25,10.0
308,15.425,77.38699267,72.58673768,2,0,0.0,2.25,10.0
309,15.475,77.47138165,72.66008582,2,0,0.0,2.25,10.0
310,15.525,77.55900445,72.7416755,2,0,0.0,2.25,10.0
311,15.575,77.65031956,72.82289375,2,0,0.0,2.25,10.0
312,15.625,77.74482391,72.90226113,2,0,0.0,2.25,10.0
313,15.675,77.84248266,72.98163802,2,0,0.0,2.25,10.0
314,15.725,77.94302396,73.06679304,2,0,0.0,2.25,10.0
315,15.775,78.04620664,73.16106605,2,0,0.0,2.25,10.0
316,15.825,78.15260664,73.26089865,2,0,0.0,2.25,10.0
317,15.875,78.2622879,73.36005664,2,0,0.0,2.25,10.0
318,15.925,78.37561464,73.45490322,2,0,0.0,2.25,10.0
319,15.975,78.49245248,73.54513564,2,0,0.0,2.25,10.0
320,16.025,78.61256687,73.6441523,2,0,0.0,2.25,10.0
321,16.075,78.73656008,73.75163051,2,0,0.0,2.25,10.0
322,16.125,78.86404761,73.86318277,2,0,0.0,2.25,10.0
323,16.175,78.99487552,73.97473505,2,0,0.0,2.25,10.0
324,16.225,79.12904382,74.08628732,2,0,0.0,2.25,10.0
325,16.275,79.26676179,74.20950819,2,0,0.0,2.25,10.0
326,16.325,79.40870611,74.33182906,2,0,0.0,2.25,10.0
327,16.375,79.55475438,74.45059239,2,0,0.0,2.25,10.0
328,16.425,79.70485447,74.56936241,2,0,0.0,2.25,10.0
329,16.475,79.85894218,74.69136447,2,0,0.0,2.25,10.0
330,16.525,80.01699155,74.83387521,2,0,0.0,2.25,10.0
331,16.575,80.17944768,74.9767307,2,0,0.0,2.25,10.0
332,16.625,80.34631009,75.11958827,2,0,0.0,2.25,10.0
333,16.675,80.51753276,75.26128162,2,0,0.0,2.25,10.0
334,16.725,80.69267946,75.40741217,2,0,0.0,2.25,10.0
335,16.775,80.87268621,75.56086451,2,0,0.0,2.25,10.0
336,16.825,81.05786164,75.71431684,2,0,0.0,2.25,10.0
337,16.875,81.24801205,75.87207674,2,0,0.0,2.25,10.0
338,16.925,81.44275635,76.03343877,2,0,0.0,2.25,10.0
339,16.975,81.64276509,76.2148243,2,0,0.0,2.25,10.0
340,17.025,81.84847268,76.3954789,2,0,0.0,2.25,10.0
341,17.075,82.05934503,76.57220108,2,0,0.0,2.25,10.0
342,17.125,82.27508172,76.74892326,2,0,0.0,2.25,10.0
343,17.175,82.4964101,76.94613793,2,0,0.0,2.25,10.0
344,17.225,82.7243874,77.14283033,2,0,0.0,2.25,10.0
345,17.275,82.95872372,77.34458879,2,0,0.0,2.25,10.0
346,17.325,83.19909095,77.54703709,2,0,0.0,2.25,10.0
347,17.375,83.44617082,77.77597321,2,0,0.0,2.25,10.0
348,17.425,83.69999409,78.00144519,2,0,0.0,2.25,10.0
349,17.475,83.96031472,78.22691717,2,0,0.0,2.25,10.0
350,17.525,84.2271929,78.46152444,2,0,0.0,2.25,10.0
351,17.575,84.50168795,78.71807405,2,0,0.0,2.25,10.0
352,17.625,84.78454731,78.97098968,2,0,0.0,2.25,10.0
353,17.675,85.07559637,79.22813539,2,0,0.0,2.25,10.0
354,17.725,85.37494462,79.51050827,2,0,0.0,2.25,10.0
355,17.775,85.68302708,79.79974457,2,0,0.0,2.25,10.0
356,17.825,85.99980482,80.08898087,2,0,0.0,2.25,10.0
357,17.875,86.32547202,80.39740437,2,0,0.0,2.25,10.0
358,17.925,86.66145653,80.72919253,2,0,0.0,2.25,10.0
359,17.975,87.00807656,81.06099216,2,0,0.0,2.25,10.0
360,18.025,87.36559193,81.4084451,2,0,0.0,2.25,10.0
361,18.075,87.73500642,81.78456391,2,0,0.0,2.25,10.0
362,18.125,88.1162254,82.16068273,2,0,0.0,2.25,10.0
363,18.175,88.50958404,82.56709749,2,0,0.0,2.25,10.0
364,18.225,88.9169962,83.00245104,2,0,0.0,2.25,10.0
365,18.275,89.33876481,83.43780458,2,0,0.0,2.25,10.0
366,18.325,89.77611674,83.93678057,2,0,0.0,2.25,10.0
367,18.375,90.23050698,84.43964458,2,0,0.0,2.25,10.0
368,18.425,90.70169846,84.98785825,2,0,0.0,2.25,10.0
369,18.475,91.19239261,85.57727276,2,0,0.0,2.25,10.0
370,18.525,91.70351035,86.20679591,2,0,0.0,2.25,10.0
371,18.575,92.2385038,86.90798016,2,0,0.0,2.25,10.0
372,18.625,92.79897885,87.67615038,2,0,0.0,2.25,10.0
373,18.675,93.38903481,88.51935025,2,0,0.0,2.25,10.0
374,18.725,94.01151275,89.52220918,2,0,0.0,2.25,10.0
375,18.775,94.67280755,90.67944259,2,0,0.02024471,1.75,8.0
376,18.825,95.38230814,92.12435143,2,0,0.02566284,1.25,6.0
377,18.875,96.15649675,94.19444562,2,0,0.03626495,0.75,4.0
378,18.925,97.05360716,98.41791594,1,0,0.07925999,0.0,0.0
379,18.975,98.03149384,98.16061815,1,0,0.0,0.0,0.0
380,19.025,98.99494182,97.90332861,1,0,0.0,0.0,0.0
381,19.075,99.94392682,97.6460433,1,0,0.0,0.0,0.0
382,19.125,100.8784469,97.388758,1,0,0.0,0.0,0.0
383,19.175,101.79850207,97.1314727,1,0,0.0,0.0,0.0
384,19.225,102.70370247,96.87427125,1,0,0.0,0.0,0.0
385,19.275,103.59258768,96.61647615,1,0,0.0,0.0,0.0
386,19.325,104.46526332,96.35300081,1,0,0.0,0.0,0.0
387,19.375,105.32204222,96.08913285,1,0,0.0,0.0,0.0
388,19.425,106.16289843,95.82527037,1,0,0.0,0.0,0.0
389,19.475,106.9877456,95.55961354,1,0,0.0,0.0,0.0
390,19.525,107.79544204,95.29084821,1,0,0.0,0.0,0.0
391,19.575,108.58566885,95.02208288,1,0,0.0,0.0,0.0
392,19.625,109.35819485,94.75700835,1,0,0.0,0.0,0.0
393,19.675,110.11264411,94.49248248,1,0,0.0,0.0,0.0
394,19.725,110.84888116,94.2232873,1,0,0.0,0.0,0.0
395,19.775,111.56600205,93.94750117,1,0,0.0,0.0,0.0
396,19.825,112.26379277,93.67171503,1,0,0.0,0.0,0.0
397,19.875,112.94225333,93.3959289,1,0,0.0,0.0,0.0
398,19.925,113.60138229,93.1201461,1,0,0.0,0.0,0.0
399,19.975,114.24059844,92.8410933,1,0,0.0,0.0,0.0
400,20.025,114.85815709,92.56444317,1,0,0.0,0.0,0.0
401,20.075,115.45376046,92.28779304,1,0,0.0,0.0,0.0
402,20.125,116.02740848,92.01114354,1,0,0.0,0.0,0.0
403,20.175,116.57918922,91.72651416,1,0,0.0,0.0,0.0
404,20.225,117.10774586,91.43826403,1,0,0.0,0.0,0.0
405,20.275,117.6125983,91.1500139,1,0,0.0,0.0,0.0
406,20.325,118.09369979,90.86177694,1,0,0.0,0.0,0.0
407,20.375,118.55084292,90.57375044,1,0,0.0,0.0,0.0
408,20.425,118.98163794,90.28443092,1,0,0.0,0.0,0.0
409,20.475,119.38492907,89.99512579,1,0,0.0,0.0,0.0
410,20.525,119.76124676,89.70582544,1,0,0.0,0.0,0.0
411,20.575,120.11045698,89.41035594,1,0,0.0,0.0,0.0
412,20.625,120.43064866,89.10903636,1,0,0.0,0.0,0.0
413,20.675,120.72144534,88.80771679,1,0,0.0,0.0,0.0
414,20.725,120.98284704,88.50639722,1,0,0.0,0.0,0.0
415,20.775,121.21284441,88.20275117,1,0,0.0,0.0,0.0
416,20.825,121.40914146,87.90014604,1,0,0.0,0.0,0.0
417,20.875,121.57171832,87.59754314,1,0,0.0,0.0,0.0
418,20.925,121.69901656,87.29053115,1,0,0.0,0.0,0.0
419,20.975,121.78812028,86.98111142,1,0,0.0,0.0,0.0
420,21.025,121.83936517,86.66607621,1,0,0.0,0.0,0.0
421,21.075,121.85012755,86.34573674,1,0,0.0,0.0,0.0
422,21.125,121.81744049,86.02595247,1,0,0.0,0.0,0.0
423,21.175,121.74009207,85.70689981,1,0,0.0,0.0,0.0
424,21.225,121.61225745,85.38495497,1,0,0.0,0.0,0.0
425,21.275,121.43249052,85.06150518,1,0,0.0,0.0,0.0
426,21.325,121.19370179,84.734085,1,0,0.0,0.0,0.0
427,21.375,120.89197789,84.40437997,1,0,0.0,0.0,0.0
428,21.425,120.51679591,84.06423108,1,0,0.0,0.0,0.0
429,21.475,120.05701672,83.71889816,1,0,0.0,0.0,0.0
430,21.525,119.48890751,83.37166423,1,0,0.0,0.0,0.0
431,21.575,118.73181839,83.01687202,1,0,0.0,0.0,0.0
432,21.625,117.83461849,82.65514336,1,0,0.0,0.0,0.0
433,21.675,116.93942694,82.29341469,1,0,0.0,0.0,0.0
434,21.725,116.04624375,81.93168602,1,0,0.0,0.0,0.0
435,21.775,115.15506891,81.56995735,1,0,0.0,0.0,0.0
436,21.825,114.26611514,81.20179209,1,0,0.0,0.0,0.0
437,21.875,113.37976092,80.83338214,1,0,0.0,0.0,0.0
438,21.925,112.49555767,80.46757823,1,0,0.0,0.0,0.0
439,21.975,111.61335175,80.10177432,1,0,0.0,0.0,0.0
440,22.025,110.73314314,79.73597041,1,0,0.0,0.0,0.0
441,22.075,109.85493185,79.37016651,1,0,0.0,0.0,0.0
442,22.125,108.97871788,79.0043626,1,0,0.0,0.0,0.0
443,22.175,108.10450123,78.6385587,1,0,0.0,0.0,0.0
444,22.225,107.23248569,78.266429,1,0,0.0,0.0,0.0
445,22.275,106.36279673,77.89609842,1,0,0.0,0.0,0.0
446,22.325,105.49517972,77.52576784,1,0,0.0,0.0,0.0
447,22.375,104.62963466,77.15543725,1,0,0.0,0.0,0.0
448,22.425,103.76616156,76.78510667,1,0,0.0,0.0,0.0
449,22.475,102.90476041,76.41477609,1,0,0.0,0.0,0.0
450,22.525,102.04543123,76.04444551,1,0,0.0,0.0,0.0
451,22.575,101.188174,75.67411493,1,0,0.0,0.0,0.0
452,22.625,100.33296576,75.29945066,1,0,0.0,0.0,0.0
453,22.675,99.47982583,74.92404812,1,0,0.0,0.0,0.0
454,22.725,98.62875669,74.54864559,1,0,0.0,0.0,0.0
455,22.775,97.77975835,74.17324305,1,0,0.0,0.0,0.0
456,22.825,96.9328308,73.79784052,1,0,0.0,0.0,0.0
457,22.875,96.0879879,73.42244943,1,0,0.0,0.0,0.0
458,22.925,95.24525019,73.04705969,1,0,0.0,0.0,0.0
459,22.975,94.40434256,72.6739978,1,0,0.0,0.0,0.0
460,23.025,93.56531214,72.29297357,1,0,0.0,0.0,0.0
461,23.075,92.728432,71.91194934,1,0,0.0,0.0,0.0
462,23.125,91.89370214,71.5309251,1,0,0.0,0.0,0.0
463,23.175,91.06112256,71.14990087,1,0,0.0,0.0,0.0
464,23.225,90.23069327,70.76887663,1,0,0.0,0.0,0.0
465,23.275,89.40241193,70.38814433,1,0,0.0,0.0,0.0
466,23.325,88.57586553,70.01072643,1,0,0.0,0.0,0.0
467,23.375,87.75083964,69.62841171,1,0,0.0,0.0,0.0
468,23.425,86.92788078,69.24110668,1,0,0.0,0.0,0.0
469,23.475,86.10710207,68.85381262,1,0,0.0,0.0,0.0
470,23.525,85.28851434,68.46651857,1,0,0.0,0.0,0.0
471,23.575,84.47211758,68.07922451,1,0,0.0,0.0,0.0
472,23.625,83.65785597,67.69335611,1,0,0.0,0.0,0.0
473,23.675,82.84520563,67.30965355,1,0,0.0,0.0,0.0
474,23.725,82.03403834,66.92552848,1,0,0.0,0.0,0.0
475,23.775,81.22476421,66.53125207,1,0,0.0,0.0,0.0
476,23.825,80.41773431,66.13697566,1,0,0.0,0.0,0.0
477,23.875,79.61294864,65.74269925,1,0,0.0,0.0,0.0
478,23.925,78.81040721,65.34842285,1,0,0.0,0.0,0.0
479,23.975,78.00980621,64.95729337,1,0,0.0,0.0,0.0
480,24.025,77.21069482,64.56658804,1,0,0.0,0.0,0.0
481,24.075,76.41307544,64.1758827,1,0,0.0,0.0,0.0
482,24.125,75.61717879,63.77655977,1,0,0.0,0.0,0.0
483,24.175,74.82355148,63.37450315,1,0,0.0,0.0,0.0
484,24.225,74.03221675,62.97244654,1,0,0.0,0.0,0.0
485,24.275,73.24305568,62.57234795,1,0,0.0,0.0,0.0
486,24.325,72.4554835,62.17384304,1,0,0.0,0.0,0.0
487,24.375,71.66942146,61.77533812,1,0,0.0,0.0,0.0
488,24.425,70.88486954,61.3768332,1,0,0.0,0.0,0.0
489,24.475,70.10201491,60.97020425,1,0,0.0,0.0,0.0
490,24.525,69.32148555,60.55947934,1,0,0.0,0.0,0.0
491,24.575,68.54326358,60.15019978,1,0,0.0,0.0,0.0
492,24.625,67.76670728,59.74300065,1,0,0.0,0.0,0.0
493,24.675,66.99166608,59.33580151,1,0,0.0,0.0,0.0
494,24.725,66.21813998,58.92860238,1,0,0.0,0.0,0.0
495,24.775,65.44612895,58.52140325,1,0,0.0,0.0,0.0
496,24.825,64.67589632,58.10404829,1,0,0.0,0.0,0.0
497,24.875,63.90795332,57.6852571,1,0,0.0,0.0,0.0
498,24.925,63.14166346,57.26834126,1,0,0.0,0.0,0.0
499,24.975,62.3769158,56.85143802,1,0,0.0,0.0,0.0
500,25.025,61.61371761,56.43453479,1,0,0.0,0.0,0.0
501,25.075,60.85206887,56.01763155,1,0,0.0,0.0,0.0
502,25.125,60.09197244,55.59962005,1,0,0.0,0.0,0.0
503,25.175,59.3337062,55.17089751,1,0,0.0,0.0,0.0
504,25.225,58.57699772,54.74309177,1,0,0.0,0.0,0.0
505,25.275,57.82181352,54.31528604,1,0,0.0,0.0,0.0
506,25.325,57.06815369,53.88748179,1,0,0.0,0.0,0.0
507,25.375,56.31602732,53.45969184,1,0,0.0,0.0,0.0
508,25.425,55.56541442,53.03270217,1,0,0.0,0.0,0.0
509,25.475,54.81581364,52.59888563,1,0,0.0,0.0,0.0
510,25.525,54.06767682,52.1588581,1,0,0.0,0.0,0.0
511,25.575,53.32108347,51.71883056,1,0,0.0,0.0,0.0
512,25.625,52.57603358,51.27880302,1,0,0.0,0.0,0.0
513,25.675,51.8325272,50.83877679,1,0,0.0,0.0,0.0
514,25.725,51.09006045,50.402075,1,0,0.0,0.0,0.0
515,25.775,50.34807849,49.95927118,1,0,0.0,0.0,0.0
516,25.825,49.60738656,49.50544391,1,0,0.0,0.0,0.0
517,25.875,48.86820809,49.05161664,1,0,0.0,0.0,0.0
518,25.925,48.13054307,48.59778937,1,0,0.0,0.0,0.0
519,25.975,47.39390419,48.14712316,1,0,0.0,0.0,0.0
520,26.025,46.65756952,47.69683569,1,0,0.0,0.0,0.0
521,26.075,45.92160837,47.23964964,1,0,0.0,0.0,0.0
522,26.125,45.18689493,46.77020759,1,0,0.0,0.0,0.0
523,26.175,44.45366818,46.30109387,1,0,0.0,0.0,0.0
524,26.225,43.72112473,45.83517215,1,0,0.0,0.0,0.0
525,26.275,42.9886794,45.36926125,1,0,0.0,0.0,0.0
526,26.325,42.25632651,44.90335036,1,0,0.0,0.0,0.0
527,26.375,41.52430514,44.42454619,1,0,0.0,0.0,0.0
528,26.425,40.79333444,43.9392507,1,0,0.0,0.0,0.0
529,26.475,40.06233976,43.45557762,1,0,0.0,0.0,0.0
530,26.525,39.33114128,42.97191112,1,0,0.0,0.0,0.0
531,26.575,38.59943886,42.48825914,1,0,0.0,0.0,0.0
532,26.625,37.86727498,42.00295039,1,0,0.0,0.0,0.0
533,26.675,37.13499011,41.49895704,1,0,0.0,0.0,0.0
534,26.725,36.40267685,40.99496369,1,0,0.0,0.0,0.0
535,26.775,35.67033521,40.49097033,1,0,0.0,0.0,0.0
536,26.825,34.93791753,39.98777078,1,0,0.0,0.0,0.0
537,26.875,34.20413752,39.48733107,1,0,0.0,0.0,0.0
538,26.925,33.46902945,38.96329412,1,0,0.0,0.0,0.0
539,26.975,32.73356472,38.43588664,1,0,0.0,0.0,0.0
540,27.025,31.99751002,37.91014392,1,0,0.0,0.0,0.0
541,27.075,31.25919166,37.38628591,1,0,0.0,0.0,0.0
542,27.125,30.51829464,36.86242789,1,0,0.0,0.0,0.0
543,27.175,29.77556963,36.31039617,1,0,0.0,0.0,0.0
544,27.225,29.03077102,35.75937731,1,0,0.0,0.0,0.0
545,27.275,28.28259492,35.20838435,1,0,0.0,0.0,0.0
546,27.325,27.53104126,34.65739139,1,0,0.0,0.0,0.0
547,27.375,26.77517307,34.10071923,1,0,0.0,0.0,0.0
548,27.425,26.01431467,33.51799338,1,0,0.0,0.0,0.0
549,27.475,25.24898345,32.93526752,1,0,0.0,0.0,0.0
550,27.525,24.47767065,32.35576886,1,0,0.0,0.0,0.0
551,27.575,23.69814694,31.77664466,1,0,0.0,0.0,0.0
552,27.625,22.91104372,31.16343426,1,0,0.0,0.0,0.0
553,27.675,22.11446585,30.54687903,1,0,0.0,0.0,0.0
554,27.725,21.30722791,29.93032381,1,0,0.0,0.0,0.0
555,27.775,20.48645397,29.31729153,1,0,0.0,0.0,0.0
556,27.825,19.64971504,28.66737968,1,0,0.0,0.0,0.0
557,27.875,18.79502092,28.00965808,1,0,0.0,0.0,0.0
558,27.925,17.91761963,27.35299887,1,0,0.0,0.0,0.0
559,27.975,17.00938375,26.69906996,1,0,0.0,0.0,0.0
560,28.025,16.06184529,25.99180311,1,0,0.0,0.0,0.0
561,28.075,15.05557534,25.28668073,1,0,0.0,0.0,0.0
562,28.125,13.91722095,24.58850301,1,0,0.0,0.0,0.0
563,28.175,12.73657693,23.85832021,1,0,0.0,0.0,0.0
564,28.225,11.59110272,23.09331058,1,0,0.0,0.0,0.0
565,28.275,10.48126464,22.32830095,1,0,0.0,0.0,0.0
566,28.325,9.40732609,21.53397103,1,0,0.0,0.0,0.0
567,28.375,8.37261445,20.6823529,1,0,0.0,0.0,0.0
568,28.425,7.37813526,19.83073478,1,0,0.0,0.0,0.0
569,28.475,6.42459426,18.92469739,1,0,0.0,0.0,0.0
570,28.525,5.5163188,17.96305328,1,0,0.0,0.0,0.0
571,28.575,4.65404577,17.00140918,1,0,0.0,0.0,0.0
572,28.625,3.84132983,15.89915967,1,0,0.0,0.0,0.0
573,28.675,3.08209881,14.79324369,1,0,0.0,0.0,0.0
574,28.725,2.37945836,13.53296807,1,0,0.0,0.0,0.0
575,28.775,1.74020311,12.22977167,1,0,0.0,0.0,0.0
576,28.825,1.17075576,10.66333061,1,0,0.0,0.0,0.0
577,28.875,0.68122338,8.89676745,1,0,0.0,0.0,0.0
578,28.925,0.28933762,6.69157375,1,0,0.0,0.0,0.0
579,28.97068901,0.04684403,3.57985383,1,0,0.0,0.0,0.0
