line_id,bom_id_local,name,part_number,subsystem,quantity,decision,process,process_params,evidence_level,evidence_fields,source_citations,selection_basis,caveats,status
PET107-001,M64B-CC-004,Timing chain housing and covers (front),UNKNOWN,crankcase,1,print,FDM/FFF PETG-PET-class,UNKNOWN,measured_source,"{""dims"": ""missing"", ""identity"": ""missing"", ""interfaces"": ""sourced"", ""loads"": ""sourced""}",catalog/manual/993-workshop-manual-measurements.json (torque_spec p60: chain housing to crankcase 23 Nm; cover 9.7 Nm; stud 30 Nm),"ASSUMPTION: cover/duct-like non-stressed part, master-BOM note 'candidate print later once interfaces known'; interfaces missing -> print is display/fitment-test surrogate only.",Blocking scale dims unknown (M64-ACQ-0004 chain-housing interfaces); printed polymer part must never replace the heat-exposed OEM cover.,"candidate line - not fitted, not tested, not safe, not released, not manufacturing-ready (no metrology or physical validation)"
PET107-002,M64B-VT-006,Valve (cam) cover,UNKNOWN,valvetrain,2,print,FDM/FFF PETG-PET-class,UNKNOWN,measured_source,"{""dims"": ""missing"", ""identity"": ""missing"", ""interfaces"": ""sourced"", ""loads"": ""measured_source""}",catalog/manual/993-workshop-manual-measurements.json (torque_spec p60: valve cover to camshaft housing M6 9.7 Nm),"ASSUMPTION: master-BOM note 'Classic non-stressed print candidate once scanned'; close to oil mist, below OEM material temperature only if confirmed.",No geometry evidence (dims missing); M6 9.7 Nm interface implies no load path through printed material.,"candidate line - not fitted, not tested, not safe, not released, not manufacturing-ready (no metrology or physical validation)"
PET107-003,M64B-IN-001,"Air intake funnels / trumpets, set of 6",UNKNOWN,intake,1,print,FDM/FFF PETG-PET-class,UNKNOWN,SINGLE_SOURCE,"{""dims"": ""sourced"", ""identity"": ""sourced"", ""interfaces"": ""missing"", ""loads"": ""missing""}","catalog/sources/src-classicparts-993-air-funnel-dimensions.json (aftermarket set, declared 40x34 mm, 0.9 kg set, fitment 993 3.6-3.8 10/93-09/97; packaging dims, not OEM)","ASSUMPTION: atmospheric intake funnels are the classic FDM print family (low temp, no oil, non-structural); master-BOM note 'Natural later print candidate'.",Only aftermarket envelope dims (level SINGLE_SOURCE); OEM trumpets unmeasured; printed funnel geometry itself UNKNOWN.,"candidate line - not fitted, not tested, not safe, not released, not manufacturing-ready (no metrology or physical validation)"
PET107-004,M64B-IN-002,Throttle valve / intake tract body,UNKNOWN,intake,1,print,FDM/FFF PETG-PET-class,UNKNOWN,UNKNOWN,"{""dims"": ""missing"", ""identity"": ""missing"", ""interfaces"": ""missing"", ""loads"": ""missing""}",UNKNOWN,"ASSUMPTION: intake-tract body, atmospheric side, non-structural; OBJ scan lead (docs/research/obj-scan-intake-2026-09-27.md) not yet triaged.","All evidence fields missing -> line is UNKNOWN-class; kept as a study target pending scan triage, not a buy-ready line.","candidate line - not fitted, not tested, not safe, not released, not manufacturing-ready (no metrology or physical validation)"
PET107-005,M64B-TR-004,"Turbo heat shield / protective cover, left",993 123 113 51,turbos,1,print,UNKNOWN,UNKNOWN,SINGLE_SOURCE,"{""dims"": ""sourced"", ""identity"": ""sourced"", ""interfaces"": ""missing"", ""loads"": ""missing""}","catalog/sources/src-fvd-993-turbo-heat-shield-dimensions.json (declared 105x160x110 mm, 0.23 kg)","ASSUMPTION: high redesign interest per master BOM, but it is a turbo heat shield: near-hot zone, so PET-class FDM is NOT assumed; decision recorded as print-eligible-later with process UNKNOWN.",Only vendor-declared envelope (SINGLE_SOURCE); polymer print in the heat zone unvalidated.,"candidate line - not fitted, not tested, not safe, not released, not manufacturing-ready (no metrology or physical validation)"
PET107-006,M64B-IC-002,"Charge-air pressure hose, left",993 110 633 56,charge_air,1,print,FDM/FFF PETG-PET-class,UNKNOWN,SINGLE_SOURCE,"{""dims"": ""sourced"", ""identity"": ""sourced"", ""interfaces"": ""missing"", ""loads"": ""missing""}","catalog/sources/src-fvd-993-intercooler-hose-left-dimensions.json (FVD own-development part under OE ref; declared 430x70x115 mm, 0.42 kg - not OEM geometry)","ASSUMPTION: master-BOM note 'print-relevant as rigid duct surrogate' for the charge-air hose; charge air after intercooler is temperate, non-oil, low structural load (boost ~0.8 bar gauge duty).","Geometry is FVD own-development envelope (SINGLE_SOURCE), not OEM; pressure/temperature duty of printed surrogate UNKNOWN.","candidate line - not fitted, not tested, not safe, not released, not manufacturing-ready (no metrology or physical validation)"
PET107-007,M64B-IC-003,"Charge-air pressure hose, right",993 110 632 56,charge_air,1,print,FDM/FFF PETG-PET-class,UNKNOWN,SINGLE_SOURCE,"{""dims"": ""sourced"", ""identity"": ""sourced"", ""interfaces"": ""missing"", ""loads"": ""missing""}","catalog/sources/src-fvd-993-intercooler-hose-right-dimensions.json (declared 430x70x90 mm, 0.42 kg)",ASSUMPTION: mirror of M64B-IC-002 right-hand charge-air hose as rigid duct surrogate.,FVD own-development envelope (SINGLE_SOURCE); printed surrogate duty UNKNOWN.,"candidate line - not fitted, not tested, not safe, not released, not manufacturing-ready (no metrology or physical validation)"
PET107-008,M64B-IC-004,Intercooler air duct,993 110 340 54,charge_air,1,print,FDM/FFF PETG-PET-class,UNKNOWN,SINGLE_SOURCE,"{""dims"": ""sourced"", ""identity"": ""sourced"", ""interfaces"": ""missing"", ""loads"": ""missing""}","catalog/sources/src-fvd-993-intercooler-air-duct-dimensions.json (FVD own development under OE ref; declared 600x280x50 mm, 0.9 kg)",ASSUMPTION: master-BOM note 'Non-structural duct: strong later print candidate'; ambient cooling-air side duct.,FVD own-development envelope (SINGLE_SOURCE); OEM duct geometry UNKNOWN.,"candidate line - not fitted, not tested, not safe, not released, not manufacturing-ready (no metrology or physical validation)"
PET107-009,M64B-CL-005,Fan housing / cooling-air ducting and blower housing,UNKNOWN,cooling,1,print,FDM/FFF PETG-PET-class,UNKNOWN,UNKNOWN,"{""dims"": ""missing"", ""identity"": ""missing"", ""interfaces"": ""missing"", ""loads"": ""missing""}",twins/m64-engine-system/program.json (zone M64-Z-CL gating: real airflow and temperatures unmeasured),"ASSUMPTION: fan housing / cooling-air ducting, ambient-temperature airflow study hardware; master-BOM redesign_interest high.","All evidence fields missing; largest study print target, geometry UNKNOWN, CFD boundary conditions not validated.","candidate line - not fitted, not tested, not safe, not released, not manufacturing-ready (no metrology or physical validation)"
PET107-010,M64B-AS-002,Heat insulation covers / engine bay thermal screens,UNKNOWN,cooling,1,print,UNKNOWN,UNKNOWN,SINGLE_SOURCE,"{""dims"": ""missing"", ""identity"": ""sourced"", ""interfaces"": ""missing"", ""loads"": ""missing""}",catalog/sources/src-fvd-993-engine-insulation-cover-dimensions.json (dimensions declared),"ASSUMPTION: heat insulation covers, high redesign interest, but heat-zone adjacency means PET-class FDM is not assumed; process left UNKNOWN.",Only declared vendor dimensions (SINGLE_SOURCE); thermal duty of printed surrogate UNKNOWN.,"candidate line - not fitted, not tested, not safe, not released, not manufacturing-ready (no metrology or physical validation)"
PET107-011,M64B-CL-002,"Fan/alternator V-belt, section 10 x 775 mm, EPDM",999 192 338 50,cooling,1,buy,buy-catalog (commercial consumable),n/a,SINGLE_SOURCE,"{""dims"": ""sourced"", ""identity"": ""sourced"", ""interfaces"": ""missing"", ""loads"": ""missing""}",catalog/sources/src-feboe-964-993-alternator-belt-dimensions.json (declared; 964/993 shared fitment 1989-1998),"Buy-catalog consumable: identified V-belt 999 192 338 50, section 10 x 775 mm EPDM with declared fitment; polymer belt is not a print candidate.","Vendor-declared data (SINGLE_SOURCE); wear item, no project metrology.","candidate line - not fitted, not tested, not safe, not released, not manufacturing-ready (no metrology or physical validation)"
PET107-012,M64B-FG-002,"Cylinder base O-ring, 102 x 2 (one per cylinder)",UNKNOWN,fasteners_gaskets,6,buy,buy-catalog (commercial consumable),n/a,FACT_public,"{""dims"": ""sourced"", ""identity"": ""sourced"", ""interfaces"": ""missing"", ""loads"": ""missing""}","docs/research/m64-public-engine-data-2026-09-27.md (Parts Guide quantities + size 102x2, FACT_public)","Buy-catalog consumable: cylinder base O-ring 102x2 with a published size and per-cylinder quantity (Parts Guide, FACT_public) -> directly purchasable standard part.",Material/durometer spec UNKNOWN; sealing function is engine-critical even though the item is a stock ring.,"candidate line - not fitted, not tested, not safe, not released, not manufacturing-ready (no metrology or physical validation)"
PET107-013,M64B-FG-003,Cylinder head gasket set (6 heads) and air-guide discs (6),UNKNOWN,fasteners_gaskets,12,buy,buy-catalog (commercial consumable),n/a,FACT_public,"{""dims"": ""missing"", ""identity"": ""sourced"", ""interfaces"": ""missing"", ""loads"": ""missing""}","docs/research/m64-public-engine-data-2026-09-27.md (Parts Guide quantities, FACT_public; thickness unknown)","Buy-catalog consumable: head gasket set + air-guide discs, quantities published in the Parts Guide (FACT_public); gaskets are never a polymer print candidate.",Thickness unknown (blocks M64-ACQ-0001); OEM part numbers UNKNOWN.,"candidate line - not fitted, not tested, not safe, not released, not manufacturing-ready (no metrology or physical validation)"
PET107-014,M64B-SN-006,Spark plug,UNKNOWN,sensors,6,buy,buy-catalog (commercial consumable),n/a,measured_source,"{""dims"": ""missing"", ""identity"": ""missing"", ""interfaces"": ""sourced"", ""loads"": ""measured_source""}",catalog/manual/993-workshop-manual-measurements.json (torque_spec p60: spark plugs M14x1.25 30 Nm),Buy-catalog consumable: spark plugs are pure catalog items; thread M14x1.25 and 30 Nm from the official manual registry (measured_source).,Heat range / OEM plug designation UNKNOWN locally.,"candidate line - not fitted, not tested, not safe, not released, not manufacturing-ready (no metrology or physical validation)"
