id,application,component,parameter,value,unit,evidence_status,source_ids,locator,caveat,training_eligibility
MEZGER-DEO001,"964 Turbo 3.3, initial version; German Porsche retrospective",engine,Published original Turbo rating,"{""displacement_L"": 3.3, ""power_kW"": 235, ""power_PS"": 320}",,factory_document_verified,"[""SRC-PORSCHE-DE-TURBO-GENERATIONS-2024""]",Section 3. Generation: Porsche 911 Turbo (964),"The historical European rating is not generalized to every market, catalyst version or later 3.6 engine.",qualified_only
MEZGER-DEO002,964 Turbo S 3.3; German Porsche retrospective,engine,Published Turbo S rating,381,PS,factory_document_verified,"[""SRC-PORSCHE-DE-964-HISTORY-2018""]",Final article paragraph describing turbocharged 964 variants,Source distinguishes the 3.3 L Turbo S from the later 3.6 L Turbo. This is not a 993 Turbo S rating.,qualified_only
MEZGER-DEO003,964 Turbo 3.6; Porsche Klassik retrospective technical table,engine,Nominal bore and stroke,"{""bore_mm"": 100, ""stroke_mm"": 76.4}",mm,factory_document_verified,"[""SRC-PORSCHE-DE-KLASSIK-TURBO-COMPARISON-2017""]","Technical data: Porsche 964 Turbo 3.6, Bohrung x Hub","Nominal engine geometry; no piston clearance, cylinder-wall thickness or machining tolerance is defined.",qualified_only
MEZGER-DEO004,964 Turbo 3.6; Porsche Klassik retrospective technical table,engine,Published compression ratio,7.5:1,,factory_document_verified,"[""SRC-PORSCHE-DE-KLASSIK-TURBO-COMPARISON-2017""]","Technical data: Porsche 964 Turbo 3.6, Verdichtung",Specific to the 964 Turbo 3.6 in this comparison; do not transfer to 993 M64/60 or use as a measured combustion-chamber volume.,qualified_only
MEZGER-DEO005,964 Turbo 3.6; Porsche Klassik retrospective technical table,engine,Published rated power and engine speed,"{""power_PS"": 360, ""engine_rpm"": 5500}",,factory_document_verified,"[""SRC-PORSCHE-DE-KLASSIK-TURBO-COMPARISON-2017""]","Technical data: Porsche 964 Turbo 3.6, Max. Leistung","Published engine rating, not an independently acquired dynamometer map.",qualified_only
MEZGER-DEO006,964 Turbo 3.6; Porsche Klassik retrospective technical table,engine,Torque figure with unresolved overboost label,"{""reported_torque_Nm"": 520, ""reported_engine_rpm"": 4200}",,documentary_ambiguity,"[""SRC-PORSCHE-DE-KLASSIK-TURBO-COMPARISON-2017""]","Technical data: Porsche 964 Turbo 3.6, torque row","The table labels this row with overboost but gives no control strategy, duration or pressure. Retain the number as an attributed document statement; the label is not proof of a programmed overboost mode.",teach_uncertainty_only
MEZGER-DEO007,964 Turbo 3.6; Porsche Klassik retrospective narrative,engine,Low-speed torque point as reported,"{""reported_torque_Nm"": 450, ""reported_engine_rpm"": 2400}",,manufacturer_retrospective_statement,"[""SRC-PORSCHE-DE-KLASSIK-TURBO-COMPARISON-2017""]",Narrative paragraph introducing the M64 engine after the Paris motor-show debut,"A single reported point in a retrospective driving article, not an original engine map or proof of a flat torque plateau.",qualified_only
MEZGER-DEO008,993 Turbo S / factory 450 PS example in Porsche Klassik retrospective,engine,Published rated power and engine speed,"{""power_PS"": 450, ""engine_rpm"": 6000}",,factory_document_verified,"[""SRC-PORSCHE-DE-KLASSIK-TURBO-COMPARISON-2017""]","Technical data: Porsche 993 Turbo S, Max. Leistung",The historical factory 450 PS tune is separate from stock 408 PS and 430 PS versions; no ECU binary or boost map was acquired.,qualified_only
MEZGER-DEO009,993 Turbo S / factory 450 PS example in Porsche Klassik retrospective,engine,Torque figure with unresolved overboost label,"{""reported_torque_Nm"": 585, ""reported_engine_rpm"": 4500}",,documentary_ambiguity,"[""SRC-PORSCHE-DE-KLASSIK-TURBO-COMPARISON-2017"", ""SRC-PORSCHE-DE-993-TURBO-S-HERITAGE"", ""SRC-PORSCHE-DE-993-TURBO-S-DATASHEET""]","Porsche Klassik technical table, Porsche 993 Turbo S torque row; heritage page; bilingual PDF p.1",The 2017 table labels the torque row with overboost. Neither the inspected official heritage page nor the one-page datasheet states torque or an overboost function. A contemporaneous model-specific document is required before treating the label as ECU or hardware behaviour.,teach_uncertainty_only
MEZGER-DEO010,993 Turbo S and 964 Turbo 3.6; German Porsche Klassik technical-table wording,boost_control,Unresolved retrospective overboost attribution,,,unresolved,"[""SRC-PORSCHE-DE-KLASSIK-TURBO-COMPARISON-2017"", ""SRC-PORSCHE-DE-993-TURBO-S-DATASHEET""]",Torque-row headings in the 964/993/991 comparison; official heritage PDF p.1,"The same overboost heading appears for the air-cooled and modern cars. The inspected documents do not establish an original 993 or 964 programmed overboost mode, its duration or its boost-pressure delta.",teach_uncertainty_only
MEZGER-DEO011,"964 Turbo 3.3, initial catalyst-equipped version; German Porsche retrospective",main_catalyst,Published standard catalyst construction,Three-way metal catalyst,,factory_document_verified,"[""SRC-PORSCHE-DE-TURBO-GENERATIONS-2024""]","Section 3. Generation: Porsche 911 Turbo (964), first Turbo paragraph","Metal identifies the broad catalyst construction; substrate alloy, washcoat composition, cell density, wall thickness and catalyst dimensions are not disclosed.",qualified_only
MEZGER-DEO012,"964 Turbo 3.3, initial catalyst-equipped version; German Porsche retrospective",wastegate_bypass_exhaust,Published exhaust-flow architecture,Bypass tailpipe with its own catalyst and silencer; bypass gases do not pass through the regular main catalyst,,factory_document_verified,"[""SRC-PORSCHE-DE-TURBO-GENERATIONS-2024""]","Section 3. Generation: Porsche 911 Turbo (964), bypass-tailpipe description","The source attributes avoidance of additional main-catalyst backpressure to this routing. It gives no measured pressure loss, tube thickness, gas-temperature map or catalyst dimensions; do not transfer this layout to the 993 integrated-wastegate system.",qualified_only
MEZGER-DEO013,996 Turbo at introduction; comparison with contemporary naturally aspirated 911,engine_cooling_radiators,Published total radiator-area increase,50,percent,factory_document_verified,"[""SRC-PORSCHE-DE-TURBO-GENERATIONS-2024""]","Section 5. Generation: Porsche 911 Turbo (996), front cooling-air opening paragraph","Comparison concerns total radiator area. It is not a 50 percent heat-rejection increase, core thickness, measured cooling performance or radiator material specification.",qualified_only
MEZGER-DEO014,996 Turbo original 420 PS version; German Porsche retrospective,engine,Published maximum torque,560,Nm,factory_document_verified,"[""SRC-PORSCHE-DE-TURBO-GENERATIONS-2024""]","Section 5. Generation: Porsche 911 Turbo (996), IAA 1999 announcement paragraph",No torque-curve coordinates or associated engine speed are supplied in this source.,qualified_only
MEZGER-DEO015,997.1 Turbo 3.6 with optional Sport Chrono Paket Turbo,boost_control,Published maximum overboost duration,10,s,factory_document_verified,"[""SRC-PORSCHE-DE-TURBO-GENERATIONS-2024""]","Section 6. Generation: Porsche 911 Turbo (997), Sport Chrono paragraph",Conditional optional overboost under full acceleration; not continuous-duty operation or a 993 control feature.,qualified_only
MEZGER-DEO016,997.1 Turbo 3.6 with optional Sport Chrono Paket Turbo,boost_control,Published overboost pressure increment,0.2,bar,factory_document_verified,"[""SRC-PORSCHE-DE-TURBO-GENERATIONS-2024""]","Section 6. Generation: Porsche 911 Turbo (997), Sport Chrono paragraph","Pressure difference in the midrange, not an absolute manifold pressure or compressor pressure ratio. No baseline operating pressure, inlet losses or compressor map is defined.",qualified_only
MEZGER-DEO017,997.1 Turbo 3.6 with optional Sport Chrono Paket Turbo,engine,Published temporary overboost torque,"{""temporary_torque_Nm"": 680, ""increase_from_normal_Nm"": 60}",,factory_document_verified,"[""SRC-PORSCHE-DE-TURBO-GENERATIONS-2024""]","Section 6. Generation: Porsche 911 Turbo (997), Sport Chrono paragraph","The temporary torque depends on the optional overboost mode and its duration, not a continuous 680 Nm rating or evidence for a 993 map.",qualified_only
MEZGER-DEO018,"930 Turbo 3.3, historical factory special-request programme",engine,Published optional factory power increment,"{""increase_kW"": 22, ""increase_PS"": 30}",,factory_document_verified,"[""SRC-PORSCHE-DE-TURBO-GENERATIONS-2024""]","Section 2. Generation Porsche 911 Turbo 3.3 (930), Sonderwunsch programme paragraph","The retrospective describes the increment without identifying an ECU, turbocharger reference, compressor map or exact model-year/market implementation; no specific hardware package is inferred.",qualified_only
MEZGER-DEO019,Porsche Classic reproduction aluminium crankcases for unspecified larger-displacement 1990s 911,main_crankcase,Published reproduction-material family and CAD recovery,Aluminium crankcases made from stored blanks; machining data recovered with the Porsche 962 Group C race-engine reproduction project because old production drawings were no longer fully legible,,factory_document_verified,"[""SRC-PORSCHE-DE-CLASSIC-MAGNESIUM-CRANKCASES-2023""]",Paragraph beginning Seit zwei Jahren gibt es...,"This is a manufacturer account of reproduction engineering, not a released CAD drawing or evidence that every 1990s variant uses the same geometry or aluminium grade. M64/60 is not specifically named.",qualified_only
MEZGER-DEO020,"Porsche Classic replacement crankcases for 1968–1976 911 F/G-series 2.0,2.2,2.4,2.7 L; early-911 comparison only",main_crankcase,Published reproduction material and applicability,"{""material_family"": ""magnesium"", ""model_years"": ""1968–1976"", ""displacements_L"": [2.0, 2.2, 2.4, 2.7]}",,factory_document_verified,"[""SRC-PORSCHE-DE-CLASSIC-MAGNESIUM-CRANKCASES-2023""]",Article introduction and first model-applicability paragraph,"Exact magnesium grade and heat treatment are not published. These early naturally aspirated 911 case applications are not a 930 3.0, 993 M64/60, GT2 or GT1 case specification.",qualified_only
MEZGER-DEO021,Porsche Classic 2023 early-911 magnesium replacement-crankcase programme,main_crankcase,Published reproduction casting process,Sand casting from CAD-based moulds; cores use sand and a resin-containing binder and are destroyed after casting,,factory_document_verified,"[""SRC-PORSCHE-DE-CLASSIC-MAGNESIUM-CRANKCASES-2023""]","Section Moderne Fertigung unter strengen Qualitätsvorgaben, casting paragraph","Current reproduction route; do not infer that every historical original case used this supplier/process or assign an undisclosed magnesium grade, porosity limit or minimum wall thickness.",qualified_only
MEZGER-DEO022,Porsche Classic 2023 early-911 magnesium replacement-crankcase programme,main_crankcase,Published machining route,"{""machine"": ""five-axis CNC"", ""tool_count"": ""more than 50 cutting, drilling and milling tools""}",,factory_document_verified,"[""SRC-PORSCHE-DE-CLASSIC-MAGNESIUM-CRANKCASES-2023""]","Section Moderne Fertigung unter strengen Qualitätsvorgaben, machining paragraph","Published manufacturing route, not a machining programme, tool diameter, datum definition or production tolerance.",qualified_only
MEZGER-DEO023,Porsche Classic 2023 early-911 magnesium replacement-crankcase programme,main_crankcase,Example material removal at milled surfaces,"{""approximate_min_mm"": 3, ""approximate_max_mm"": 4}",mm,factory_document_verified,"[""SRC-PORSCHE-DE-CLASSIC-MAGNESIUM-CRANKCASES-2023""]","Section Moderne Fertigung unter strengen Qualitätsvorgaben, machining paragraph","This is approximate machining stock removed at example milled surfaces. It is not finished case-wall thickness, total casting thickness or a permission to remove 3–4 mm from an existing 993 component.",qualified_only
MEZGER-DEO024,Porsche Classic 2023 early-911 magnesium replacement-crankcase programme,main_crankcase,Published dimensional-inspection scope,Individual inspection using 3D probing and comparison on a 3D coordinate measuring machine; complete inspection covers more than 1300 control dimensions,,factory_document_verified,"[""SRC-PORSCHE-DE-CLASSIC-MAGNESIUM-CRANKCASES-2023""]","Section Moderne Fertigung unter strengen Qualitätsvorgaben, quality-control paragraph","No individual coordinate, tolerance, inspection report or full drawing is released; the number of checks does not itself qualify an independently reproduced part.",qualified_only
MEZGER-DEO025,Porsche Classic 2023 early-911 magnesium replacement-crankcase programme; Carrera RS 2.7 prototype,main_crankcase,Published prototype-validation programme,"A Carrera RS 2.7 prototype engine underwent multi-week dynamometer testing with defined loads and engine speeds, oil-particle checks, full teardown and separate crankcase-half inspection at Weissach",,factory_document_verified,"[""SRC-PORSCHE-DE-CLASSIC-MAGNESIUM-CRANKCASES-2023""]","Section Moderne Fertigung unter strengen Qualitätsvorgaben, prototype-test paragraph","The source gives no full load spectrum, hours, temperatures, fatigue limits or measurement results. This factory test is not qualification of a 993 Turbo part or of any user-made case.",qualified_only
MEZGER-DEO026,Porsche Classic early-911 replacement-crankcase programme,main_crankcase,Published reproduction revision-traceability policy,Reproductions follow the last mature historical series revision; raw-part numbers identify that revision and purchased-part numbers are also marked,,factory_document_verified,"[""SRC-PORSCHE-DE-CLASSIC-MAGNESIUM-CRANKCASES-2023""]",Paragraph beginning Bei einer solchen Nachfertigung...,"Describes Porsche Classic traceability; it does not reveal CAD geometry, exact alloy chemistry, a specific 993 part revision or an equivalence certificate.",qualified_only
MEZGER-DE-R001,"911 Carrera RSR Turbo 2.1, factory racing version, 1974",engine,historical_displacement_and_power,"{""displacement_L"": 2.1, ""power_kW"": 368, ""power_PS"": 500}",,factory_document_verified,"[""SRC-MEZGER-DE-RACING-TURBO-MOTORSPORT""]","Section Nach der Initialzündung: Siegeszug der Idee „Turbo“ im Porsche 911, paragraph on Carrera RSR Turbo 2.1","Rounded displacement and historical output; no power-peak rpm, boost pressure or alloy grade is specified.",qualified_only
MEZGER-DE-R002,"911 Carrera RSR Turbo 2.1, factory racing version, 1974",charge_air_cooling,intercooler_presence,True,,factory_document_verified,"[""SRC-MEZGER-DE-RACING-TURBO-MOTORSPORT""]","Section Nach der Initialzündung: Siegeszug der Idee „Turbo“ im Porsche 911, paragraph on Carrera RSR Turbo 2.1","Factory says charge-air cooling is fitted; cooler material, type, dimensions, effectiveness and outlet temperature are not established.",qualified_only
MEZGER-DE-R003,"911 Turbo IMSA Supercar, Hans-Joachim Stuck championship version, 1993",engine,historical_displacement_turbo_count_and_power,"{""displacement_L"": 3.6, ""turbocharger_count"": 1, ""power_kW"": 272, ""power_PS"": 370}",,factory_document_verified,"[""SRC-MEZGER-DE-RACING-TURBO-MOTORSPORT""]","Section Vom 911 Turbo 3.3 bis zum 911 GT2 RS: Einzel-Exoten und Breitensport, opening paragraph","Specific IMSA historical version, not the 993 Turbo biturbo or a rated output for every 964 Turbo 3.6.",qualified_only
MEZGER-DE-R004,"911 Turbo S Le Mans GT, factory GT racing version, 1993",engine,historical_displacement_turbo_count_and_restricted_power,"{""displacement_L"": 3.16, ""turbocharger_count"": 2, ""power_kW"": 353, ""power_PS"": 480, ""air_intake_restrictors"": ""required by racing regulations""}",,factory_document_verified,"[""SRC-MEZGER-DE-RACING-TURBO-MOTORSPORT""]","Section Vom 911 Turbo 3.3 bis zum 911 GT2 RS: Einzel-Exoten und Breitensport, paragraph beginning Während der Elfer für die IMSA","Restrictor diameter, boost pressure and peak rpm are not given. Distinct from road Turbo S and later 993 GT2.",qualified_only
MEZGER-DE-R005,"993 911 GT2, initial 1995 racing version",engine,historical_displacement_and_power,"{""displacement_L"": 3.6, ""turbocharger_count"": 2, ""power_kW"": 331, ""power_PS"": 450}",,factory_document_verified,"[""SRC-MEZGER-DE-RACING-TURBO-MOTORSPORT""]","Section Vom 911 Turbo 3.3 bis zum 911 GT2 RS: Einzel-Exoten und Breitensport, paragraph beginning Im Jahr 1995","Describes initial racing output, not the road GT2 M64/60R output and not all later race evolutions.",qualified_only
MEZGER-DE-R006,"993 911 GT2 Evo, final racing development stages described by Porsche",engine,historical_displacement_and_maximum_power,"{""displacement_L"": 3.8, ""power_kW_up_to"": 515, ""power_PS_up_to"": 700}",,factory_document_verified,"[""SRC-MEZGER-DE-RACING-TURBO-MOTORSPORT""]","Section Vom 911 Turbo 3.3 bis zum 911 GT2 RS: Einzel-Exoten und Breitensport, paragraph beginning Im Jahr 1995","Factory retrospective explicitly assigns 3.8 L and up to 700 PS to latest development stages; it does not establish one engine-code suffix, exact build year, boost, restrictors or connecting-rod alloy.",qualified_only
MEZGER-DE-R007,"911 GT1, factory competition version, 1996",engine,configuration_cooling_displacement_and_power,"{""architecture"": ""six-cylinder boxer"", ""displacement_L"": 3.2, ""turbocharger_count"": 2, ""cooling"": ""fully water-cooled"", ""position"": ""ahead of rear axle"", ""power_kW"": 441, ""power_PS"": 600}",,factory_document_verified,"[""SRC-MEZGER-DE-RACING-TURBO-MOTORSPORT""]","Section Die Evolution geht weiter: Wasserkühlung, Motor vor der Hinterachse","Historical factory race configuration, not museum Zakspeed 1998 rating of 404 kW and not a road GT1 rating. No exact alloy is given.",qualified_only
MEZGER-DE-R008,"962 Dauer Le Mans GT, competition version, 1994",engine,restricted_power_and_displacement,"{""displacement_L"": 3.0, ""turbocharger_count"": 2, ""power_kW"": 500, ""power_PS"": 680, ""air_intake_restrictors"": ""required by racing regulations""}",,factory_document_verified,"[""SRC-MEZGER-DE-RACING-TURBO-MOTORSPORT""]","Section Rekordsieger: die Prototypen 956, 962 IMSA und 962 C, final paragraph",Restricted Le Mans competition output; not an unrestricted Dauer road-car engine rating and not all 962C engines.,qualified_only
MEZGER-DE-R009,"Porsche 961, race derivative of 959, Le Mans 1986",engine,historical_power,"{""power_kW_approx"": 500, ""power_PS_approx"": 680}",,factory_document_verified,"[""SRC-MEZGER-DE-RACING-TURBO-MOTORSPORT""]","Section Porsche 959: Erfolg in der Wüste und in Le Mans, final sentences",Factory describes approximate output for the 961 race derivative; not the 400 PS Dakar or 450 PS road 959 rating.,qualified_only
MEZGER-DE-R010,"935/78 Moby Dick, 1978",cylinders_and_cylinder_heads,separate_cooling_media_and_head_valve_architecture,"{""cylinders"": ""air-cooled"", ""cylinder_heads"": ""water-cooled"", ""valves_per_cylinder"": 4}",,factory_document_verified,"[""SRC-MEZGER-DE-RACING-HERITAGE-935-2026""]","Main article, paragraph beginning Als Singer im Herbst 1977, technical foundation of the fourth episode",Explicitly separates cooling of cylinders and heads. Does not support labelling the complete 935/78 engine fully water-cooled or assigning an alloy grade.,eligible
MEZGER-DE-R011,"935/77, factory racing evolution of 1976 935",turbochargers,reason_for_two_smaller_turbochargers,"Two smaller turbochargers replaced the large single turbo to respond faster, reduce turbo lag and improve power controllability.",,factory_document_verified,"[""SRC-MEZGER-DE-RACING-HERITAGE-935-2026""]","Section describing second episode and the 1977 evolution, paragraph beginning In der zweiten Episode","Engineering recollection attributed to Norbert Singer; does not specify compressor maps, rotor dimensions, inertia, speed or a measured transient response time.",qualified_only
MEZGER-DE-R012,"935 Baby, 1.4 L racing version, 1977, retrospective driving account",engine,reported_response_transition_speed,"{""transition_engine_rpm_approx"": 5000, ""below"": ""restrained response"", ""above"": ""abrupt strong response""}",,factory_retrospective_driver_account,"[""SRC-MEZGER-DE-RACING-HERITAGE-935-2026""]","Section describing third episode, paragraph beginning Die dritte Episode","Driver description attributed to Timo Bernhard; not a dyno measurement, turbo-shaft speed, peak-power rpm or engine rev limit.",qualified_only
MEZGER-DE-R013,959 road six-cylinder biturbo engine shown as IAA cutaway,engine_block,material_and_manufacturing_family,"{""material_family"": ""aluminium alloy"", ""manufacturing_family"": ""casting""}",,factory_document_verified,"[""SRC-MEZGER-DE-RACING-959-CAST-BLOCK""]",Main technical paragraph beginning Der Block des Sechszylinder-Biturbo-Boxers,"German factory source explicitly says the block is cast from aluminium alloy. Exact alloy designation, casting method subtype, heat treatment and wall thickness are not given. Does not apply to 993 M64/60.",eligible
MEZGER-DE-R014,"959 Paris-Dakar, restored second-place vehicle from 1986 rally",engine,reason_for_reduced_output,"{""power_kW"": 294, ""power_PS"": 400, ""reason"": ""low fuel quality""}",,factory_document_verified,"[""SRC-MEZGER-DE-RACING-959-DAKAR-RESTORATION""]","Section Überarbeitung: Die Geschichte des Fahrzeugs authentisch erzählen, opening paragraph","Factory links lower output to fuel quality. Fuel octane, fuel formulation, ignition map, boost pressure and injection calibration are not disclosed.",qualified_only
MEZGER-DE-R015,"959 Paris-Dakar, rally adaptations, 1980s",engine_management_units,installation_height_reason,Engine control units were mounted high to reduce damage during river crossings.,,factory_document_verified,"[""SRC-MEZGER-DE-RACING-959-DAKAR-RESTORATION""]","Section Überarbeitung: Die Geschichte des Fahrzeugs authentisch erzählen, paragraph beginning Für die harte Distanz","Rally packaging adaptation; source supplies no mounting coordinates, protection class, enclosure alloy or circuit specification.",qualified_only
MEZGER-DE-R016,"959 Paris-Dakar, rally adaptations, 1980s",oil_cooling,location_and_rally_preparation,Oil coolers and oil lines beneath the rear fenders were prepared for rally conditions.,,factory_document_verified,"[""SRC-MEZGER-DE-RACING-959-DAKAR-RESTORATION""]","Section Überarbeitung: Die Geschichte des Fahrzeugs authentisch erzählen, paragraph beginning Für die harte Distanz","Rear-fender location is stated. Cooler core geometry, material, tube wall thickness, oil pressure, capacity and temperature are not specified.",qualified_only
MEZGER-DE-R017,"956/962 Group C PDK experiments beginning autumn 1984, mature system from 1987",turbochargers_and_transmission,qualitative_speed_retention_during_shifts,Very fast PDK shifts without interrupting drive torque kept turbochargers at high rotational speed.,,factory_document_verified,"[""SRC-MEZGER-DE-RACING-TURBO-MOTORSPORT""]","Section Rekordsieger: die Prototypen 956, 962 IMSA und 962 C, paragraph on Motronic, recording and PDK","Qualitative statement only; no turbo-shaft rpm value, shaft inertia or shift time is supplied. Not a 993 manual-transmission operating condition.",qualified_only
MEZGER-DE-R018,"Type 935 and 936 six-cylinder turbo racing-engine development, 1977–1978",cylinder_heads,factory_engineering_chronology,Hans Mezger developed water cooling and the four-valve concept for the type 935 and 936 six-cylinder turbo engines during 1977–1978.,,factory_document_verified,"[""SRC-MEZGER-DE-RACING-MEZGER-BIOGRAPHY""]","Section Karriere und Highlights bei Porsche, 1977–1978 entry","Chronology establishes design lineage, not that all 935/936 versions are water-cooled or share identical heads, materials or component dimensions.",qualified_only
MEZGER-DE-R019,"956/962 Group C 2.65 L engine development, 1981–1982",engine,factory_documented_development_basis,The 2.65 L Group C engine for 956/962 was developed on the basis of type 935/936 engines.,,factory_document_verified,"[""SRC-MEZGER-DE-RACING-MEZGER-BIOGRAPHY""]","Section Karriere und Highlights bei Porsche, 1981–1982 entry","Factory lineage statement; does not prove interchangeability, identical alloys or dimensions, and does not cover every later 962 displacement.",qualified_only
MEZGER-DE-R020,"TAG-Turbo Formula 1 engine designed by Hans Mezger for McLaren, 1981–1987",engine,architecture_displacement_and_bank_angle,"{""architecture"": ""V6"", ""displacement_L"": 1.5, ""bank_angle_deg"": 80}",,factory_document_verified,"[""SRC-MEZGER-DE-RACING-MEZGER-BIOGRAPHY""]","Section Vom 917 bis zum TAG-Turbo für die Formel 1, paragraph beginning Doch das wohl herausragendste Projekt","A separate Hans Mezger-designed racing engine, not a 911 boxer/Mezger flat-six derivative. This source gives no exact alloys, metal thickness or compressor map.",qualified_only
MEZGER-DE-M001,Rheinfelden RR350 / Alufont-60 casting alloy; generic grade reference for Xtreme aftermarket RR350 claim,head_casting_material,supplier names for RR350,"[""RR350"", ""Alufont-60"", ""AlCu5NiCoSbZr""]",,manufacturer_or_supplier_generic_material_verified,"[""SRC-MEZGER-DE-MATERIALS-RR-SDS"", ""SRC-MEZGER-DE-MATERIALS-RR-BASIS""]",SDS PDF p.1 §1.1; basis-data PDF p.2 Alufont-60 row,"These are Rheinfelden published grade data, not a certificate for any Xtreme casting heat or proof of original Porsche M64/60 material. The Xtreme RR350 claim remains separately sourced in MEZGER-M026.",qualified_only
MEZGER-DE-M002,Rheinfelden RR350 / Alufont-60 casting alloy; generic grade reference for Xtreme aftermarket RR350 claim,head_casting_material,copper composition range,"[4.5, 5.2]",mass percent,manufacturer_or_supplier_generic_material_verified,"[""SRC-MEZGER-DE-MATERIALS-RR-BASIS""]","PDF p.2, Chemical compositions table, Alufont-60 row; table visually reviewed","These are Rheinfelden published grade data, not a certificate for any Xtreme casting heat or proof of original Porsche M64/60 material. The Xtreme RR350 claim remains separately sourced in MEZGER-M026.",qualified_only
MEZGER-DE-M003,Rheinfelden RR350 / Alufont-60 casting alloy; generic grade reference for Xtreme aftermarket RR350 claim,head_casting_material,nickel composition range,"[1.3, 1.7]",mass percent,manufacturer_or_supplier_generic_material_verified,"[""SRC-MEZGER-DE-MATERIALS-RR-BASIS""]","PDF p.2, Chemical compositions table, Alufont-60 row; table visually reviewed","These are Rheinfelden published grade data, not a certificate for any Xtreme casting heat or proof of original Porsche M64/60 material. The Xtreme RR350 claim remains separately sourced in MEZGER-M026.",qualified_only
MEZGER-DE-M004,Rheinfelden RR350 / Alufont-60 casting alloy; generic grade reference for Xtreme aftermarket RR350 claim,head_casting_material,cobalt composition range,"[0.1, 0.4]",mass percent,manufacturer_or_supplier_generic_material_verified,"[""SRC-MEZGER-DE-MATERIALS-RR-BASIS""]","PDF p.2, Chemical compositions table, Alufont-60 row; table visually reviewed","These are Rheinfelden published grade data, not a certificate for any Xtreme casting heat or proof of original Porsche M64/60 material. The Xtreme RR350 claim remains separately sourced in MEZGER-M026.",qualified_only
MEZGER-DE-M005,Rheinfelden RR350 / Alufont-60 casting alloy; generic grade reference for Xtreme aftermarket RR350 claim,head_casting_material,titanium composition range,"[0.15, 0.3]",mass percent,manufacturer_or_supplier_generic_material_verified,"[""SRC-MEZGER-DE-MATERIALS-RR-BASIS""]","PDF p.2, Chemical compositions table, Alufont-60 row; table visually reviewed","These are Rheinfelden published grade data, not a certificate for any Xtreme casting heat or proof of original Porsche M64/60 material. The Xtreme RR350 claim remains separately sourced in MEZGER-M026.",qualified_only
MEZGER-DE-M006,Rheinfelden RR350 / Alufont-60 casting alloy; generic grade reference for Xtreme aftermarket RR350 claim,head_casting_material,manganese composition range,"[0.1, 0.3]",mass percent,manufacturer_or_supplier_generic_material_verified,"[""SRC-MEZGER-DE-MATERIALS-RR-BASIS""]","PDF p.2, Chemical compositions table, Alufont-60 row; table visually reviewed","These are Rheinfelden published grade data, not a certificate for any Xtreme casting heat or proof of original Porsche M64/60 material. The Xtreme RR350 claim remains separately sourced in MEZGER-M026.",qualified_only
MEZGER-DE-M007,Rheinfelden RR350 / Alufont-60 casting alloy; generic grade reference for Xtreme aftermarket RR350 claim,head_casting_material,zirconium and antimony table entry,"{""range"": [0.1, 0.3], ""element_label"": ""Zr & Sb""}",mass percent,manufacturer_or_supplier_generic_material_verified,"[""SRC-MEZGER-DE-MATERIALS-RR-BASIS""]","PDF p.2, Chemical compositions table, Alufont-60 row; table visually reviewed","These are Rheinfelden published grade data, not a certificate for any Xtreme casting heat or proof of original Porsche M64/60 material. The Xtreme RR350 claim remains separately sourced in MEZGER-M026. The joint label does not resolve whether the stated range is individual or combined; do not infer a sum or separate limits.",qualified_only
MEZGER-DE-M008,Rheinfelden RR350 / Alufont-60 casting alloy; generic grade reference for Xtreme aftermarket RR350 claim,head_casting_material,silicon maximum content,0.2,mass percent,manufacturer_or_supplier_generic_material_verified,"[""SRC-MEZGER-DE-MATERIALS-RR-BASIS""]","PDF p.2, Chemical compositions table, Alufont-60 row; table visually reviewed","These are Rheinfelden published grade data, not a certificate for any Xtreme casting heat or proof of original Porsche M64/60 material. The Xtreme RR350 claim remains separately sourced in MEZGER-M026. The table introductory text defines single values as maximum contents, not nominal concentrations.",qualified_only
MEZGER-DE-M009,Rheinfelden RR350 / Alufont-60 casting alloy; generic grade reference for Xtreme aftermarket RR350 claim,head_casting_material,iron maximum content,0.3,mass percent,manufacturer_or_supplier_generic_material_verified,"[""SRC-MEZGER-DE-MATERIALS-RR-BASIS""]","PDF p.2, Chemical compositions table, Alufont-60 row; table visually reviewed","These are Rheinfelden published grade data, not a certificate for any Xtreme casting heat or proof of original Porsche M64/60 material. The Xtreme RR350 claim remains separately sourced in MEZGER-M026. The table introductory text defines single values as maximum contents, not nominal concentrations.",qualified_only
MEZGER-DE-M010,Rheinfelden RR350 / Alufont-60 casting alloy; generic grade reference for Xtreme aftermarket RR350 claim,head_casting_material,magnesium maximum content,0.1,mass percent,manufacturer_or_supplier_generic_material_verified,"[""SRC-MEZGER-DE-MATERIALS-RR-BASIS""]","PDF p.2, Chemical compositions table, Alufont-60 row; table visually reviewed","These are Rheinfelden published grade data, not a certificate for any Xtreme casting heat or proof of original Porsche M64/60 material. The Xtreme RR350 claim remains separately sourced in MEZGER-M026. The table introductory text defines single values as maximum contents, not nominal concentrations.",qualified_only
MEZGER-DE-M011,Rheinfelden RR350 / Alufont-60 casting alloy; generic grade reference for Xtreme aftermarket RR350 claim,head_casting_material,zinc maximum content,0.1,mass percent,manufacturer_or_supplier_generic_material_verified,"[""SRC-MEZGER-DE-MATERIALS-RR-BASIS""]","PDF p.2, Chemical compositions table, Alufont-60 row; table visually reviewed","These are Rheinfelden published grade data, not a certificate for any Xtreme casting heat or proof of original Porsche M64/60 material. The Xtreme RR350 claim remains separately sourced in MEZGER-M026. The table introductory text defines single values as maximum contents, not nominal concentrations.",qualified_only
MEZGER-DE-M012,Rheinfelden RR350 / Alufont-60 casting alloy; generic grade reference for Xtreme aftermarket RR350 claim,head_casting_material,T7 solution treatment temperature,"[535, 545]",degC,manufacturer_or_supplier_generic_material_verified,"[""SRC-MEZGER-DE-MATERIALS-RR-BASIS""]","PDF p.4, Heat treatment table, Alufont-60 T7 row","These are Rheinfelden published grade data, not a certificate for any Xtreme casting heat or proof of original Porsche M64/60 material. The Xtreme RR350 claim remains separately sourced in MEZGER-M026. Generic supplier heat-treatment guidance; no Xtreme or Porsche heat-treatment recipe is established. The AlCu thickness and casting-process qualifications in the adjacent introductory text must accompany application of the table.",qualified_only
MEZGER-DE-M013,Rheinfelden RR350 / Alufont-60 casting alloy; generic grade reference for Xtreme aftermarket RR350 claim,head_casting_material,T7 solution treatment hold duration,"[10, 15]",h,manufacturer_or_supplier_generic_material_verified,"[""SRC-MEZGER-DE-MATERIALS-RR-BASIS""]","PDF p.4, Heat treatment table, Alufont-60 T7 row","These are Rheinfelden published grade data, not a certificate for any Xtreme casting heat or proof of original Porsche M64/60 material. The Xtreme RR350 claim remains separately sourced in MEZGER-M026. Generic supplier heat-treatment guidance; no Xtreme or Porsche heat-treatment recipe is established. The AlCu thickness and casting-process qualifications in the adjacent introductory text must accompany application of the table.",qualified_only
MEZGER-DE-M014,Rheinfelden RR350 / Alufont-60 casting alloy; generic grade reference for Xtreme aftermarket RR350 claim,head_casting_material,T7 water quench temperature,80,degC,manufacturer_or_supplier_generic_material_verified,"[""SRC-MEZGER-DE-MATERIALS-RR-BASIS""]","PDF p.4, Heat treatment table, Alufont-60 T7 row","These are Rheinfelden published grade data, not a certificate for any Xtreme casting heat or proof of original Porsche M64/60 material. The Xtreme RR350 claim remains separately sourced in MEZGER-M026. Generic supplier heat-treatment guidance; no Xtreme or Porsche heat-treatment recipe is established. The AlCu thickness and casting-process qualifications in the adjacent introductory text must accompany application of the table.",qualified_only
MEZGER-DE-M015,Rheinfelden RR350 / Alufont-60 casting alloy; generic grade reference for Xtreme aftermarket RR350 claim,head_casting_material,T7 ageing temperature,"[210, 220]",degC,manufacturer_or_supplier_generic_material_verified,"[""SRC-MEZGER-DE-MATERIALS-RR-BASIS""]","PDF p.4, Heat treatment table, Alufont-60 T7 row","These are Rheinfelden published grade data, not a certificate for any Xtreme casting heat or proof of original Porsche M64/60 material. The Xtreme RR350 claim remains separately sourced in MEZGER-M026. Generic supplier heat-treatment guidance; no Xtreme or Porsche heat-treatment recipe is established. The AlCu thickness and casting-process qualifications in the adjacent introductory text must accompany application of the table.",qualified_only
MEZGER-DE-M016,Rheinfelden RR350 / Alufont-60 casting alloy; generic grade reference for Xtreme aftermarket RR350 claim,head_casting_material,T7 ageing duration,"[12, 16]",h,manufacturer_or_supplier_generic_material_verified,"[""SRC-MEZGER-DE-MATERIALS-RR-BASIS""]","PDF p.4, Heat treatment table, Alufont-60 T7 row","These are Rheinfelden published grade data, not a certificate for any Xtreme casting heat or proof of original Porsche M64/60 material. The Xtreme RR350 claim remains separately sourced in MEZGER-M026. Generic supplier heat-treatment guidance; no Xtreme or Porsche heat-treatment recipe is established. The AlCu thickness and casting-process qualifications in the adjacent introductory text must accompany application of the table.",qualified_only
MEZGER-DE-M017,Rheinfelden RR350 / Alufont-60 casting alloy; generic grade reference for Xtreme aftermarket RR350 claim,head_casting_material,wall-thickness scope of AlCu solution-treatment table,8,mm maximum,manufacturer_or_supplier_generic_material_verified,"[""SRC-MEZGER-DE-MATERIALS-RR-BASIS""]","PDF p.4, introductory Heat treatment paragraph","These are Rheinfelden published grade data, not a certificate for any Xtreme casting heat or proof of original Porsche M64/60 material. The Xtreme RR350 claim remains separately sourced in MEZGER-M026. This is the applicability threshold for generic AlCu heat-treatment guidance, not a measured Porsche or Xtreme head wall thickness. The text assigns shorter holds to permanent-mould castings and longer holds to sand castings; thicker castings are given a separate 10 degC lower, 12–18 h general rule.",qualified_only
MEZGER-DE-M018,Rheinfelden RR350 / Alufont-60 casting alloy; generic grade reference for Xtreme aftermarket RR350 claim,head_casting_material,supplier creep-resistance temperature statement,200,degC,manufacturer_or_supplier_generic_material_verified,"[""SRC-MEZGER-DE-MATERIALS-RR-PRODUCT""]","Alufont-60 section, Characteristic properties","These are Rheinfelden published grade data, not a certificate for any Xtreme casting heat or proof of original Porsche M64/60 material. The Xtreme RR350 claim remains separately sourced in MEZGER-M026. The supplier describes good creep resistance up to this temperature; this is not a validated cylinder-head metal-temperature limit or a stress-dependent creep curve.",qualified_only
MEZGER-DE-M019,Rheinfelden RR350 / Alufont-60 casting alloy; generic grade reference for Xtreme aftermarket RR350 claim,head_casting_material,sand-cast T7 0.2 percent proof stress,"{""published_range"": [145, 165], ""parenthetical_value"": 140}",N/mm2,manufacturer_or_supplier_generic_material_verified,"[""SRC-MEZGER-DE-MATERIALS-RR-PRODUCT""]","Alufont-60 Mechanical properties table, Sandguss T7 row","These are Rheinfelden published grade data, not a certificate for any Xtreme casting heat or proof of original Porsche M64/60 material. The Xtreme RR350 claim remains separately sourced in MEZGER-M026. Preserve the sand-cast T7 condition and the parenthetical figure. The retrieved webpage does not explain the parenthetical convention or test temperature; do not call it a guaranteed actual-part minimum, an elevated-temperature value or an Xtreme investment-cast/HIP property.",qualified_only
MEZGER-DE-M020,Rheinfelden RR350 / Alufont-60 casting alloy; generic grade reference for Xtreme aftermarket RR350 claim,head_casting_material,sand-cast T7 tensile strength,"{""published_range"": [180, 220], ""parenthetical_value"": 180}",N/mm2,manufacturer_or_supplier_generic_material_verified,"[""SRC-MEZGER-DE-MATERIALS-RR-PRODUCT""]","Alufont-60 Mechanical properties table, Sandguss T7 row","These are Rheinfelden published grade data, not a certificate for any Xtreme casting heat or proof of original Porsche M64/60 material. The Xtreme RR350 claim remains separately sourced in MEZGER-M026. Preserve the sand-cast T7 condition and the parenthetical figure. The retrieved webpage does not explain the parenthetical convention or test temperature; do not call it a guaranteed actual-part minimum, an elevated-temperature value or an Xtreme investment-cast/HIP property.",qualified_only
MEZGER-DE-M021,Rheinfelden RR350 / Alufont-60 casting alloy; generic grade reference for Xtreme aftermarket RR350 claim,head_casting_material,sand-cast T7 elongation,"{""published_range"": [1, 1.5], ""parenthetical_value"": 1}",percent,manufacturer_or_supplier_generic_material_verified,"[""SRC-MEZGER-DE-MATERIALS-RR-PRODUCT""]","Alufont-60 Mechanical properties table, Sandguss T7 row","These are Rheinfelden published grade data, not a certificate for any Xtreme casting heat or proof of original Porsche M64/60 material. The Xtreme RR350 claim remains separately sourced in MEZGER-M026. Preserve the sand-cast T7 condition and the parenthetical figure. The retrieved webpage does not explain the parenthetical convention or test temperature; do not call it a guaranteed actual-part minimum, an elevated-temperature value or an Xtreme investment-cast/HIP property.",qualified_only
MEZGER-DE-M022,Rheinfelden RR350 / Alufont-60 casting alloy; generic grade reference for Xtreme aftermarket RR350 claim,head_casting_material,sand-cast T7 Brinell hardness,"{""published_range"": [85, 95], ""parenthetical_value"": 85}",HBW,manufacturer_or_supplier_generic_material_verified,"[""SRC-MEZGER-DE-MATERIALS-RR-PRODUCT""]","Alufont-60 Mechanical properties table, Sandguss T7 row","These are Rheinfelden published grade data, not a certificate for any Xtreme casting heat or proof of original Porsche M64/60 material. The Xtreme RR350 claim remains separately sourced in MEZGER-M026. Preserve the sand-cast T7 condition and the parenthetical figure. The retrieved webpage does not explain the parenthetical convention or test temperature; do not call it a guaranteed actual-part minimum, an elevated-temperature value or an Xtreme investment-cast/HIP property.",qualified_only
MEZGER-DE-M023,Smiths High Performance 2618A to DTD 5014 / 5014A; generic stock material for motorsport,piston_or_compressor_stock_material,copper composition range,"[1.8, 2.7]",mass percent,manufacturer_or_supplier_generic_material_verified,"[""SRC-MEZGER-DE-MATERIALS-2618A""]","PDF p.2, Chemical composition for DTD 5014 table","No source establishes that a MAHLE PP102-012N piston or a MAMBATEK wheel uses this exact 2618A stock specification, temper, chemistry or thickness category. Do not equate the documented 2618A supplier grade with every product advertised as 2618.",qualified_only
MEZGER-DE-M024,Smiths High Performance 2618A to DTD 5014 / 5014A; generic stock material for motorsport,piston_or_compressor_stock_material,magnesium composition range,"[1.2, 1.8]",mass percent,manufacturer_or_supplier_generic_material_verified,"[""SRC-MEZGER-DE-MATERIALS-2618A""]","PDF p.2, Chemical composition for DTD 5014 table","No source establishes that a MAHLE PP102-012N piston or a MAMBATEK wheel uses this exact 2618A stock specification, temper, chemistry or thickness category. Do not equate the documented 2618A supplier grade with every product advertised as 2618.",qualified_only
MEZGER-DE-M025,Smiths High Performance 2618A to DTD 5014 / 5014A; generic stock material for motorsport,piston_or_compressor_stock_material,nickel composition range,"[0.8, 1.4]",mass percent,manufacturer_or_supplier_generic_material_verified,"[""SRC-MEZGER-DE-MATERIALS-2618A""]","PDF p.2, Chemical composition for DTD 5014 table","No source establishes that a MAHLE PP102-012N piston or a MAMBATEK wheel uses this exact 2618A stock specification, temper, chemistry or thickness category. Do not equate the documented 2618A supplier grade with every product advertised as 2618.",qualified_only
MEZGER-DE-M026,Smiths High Performance 2618A to DTD 5014 / 5014A; generic stock material for motorsport,piston_or_compressor_stock_material,iron composition range,"[0.9, 1.4]",mass percent,manufacturer_or_supplier_generic_material_verified,"[""SRC-MEZGER-DE-MATERIALS-2618A""]","PDF p.2, Chemical composition for DTD 5014 table","No source establishes that a MAHLE PP102-012N piston or a MAMBATEK wheel uses this exact 2618A stock specification, temper, chemistry or thickness category. Do not equate the documented 2618A supplier grade with every product advertised as 2618.",qualified_only
MEZGER-DE-M027,Smiths High Performance 2618A to DTD 5014 / 5014A; generic stock material for motorsport,piston_or_compressor_stock_material,composition maximum limits,"{""Si"": 0.25, ""Mn"": 0.2, ""Zn"": 0.1, ""Ti_plus_Zr"": 0.2, ""Pb"": 0.05, ""Sn"": 0.05}",mass percent,manufacturer_or_supplier_generic_material_verified,"[""SRC-MEZGER-DE-MATERIALS-2618A""]","PDF p.2, Chemical composition for DTD 5014 table","No source establishes that a MAHLE PP102-012N piston or a MAMBATEK wheel uses this exact 2618A stock specification, temper, chemistry or thickness category. Do not equate the documented 2618A supplier grade with every product advertised as 2618. Aluminium is shown as remainder; Ti+Zr is a combined limit. These are maxima, not measured contents.",qualified_only
MEZGER-DE-M028,Smiths High Performance 2618A to DTD 5014 / 5014A; generic stock material for motorsport,piston_or_compressor_stock_material,T6 bar/section minimum mechanical properties,"{""stock_dimension_scope"": {""maximum_mm"": 10}, ""proof_stress_0_2_percent_MPa"": 320, ""ultimate_tensile_strength_MPa"": 400, ""elongation_percent_on_50mm"": 5}",,manufacturer_or_supplier_generic_material_verified,"[""SRC-MEZGER-DE-MATERIALS-2618A""]","PDF p.2, Mechanical properties table, T6 Bar/Sections, DTD 5014A","No source establishes that a MAHLE PP102-012N piston or a MAMBATEK wheel uses this exact 2618A stock specification, temper, chemistry or thickness category. Do not equate the documented 2618A supplier grade with every product advertised as 2618. These values concern stock bar/sections. The thickness column is not a piston crown, a compressor blade or finished engine-part thickness.",qualified_only
MEZGER-DE-M029,Smiths High Performance 2618A to DTD 5014 / 5014A; generic stock material for motorsport,piston_or_compressor_stock_material,T6 bar/section minimum mechanical properties,"{""stock_dimension_scope"": {""minimum_exclusive_mm"": 10, ""maximum_mm"": 100}, ""proof_stress_0_2_percent_MPa"": 340, ""ultimate_tensile_strength_MPa"": 420, ""elongation_percent_on_50mm"": 7}",,manufacturer_or_supplier_generic_material_verified,"[""SRC-MEZGER-DE-MATERIALS-2618A""]","PDF p.2, Mechanical properties table, T6 Bar/Sections, DTD 5014A","No source establishes that a MAHLE PP102-012N piston or a MAMBATEK wheel uses this exact 2618A stock specification, temper, chemistry or thickness category. Do not equate the documented 2618A supplier grade with every product advertised as 2618. These values concern stock bar/sections. The thickness column is not a piston crown, a compressor blade or finished engine-part thickness.",qualified_only
MEZGER-DE-M030,Smiths High Performance 2618A to DTD 5014 / 5014A; generic stock material for motorsport,piston_or_compressor_stock_material,supplier elevated-temperature service statements,"{""mechanical_strength_retention_to_degC"": 200, ""service_capability_to_degC"": 300}",,manufacturer_or_supplier_generic_material_verified,"[""SRC-MEZGER-DE-MATERIALS-2618A""]","PDF p.1, Supply options paragraph","No source establishes that a MAHLE PP102-012N piston or a MAMBATEK wheel uses this exact 2618A stock specification, temper, chemistry or thickness category. Do not equate the documented 2618A supplier grade with every product advertised as 2618. Narrative supplier statement with no stress, duration, fatigue life or hot-strength curve; 300 degC must not be used as a validated turbo wheel or piston design allowable.",qualified_only
MEZGER-DE-M031,Generic Ni–SiC plated cylinder technologies (Galnikal/Nikasil) in Motorservice 2006 guide,cylinder_running_surface,average nickel coating thickness range,"[10, 50]",micrometre,manufacturer_or_supplier_generic_material_verified,"[""SRC-MEZGER-DE-MATERIALS-MS-ALUMINIUM""]","Printed/PDF p.26 §2.4.5, Nickel-plated cylinder surfaces","Generic historical process data; no particular Porsche 993 Turbo, supplier production lot or finished cylinder is named. Do not merge with LN NSC post-honing thickness 101.6–127 micrometres or treat as an OEM acceptance tolerance. The paragraph does not explicitly identify the quoted thickness as a post-honing measurement, per-side repair build-up or a modern process limit.",qualified_only
MEZGER-DE-M032,Generic Ni–SiC plated cylinder technologies (Galnikal/Nikasil) in Motorservice 2006 guide,cylinder_running_surface,embedded silicon-carbide volume fraction,"[7, 10]",volume percent,manufacturer_or_supplier_generic_material_verified,"[""SRC-MEZGER-DE-MATERIALS-MS-ALUMINIUM""]",Printed/PDF p.26 §2.4.5,"Generic historical process data; no particular Porsche 993 Turbo, supplier production lot or finished cylinder is named. Do not merge with LN NSC post-honing thickness 101.6–127 micrometres or treat as an OEM acceptance tolerance.",qualified_only
MEZGER-DE-M033,Generic Ni–SiC plated cylinder technologies (Galnikal/Nikasil) in Motorservice 2006 guide,cylinder_substrate,example compatible aluminium casting substrate,AlSi9Cu3,,manufacturer_or_supplier_generic_material_verified,"[""SRC-MEZGER-DE-MATERIALS-MS-ALUMINIUM""]",Printed/PDF p.26 §2.4.5,"Generic historical process data; no particular Porsche 993 Turbo, supplier production lot or finished cylinder is named. Do not merge with LN NSC post-honing thickness 101.6–127 micrometres or treat as an OEM acceptance tolerance. This is an example generic substrate, not an established Porsche M64/60 cylinder or crankcase alloy.",qualified_only
MEZGER-DE-M034,Generic ALUSIL monolithic cylinder-block technology,cylinder_substrate,commonly used alloy and nominal silicon content,"{""alloy"": ""AlSi17Cu4Mg"", ""nominal_silicon_mass_percent"": 17}",,manufacturer_or_supplier_generic_material_verified,"[""SRC-MEZGER-DE-MATERIALS-MS-ALUMINIUM""]",Printed/PDF p.22 §2.4.2,ALUSIL reference only; this does not identify 993 Turbo Nikasil cylinders or its crankcase as AlSi17Cu4Mg.,qualified_only
MEZGER-DE-M035,Generic ALUSIL monolithic cylinder-block technology,cylinder_running_surface,primary silicon crystal size range,"[20, 70]",micrometre,manufacturer_or_supplier_generic_material_verified,"[""SRC-MEZGER-DE-MATERIALS-MS-ALUMINIUM""]",Printed/PDF p.22 §2.4.2,Primary silicon crystals in hypereutectic ALUSIL are distinct from 1–3 micrometre SiC particles in nickel coatings. This is not Porsche Nikasil microstructure.,qualified_only
MEZGER-DE-M036,Motorservice ALUSIL repair sleeve blanks in engines originally using nickel-plated running surfaces,piston_cylinder_pair,supplier compatibility restriction,ALUSIL repair blanks are not compatible with the uncoated pistons used with nickel-plated running surfaces; ALUSIL requires an iron-coated piston running partner such as Ferrocoat.,,manufacturer_or_supplier_generic_material_verified,"[""SRC-MEZGER-DE-MATERIALS-MS-BLANKS""]","PDF p.1, Caution box","This is the supplier warning for its ALUSIL blanks and piston pairing, not a fully qualified conversion route for a Porsche engine.",qualified_only
MEZGER-DE-M037,Generic exposed-silicon aluminium cylinder technology in MAHLE machining guide,cylinder_running_surface,recession depth of soft aluminium during silicon exposure,"[0.3, 0.7]",micrometre,manufacturer_or_supplier_generic_material_verified,"[""SRC-MEZGER-DE-MATERIALS-MAHLE-HONE""]",Printed p.22 / PDF p.24 §2.8.4,"This is the local aluminium recession that creates oil-retaining volume between silicon crystals. It is not nickel coating thickness, piston clearance, cylinder wall thickness or a Porsche M64/60 machining specification.",qualified_only
MEZGER-DE-M038,Generic monolithic aluminium cylinder-block example in MAHLE machining guide,cylinder_substrate,supplier material designation,Hypereutectic Al–Si Silumal; MAHLE material 147,,manufacturer_or_supplier_generic_material_verified,"[""SRC-MEZGER-DE-MATERIALS-MAHLE-HONE""]","Printed p.12 / PDF p.14 §2.2, Monolithic engine block","A general MAHLE technology example, not an identification of the Porsche M64/60 case or its separate Nikasil cylinders; no normalized full chemistry is supplied here.",qualified_only
MEZGER-DE-T001,MAMBATEK aftermarket kit 015-2218-2 for Porsche 993 M64.60 K16-6735/6736,turbocharger,Named donor identifiers,"[""5316-970-6735"", ""5316-970-6736"", ""5316-988-6735"", ""5316-988-6736""]",,supplier_document_verified,"[""SRC-MEZGER-DE-MAMBA-993-K16-015-2218-2""]",Product Information / Application,Supplier-declared aftermarket replacement/upgrade product; not a material certificate or measurement of original Porsche/BorgWarner wheels. The source year span 94~07 is inconsistent with 993 production and is not adopted.,qualified_only
MEZGER-DE-T002,MAMBATEK aftermarket kit 015-2218-2 for Porsche 993 M64.60 K16-6735/6736,compressor_wheel,Declared material and construction,2618 aluminium billet,,supplier_document_verified,"[""SRC-MEZGER-DE-MAMBA-993-K16-015-2218-2""]",Product Information / Compressor Wheel,Supplier-declared aftermarket replacement/upgrade product; not a material certificate or measurement of original Porsche/BorgWarner wheels. The source year span 94~07 is inconsistent with 993 production and is not adopted. Temper and billet/forging pedigree are not stated.,qualified_only
MEZGER-DE-T003,MAMBATEK aftermarket kit 015-2218-2 for Porsche 993 M64.60 K16-6735/6736,compressor_wheel,Declared diameters,"{""inducer_mm"": 40.5, ""exducer_mm"": 60.5, ""extended_tip_od_mm"": 64.18}",mm,supplier_document_verified,"[""SRC-MEZGER-DE-MAMBA-993-K16-015-2218-2""]",Product Information / Compressor Wheel,"Supplier-declared aftermarket replacement/upgrade product; not a material certificate or measurement of original Porsche/BorgWarner wheels. The source year span 94~07 is inconsistent with 993 production and is not adopted. Extended-tip diameter is a separate datum, not the ordinary 60.5 mm exducer value.",qualified_only
MEZGER-DE-T004,MAMBATEK aftermarket kit 015-2218-2 for Porsche 993 M64.60 K16-6735/6736,compressor_wheel,Blade arrangement,6+6,,supplier_document_verified,"[""SRC-MEZGER-DE-MAMBA-993-K16-015-2218-2""]",Product Information / Compressor Wheel,"Supplier-declared aftermarket replacement/upgrade product; not a material certificate or measurement of original Porsche/BorgWarner wheels. The source year span 94~07 is inconsistent with 993 production and is not adopted. No blade profile, thickness, hub contour or tolerance supplied.",qualified_only
MEZGER-DE-T005,MAMBATEK aftermarket kit 015-2218-2 for Porsche 993 M64.60 K16-6735/6736,turbine_wheel,Declared alloy,Inconel 713C,,supplier_document_verified,"[""SRC-MEZGER-DE-MAMBA-993-K16-015-2218-2""]",Product Information / Turbine wheel,Supplier-declared aftermarket replacement/upgrade product; not a material certificate or measurement of original Porsche/BorgWarner wheels. The source year span 94~07 is inconsistent with 993 production and is not adopted. Not Inconel 625 exhaust material; no casting process or heat treatment disclosed.,qualified_only
MEZGER-DE-T006,MAMBATEK aftermarket kit 015-2218-2 for Porsche 993 M64.60 K16-6735/6736,turbine_wheel,Declared diameters,"{""exducer_mm"": 49, ""inducer_mm"": 55}",mm,supplier_document_verified,"[""SRC-MEZGER-DE-MAMBA-993-K16-015-2218-2""]",Product Information / Turbine wheel,Supplier-declared aftermarket replacement/upgrade product; not a material certificate or measurement of original Porsche/BorgWarner wheels. The source year span 94~07 is inconsistent with 993 production and is not adopted. Supplier explicitly labels exducer/inducer in this order; not a tolerance or stock-wheel profile.,qualified_only
MEZGER-DE-T007,MAMBATEK aftermarket kit 015-2218-2 for Porsche 993 M64.60 K16-6735/6736,turbine_wheel,Blade count,9,blades,supplier_document_verified,"[""SRC-MEZGER-DE-MAMBA-993-K16-015-2218-2""]",Product Information / Turbine wheel,Supplier-declared aftermarket replacement/upgrade product; not a material certificate or measurement of original Porsche/BorgWarner wheels. The source year span 94~07 is inconsistent with 993 production and is not adopted. This nine-blade upgrade must not replace the existing evidence for the original twelve-blade K16 wheel.,qualified_only
MEZGER-DE-T008,MAMBATEK aftermarket kit 015-2218-2 for Porsche 993 M64.60 K16-6735/6736,bearing,Thrust bearing oil-hole count,3,holes,supplier_document_verified,"[""SRC-MEZGER-DE-MAMBA-993-K16-015-2218-2""]",Product Information / Repair kit,"Supplier-declared aftermarket replacement/upgrade product; not a material certificate or measurement of original Porsche/BorgWarner wheels. The source year span 94~07 is inconsistent with 993 production and is not adopted. No bearing alloy, oil-hole diameter, oil-pressure condition or load rating supplied.",qualified_only
MEZGER-DE-T009,MAMBATEK aftermarket kit 015-2218-2 for Porsche 993 M64.60 K16-6735/6736,rotor_assembly,Assembly balance statement,Individual compressor and turbine wheels are supplied balanced using Schenck equipment; supplier recommends balancing the assembled CHRA again,,supplier_document_verified,"[""SRC-MEZGER-DE-MAMBA-993-K16-015-2218-2""]",Product Information / Product Situation,"Supplier-declared aftermarket replacement/upgrade product; not a material certificate or measurement of original Porsche/BorgWarner wheels. The source year span 94~07 is inconsistent with 993 production and is not adopted. No balance grade, residual imbalance, assembly test report or operating speed stated.",qualified_only
MEZGER-DE-T010,TTE650 993 K16 hybrid as described by German TTE24 retailer,compressor_wheel,Declared material family,High-strength aluminium; milled 6+6 wheels,,supplier_document_verified,"[""SRC-MEZGER-DE-TTE24-993-TTE650""]",Details / introductory paragraph,"Retailer statement, not an alloy certificate. Existing manufacturer evidence describes a 50 mm compressor wheel inlet; this source housing-inlet dimension is a different datum. Exact alloy, temper and blade thickness not given.",qualified_only
MEZGER-DE-T011,TTE650 993 K16 hybrid as described by German TTE24 retailer,compressor_housing,Declared CNC-machined inlet diameter,49.5,mm,supplier_document_verified,"[""SRC-MEZGER-DE-TTE24-993-TTE650""]",Details / Fakten,"Retailer statement, not an alloy certificate. Existing manufacturer evidence describes a 50 mm compressor wheel inlet; this source housing-inlet dimension is a different datum. No definition of measuring plane, contour or tolerance; do not merge with wheel diameter.",qualified_only
MEZGER-DE-T012,TurboZentrum Stage 2 on BorgWarner 5324-988-7003 for listed 993 GT2 430/450 PS configurations,turbocharger,Donor family reference,5324-988-7003 (alternative identifiers 5324-998-7003 and 5324-970-7003),,supplier_document_verified,"[""SRC-MEZGER-DE-TURBOZENTRUM-993-53249887003-STAGE2""]",Product description / Alternative Turbolader Nummern,"Aftermarket supplier product on a K24-family donor, not original 993 Turbo K16. No dimensional manufacturing specification or compressor map.",qualified_only
MEZGER-DE-T013,TurboZentrum Stage 2 on BorgWarner 5324-988-7003 for listed 993 GT2 430/450 PS configurations,compressor_wheel,Stage 2 process,Larger milled compressor wheel and CNC-machined compressor housing,,supplier_document_verified,"[""SRC-MEZGER-DE-TURBOZENTRUM-993-53249887003-STAGE2""]",Product description / Stage 2 Optimierung,"Aftermarket supplier product on a K24-family donor, not original 993 Turbo K16. No dimensional manufacturing specification or compressor map. Exact wheel geometry, aluminium grade, clearances and housing wall thickness remain unpublished.",qualified_only
MEZGER-DE-T014,TurboZentrum Stage 2 on BorgWarner 5324-988-7003 for listed 993 GT2 430/450 PS configurations,bearing,Stage 2 process,Reinforced radial and thrust bearings; turbine cutback and stronger pressure actuator described as conditional,,supplier_document_verified,"[""SRC-MEZGER-DE-TURBOZENTRUM-993-53249887003-STAGE2""]",Product description / Stage 2 Optimierung,"Aftermarket supplier product on a K24-family donor, not original 993 Turbo K16. No dimensional manufacturing specification or compressor map. Conditional operations must not be represented as fitted to every delivered product.",qualified_only
MEZGER-DE-T015,TurboZentrum Stage 2 on BorgWarner 5324-988-7003 for listed 993 GT2 430/450 PS configurations,engine,Claimed system output and basis,"{""basis"": ""Customer feedback; supplier calls this an average"", ""advertised_system_power_PS"": 750}",PS as printed,supplier_commercial_claim,"[""SRC-MEZGER-DE-TURBOZENTRUM-993-53249887003-STAGE2""]",Product description / Stage 2 power statement,"Aftermarket supplier product on a K24-family donor, not original 993 Turbo K16. No dimensional manufacturing specification or compressor map. Neither measured compressor capacity nor a verified dyno result, endurance result or guaranteed >550 PS outcome for a K16 conversion.",qualified_only
MEZGER-DE-T016,TurboZentrum generic O.S.T. process; specific 993 donor not established,compressor_wheel,Raw-material construction family,Milled from forged aluminium,,supplier_document_verified,"[""SRC-MEZGER-DE-TURBOZENTRUM-OST-PROCESS""]",Was ist O.S.T.? / Das Verdichterrad,"General aftermarket supplier process; not proof of OEM 993 materials or qualification of a specific K16 assembly. No exact aluminium grade, forging route or temper supplied.",qualified_only
MEZGER-DE-T017,TurboZentrum generic O.S.T. process; specific 993 donor not established,compressor_housing,Stage 2 machining process,5-axis CNC machining to accommodate the larger wheel and revise contour and gaps,,supplier_document_verified,"[""SRC-MEZGER-DE-TURBOZENTRUM-OST-PROCESS""]",Stage 2 / Das Verdichtergehäuse,"General aftermarket supplier process; not proof of OEM 993 materials or qualification of a specific K16 assembly. No machining allowance, minimum retained wall thickness or dimensional tolerances supplied.",qualified_only
MEZGER-DE-T018,TurboZentrum generic O.S.T. process; specific 993 donor not established,bearing,Coating and substrate definitions,,,documented_unknown,"[""SRC-MEZGER-DE-TURBOZENTRUM-OST-PROCESS""]",Stage 2 / Das Lager and lifetime explanation,"General aftermarket supplier process; not proof of OEM 993 materials or qualification of a specific K16 assembly. Supplier mentions a special coating on a special substrate with dry-running capability but does not disclose chemistry, coating thickness or test conditions.",teach_uncertainty_only
MEZGER-DE-T019,Aftermarket Turbosmart TS-0624-1242 actuator pair for Porsche 993 Turbo,wastegate_actuator_diaphragm,Declared sealing material family,Fluorosilicone seal reinforced with Nomex,,supplier_document_verified,"[""SRC-MEZGER-DE-TURBOZENTRUM-TURBOSMART-993-TS06241242""]",Product description / sealing construction,"German distributor specification, not factory Porsche hardware or approved operating boost. No elastomer grade, fibre architecture, thickness or temperature limit given.",qualified_only
MEZGER-DE-T020,Aftermarket Turbosmart TS-0624-1242 actuator pair for Porsche 993 Turbo,wastegate_actuator,Published pressure label,"{""bar"": 1.65, ""psi"": 24}",bar / psi as printed,supplier_document_verified,"[""SRC-MEZGER-DE-TURBOZENTRUM-TURBOSMART-993-TS06241242""]",Product description / Ladedruck,"German distributor specification, not factory Porsche hardware or approved operating boost. Not a logged manifold-boost trace or maximum permitted M64/60 pressure; installed spring/preload/control conditions are not given.",qualified_only
MEZGER-DE-T021,RUF TRIBUTE new 3.6 litre air-cooled twin-turbo engine; distinct from M64/60,crankcase_and_cylinder_heads,Declared material family,Aluminium block and aluminium cylinder heads,,supplier_document_verified,"[""SRC-MEZGER-DE-RUF-TRIBUTE-ENGINE""]",Engine architecture narrative,"New RUF-developed engine architecture, not original 993 Turbo or historic CTR2 technical evidence. Exact alloys, heat treatments and wall thicknesses are not disclosed.",qualified_only
MEZGER-DE-T022,RUF TRIBUTE new 3.6 litre air-cooled twin-turbo engine; distinct from M64/60,valvetrain,Declared architecture,Four camshafts; three-valve cylinder heads; variable cam timing and variable valve lift,,supplier_document_verified,"[""SRC-MEZGER-DE-RUF-TRIBUTE-ENGINE""]",Tradition mit einem Hauch von Modernität,"New RUF-developed engine architecture, not original 993 Turbo or historic CTR2 technical evidence. Must not be used to label the two-valve/single-cam-per-bank Porsche M64/60.",qualified_only
MEZGER-DE-T023,RUF TRIBUTE new 3.6 litre air-cooled twin-turbo engine; distinct from M64/60,engine,Declared maximum power,"{""PS"": 550, ""kW"": 405, ""engine_rpm"": 6750}",PS / kW / rpm as printed,supplier_document_verified,"[""SRC-MEZGER-DE-RUF-TRIBUTE-ENGINE""]",Übersicht der technischen Daten / Max. Leistung,"New RUF-developed engine architecture, not original 993 Turbo or historic CTR2 technical evidence. Crankshaft power/rpm point, not turbo speed, map or proof stock M64/60 supports this configuration.",qualified_only
MEZGER-DE-T024,RUF TRIBUTE new 3.6 litre air-cooled twin-turbo engine; distinct from M64/60,engine,Declared maximum torque,"{""Nm"": 750, ""engine_rpm"": 4500}",Nm / rpm,supplier_document_verified,"[""SRC-MEZGER-DE-RUF-TRIBUTE-ENGINE""]",Übersicht der technischen Daten / Max. Drehmoment,"New RUF-developed engine architecture, not original 993 Turbo or historic CTR2 technical evidence. Not a full torque curve or turbo operating point.",qualified_only
