source_id,title,url,publisher,language,edition,capture_sha256,path
SRC-PORSCHE-DE-TURBO-GENERATIONS-2024,Die 911 Turbo Generationen,https://newsroom.porsche.com/de/pressemappen/50-Jahre-Porsche-Turbo-36122/Die-911-Turbo-Generationen.html,Porsche AG / Porsche Newsroom,de,,94bcbfd109df85b2571dc83b0c86ff5055f367c159be8fcf6070a2e82211ae68,catalog/sources/src-porsche-de-turbo-generations-2024.json
SRC-PORSCHE-DE-964-HISTORY-2018,Die sieben Generationen des Porsche 911 (Teil 3) – Der Typ 964,https://newsroom.porsche.com/de/historie/porsche-911-sieben-generationen-teil-3-typ-964-16454.html,Porsche AG / Porsche Newsroom,de,,a67b2ed148f929ccaf63f800cbbd22eed43a9c2475be6ca046428e6e1bce9c4b,catalog/sources/src-porsche-de-964-history-2018.json
SRC-PORSCHE-DE-KLASSIK-TURBO-COMPARISON-2017,Die weißen Riesen,https://newsroom.porsche.com/de/historie/porsche-historie-weisse-riesen-991-turbo-964-turbo-3-6-993-turbo-s-13822.html,Porsche AG / Porsche Klassik,de,,b73c90abb5dec379d126a549003d6699e6538f75479148088e8dce79dd3415bf,catalog/sources/src-porsche-de-klassik-turbo-comparison-2017.json
SRC-PORSCHE-DE-993-TURBO-S-HERITAGE,Porsche 911 (Typ 993) Turbo S,https://newsroom.porsche.com/de/pressemappen/Porsche-Heritage-Experience/Porsche-911-%28Typ-993%29-Turbo-S.html,Porsche AG / Porsche Museum,de,,5428b0d196f6b5cc8222c9cbf9825af41747a22a239c412b9f12cbe0e01734a0,catalog/sources/src-porsche-de-993-turbo-s-heritage.json
SRC-PORSCHE-DE-CLASSIC-MAGNESIUM-CRANKCASES-2023,Neue Magnesium-Kurbelgehäuse für frühe 911,https://newsroom.porsche.com/de/2023/produkte/porsche-classic-neue-magnesium-kurbelgehaeuse-fuer-fruehe-porsche-911-31497.html,Porsche AG / Porsche Classic,de,,6a05fb4ec7792e1514eb9ea40a498808cc4cda00562acffd16de080af0413cc3,catalog/sources/src-porsche-de-classic-magnesium-crankcases-2023.json
SRC-PORSCHE-DE-993-TURBO-S-DATASHEET,Datenblatt Porsche 911 Turbo S,https://newsroom.porsche.com/dam/jcr:d9594719-7f74-40fd-a417-438419795888/Datenblatt%20Porsche%20911%20Turbo%20S.pdf,Porsche AG / Porsche Museum,de/en,,ab236b939d9b8a1a84b28166e495223ff726fbff769734693aa5bf7be64fe370,catalog/sources/src-porsche-de-993-turbo-s-datasheet.json
SRC-MEZGER-DE-RACING-TURBO-MOTORSPORT,Die Anfänge und die Turbo-Technologie im Motorsport,https://newsroom.porsche.com/de/pressemappen/50-Jahre-Porsche-Turbo-36122/Die-Anf%C3%A4nge-und-die-Turbo-Technologie-im-Motorsport.html,Porsche AG / Porsche Newsroom,de,"50 Jahre Porsche Turbo press kit, 2024",2620eb7b473b9ce26a5f879d0d8614103935dc255461eec93e8e48ca2c436f16,catalog/sources/src-mezger-de-racing-turbo-motorsport.json
SRC-MEZGER-DE-RACING-HERITAGE-935-2026,„Porsche Heritage Moments“ bringt erstmals fünf Varianten des 935 zusammen,https://newsroom.porsche.com/de/2026/historie/porsche-heritage-moments-935-norbert-singer-timo-bernhard-42017.html,Porsche AG / Porsche Newsroom,de,30 March 2026,ccdaf367f2f7e8b08dd19d9c9c3201104b9c45f531848a1621734fb11bd1670b,catalog/sources/src-mezger-de-racing-heritage-935-2026.json
SRC-MEZGER-DE-RACING-959-CAST-BLOCK,Die Porsche-Geschichte 7: Der 959 auf der IAA,https://newsroom.porsche.com/de/historie/porsche-geschichte-959-iaa-schnittmodell-12381.html,Porsche AG / Porsche Newsroom,de,30 March 2016,60f895a85ac929ffb2f4a13bb0e6aff68e081bb1a37ecf4240b2b92d57f16210,catalog/sources/src-mezger-de-racing-959-cast-block.json
SRC-MEZGER-DE-RACING-959-DAKAR-RESTORATION,Porsche bewahrt die Geschichte des 959 Paris-Dakar,https://newsroom.porsche.com/de/2023/historie/porsche-959-paris-dakar-wiederinbetriebnahme-restaurierung-messe-retro-classics-31113.html,Porsche AG / Porsche Newsroom,de,1 February 2023,c9a6980aa358eaa9e509f042f31e27fd7505ed896a8d34203096654b0873cc66,catalog/sources/src-mezger-de-racing-959-dakar-restoration.json
SRC-MEZGER-DE-RACING-MEZGER-BIOGRAPHY,Porsche trauert um Hans Mezger,https://newsroom.porsche.com/de/2020/unternehmen/porsche-trauert-um-hans-mezger-21200.html,Porsche AG / Porsche Newsroom,de,11 June 2020,2bb4172f4eaf2d96609b4ff3d5e9bc327d155a3e34907405944a8c5079928364,catalog/sources/src-mezger-de-racing-mezger-biography.json
SRC-MEZGER-DE-MATERIALS-RR-SDS,RR350 / Alufont-60 / AlCu5NiCoSbZr: German safety data sheet,https://rheinfelden-alloys.eu/wp-content/uploads/2015/08/Alufont-60_RR350_AlCu5NiCoSbZr_DE_V2.pdf,RHEINFELDEN ALLOYS GmbH & Co. KG,de,Version 2; revised 2015-08-14,d464fadf6bb37b6e33f15c6fd68ae5949a5e7208938a1a6f8e69eec344e03705,catalog/sources/src-mezger-de-materials-rr-sds.json
SRC-MEZGER-DE-MATERIALS-RR-BASIS,Basisdaten zur Verarbeitung der Hüttenaluminium-Gusslegierungen,https://rheinfelden-alloys.eu/wp-content/uploads/2016/01/Verarbeitungsbasisdaten_RHEINFELDEN-ALLOYS_2015_DE.pdf,RHEINFELDEN ALLOYS GmbH & Co. KG,de,Footer 0615; PDF modified 2015-12-21; four pages,cf19ec895bfa91cda5860678c5f1193bd21d5e2f6807472a5a7a101ab0ff238a,catalog/sources/src-mezger-de-materials-rr-basis.json
SRC-MEZGER-DE-MATERIALS-RR-PRODUCT,Alufont: Alufont-60 alloy application and mechanical properties,https://rheinfelden-alloys.eu/legierungen/alufont/,RHEINFELDEN ALLOYS,de,Undated German product page; reviewed 2026-10-03,c35f62de236fb4294097dede9622f55370a1fe5de56ce07653ee4d760bf14488,catalog/sources/src-mezger-de-materials-rr-product.json
SRC-MEZGER-DE-MATERIALS-2618A,2618A Aluminium: German technical data sheet,https://www.smithshp.com/de/assets/pdf/aluminium/hochleistungsaluminium/2618a-aluminium-deutsch.pdf,Smiths High Performance,de,Revision 2025-10-21; two pages,7fbff888f3eca167bd48aa6a1d33419abd901d2b0ebe44b8b32e6dc38a39fddb,catalog/sources/src-mezger-de-materials-2618a.json
SRC-MEZGER-DE-MATERIALS-MS-ALUMINIUM,Überholung von Aluminium-Motorblöcken,https://www.ms-motorservice.com/MediaAssets/51703_ks_50003804-01_web.pdf,MSI Motor Service International GmbH / Kolbenschmidt Pierburg,de,First edition 08.06; article 50 003 804-01; ISBN 978-3-86522-182-7; 100 pages,7e2420f20d004bde1450fa7c7c8e7fe8dfe1df1b2802de18b2235dca1c379f0c,catalog/sources/src-mezger-de-materials-ms-aluminium.json
SRC-MEZGER-DE-MATERIALS-MS-BLANKS,Alusil-Buchsenrohlinge für die Reparatur von Aluminium-Motorblöcken,https://www.ms-motorservice.com/MediaAssets/alusil-buchsenrohlinge-fuer-die-reparatur-von-aluminium-motorbloecken_56963.pdf,MS Motorservice International GmbH,de,Service information SI 1199; German issue 05/12 (032019); one page,342c2d15dcd681bdb58df460e257f29f2055cf9483165468c156ca9e6f39f3d5,catalog/sources/src-mezger-de-materials-ms-blanks.json
SRC-MEZGER-DE-MATERIALS-MAHLE-HONE,Rund um den Zylinder: German cylinder machining guide,https://www.mahle-aftermarket.com/media/homepage/facelift/media-center/workshop/honbroschur_2021/de_mahle_honbroschur_2021_ansicht_final.pdf,MAHLE Aftermarket,de,Edition 02.2021; document mahled-153/02.2021/DE; 64 PDF pages; last numbered page 60,a540b7ff71a909d99e8cafe9a904cb46399507678fb826aa4ac449c9e880054e,catalog/sources/src-mezger-de-materials-mahle-hone.json
SRC-MEZGER-DE-MAMBA-993-K16-015-2218-2,MAMBATEK heavy duty Porsche 993 K16-6735/6736 twin turbo wheel and repair kit 015-2218-2,https://www.mambatek.com/en/products/heavy-duty-porsche-993-k16-67356736-twin-turbo-cw-tw-repair-kit-2p,MAMBATEK,en,Undated live page; captured 2026-10-03,6cbab9064e8c3a05d8eb52eb56426e76673187bee16cbaa97a94c6af0c3205b5,catalog/sources/src-mezger-de-mamba-993-k16-015-2218-2.json
SRC-MEZGER-DE-TTE24-993-TTE650,Tij-Power TTE24 German TTE650K16 (5050) upgrade turbochargers for Porsche 993 Turbo,https://www.tte24.net/product_info.php?products_id=1430,Tij-Power / tte24.net,de,Undated live page; captured 2026-10-03,e32cfc7bb9178e1d2a57664132734183d81ec495242d953f7025b9dfd6faf2d1,catalog/sources/src-mezger-de-tte24-993-tte650.json
SRC-MEZGER-DE-TURBOZENTRUM-993-53249887003-STAGE2,TurboZentrum German 993 3.6 Turbo Stage upgrade on BorgWarner 5324-988-7003 donor,https://www.turbozentrum.de/Porsche-911-993-36-Turbo-Upgrade-Turbo-53249887003,TurboZentrum GmbH,de,Undated live page; captured 2026-10-03,28e731182dbf19ef7593709418617bee6aabfd66cce8cc298591db67aeaee94d,catalog/sources/src-mezger-de-turbozentrum-993-53249887003-stage2.json
SRC-MEZGER-DE-TURBOZENTRUM-OST-PROCESS,TurboZentrum German O.S.T. Stage 2 and Stage 1 compressor machining and bearing process,https://www.turbozentrum.de/OST-Details-Stage2,TurboZentrum GmbH,de,Undated live page; captured 2026-10-03,ddf9663f1a018705c00cd7ed06b0d559815b1495896098f98138a5b624ade8f2,catalog/sources/src-mezger-de-turbozentrum-ost-process.json
SRC-MEZGER-DE-TURBOZENTRUM-TURBOSMART-993-TS06241242,TurboZentrum German Turbosmart Porsche 993 Turbo actuator TS-0624-1242,https://www.turbozentrum.de/Druckdose-Porsche-993-Turbo-165-bar-24-psi-TS-0624-1242,"TurboZentrum GmbH, distributing Turbosmart",de,Undated live page; captured 2026-10-03,05a8c70a418e8dc35c901f620fa3000b83511ab4520e26529fda45a7d7398fee,catalog/sources/src-mezger-de-turbozentrum-turbosmart-993-ts06241242.json
SRC-MEZGER-DE-RUF-TRIBUTE-ENGINE,RUF German TRIBUTE: new air-cooled aluminium 3.6 litre twin-turbo engine,https://www.ruf-automobile.de/de/modelle/ruf-tribute/,RUF Automobile GmbH,de,Undated live page; captured 2026-10-03,ae10e610f6c1fc75951b8ae8ce806c18805603126bee6085f3213111aac3c33d,catalog/sources/src-mezger-de-ruf-tribute-engine.json
SRC-MEZGER-DE-MTZ-ENGINE,Der neue Motor des Porsche 911 Turbo,https://link.springer.com/article/10.1007/BF03227310,Springer Nature; Porsche AG authors,de,2000-11,27926053f80fefda693643710ffeb75818340a25cd12fde827108fce81f164f7,catalog/sources/src-mezger-de-mtz-engine.json
SRC-MEZGER-DE-ATZ-TURBO-1,Der neue Porsche 911 Turbo — Teil 1,https://link.springer.com/article/10.1007/BF03224321,Springer Nature; Porsche AG authors,de,2000-11,be523e17239791bd55b0ca3e654ff25a668f16f721d99dd8d330f255f24f40e8,catalog/sources/src-mezger-de-atz-turbo-1.json
SRC-MEZGER-DE-ATZ-TURBO-2,Der neue Porsche 911 Turbo — Teil 2,https://link.springer.com/article/10.1007/BF03224336,Springer Nature; Porsche AG authors,de,2000-12,6df06c43a231a0044107f46635d8516b7ea586b38429d5b11a078a63cfe23491,catalog/sources/src-mezger-de-atz-turbo-2.json
