id,domain,quantity,canonical_units,minimum_level,first_model_role,conditions_and_definition,depends_on,required_evidence,gap,admission_status,current_evidence_ids,legacy_contract_ids,applicability_condition
I01,identity_geometry,"Named variant, engine revision and assembly/build identity",identifier,L0,mandatory for physically interpretable first cold-flow model; assumption only for an explicitly hypothetical model,Use project specimen/build aliases and engine/assembly revision; keep private serial/vehicle identifiers outside the package.,,Variant-specific primary documentation plus specimen/assembly identification.,No named specimen/variant admitted for the scan.,not_admitted_for_named_935_variant,S_CONTRACT; S_SCAN; S_LEGACY_INDEX,,
I02,identity_geometry,Scan/export scale and independent dimensional calibration,m; relative uncertainty 1,L0,mandatory for physically interpretable first cold-flow model; assumption only for an explicitly hypothetical model,"Export units and at least two independently measured dimensions, instrument uncertainty and temperature; do not use a catalogue diameter to scale the scan.",I01,Export metadata and traceable outside-diameter/bore metrology.,OBJ scale unknown; filename is not calibration.,not_admitted_for_named_935_variant,S_CONTRACT; S_SCAN,scan.calibration_uncertainty,
I03,identity_geometry,"Raw geometry provenance, derivative rights and reconstruction history",identifier; 4x4 transform,L0,raw provenance/use scope required; redistribution permission required only if publishing restricted derivatives,"Immutable raw digest; acquisition passes, transforms, repair/deviation history and scope of permitted reuse.",I01,Rights statement plus traceable reconstruction and immutable raw intake.,Private acquisition known; derivative publication rights and pass alignment unresolved.,not_admitted_for_named_935_variant,S_CONTRACT; S_SCAN,scan.pass_registration,
I04,identity_geometry,"Horizontal arrangement, datum frame, rotation axis and gravity",m; rad; m/s^2,L0,mandatory for physically interpretable first cold-flow model; assumption only for an explicitly hypothetical model,"Define whether horizontal means disk plane or shaft. Declare vehicle/engine frame, fan axis, inlet/outlet normals, world transform and gravity; do not inherit +Z from an old USD asset.",I01; I02,Measured assembly datums and dimensioned coordinate convention.,Physical horizontal mounting/frame not admitted.,not_admitted_for_named_935_variant,S_CONTRACT; S_USD,,
I05,identity_geometry,Editable rotor geometry and topology,m,L1,mandatory for physically interpretable first cold-flow model; assumption only for an explicitly hypothetical model,"Blade count/handedness, section/pitch/camber/thickness/root/hub geometry and intentional openings; deviations and uncertainty.",I01; I02; I03; I04,Measured reconstructed source plus independent closedness/intersection/topology/deviation checks.,Open two-component scan and unqualified existing hypotheses are not a functional 935 reference.,not_admitted_for_named_935_variant,S_CONTRACT; S_SCAN; S_CFD,rotor.handedness; blade.thickness_curve; blade.root_fillet,
I06,identity_geometry,"Shroud, inlet, support/stator geometry and cold gaps",m; rad,L1,mandatory for physically interpretable first cold-flow model; assumption only for an explicitly hypothetical model,Minimum tip and axial clearances at stated assembly temperature; shroud/cone/stators/obstructions and leakage paths. Geometry of external stationary components can matter even when their internals do not.,I04; I05,"Variant-matched CAD/metrology, runout and tolerance stack.",No admitted 935 housing or gap stack.,not_admitted_for_named_935_variant,S_CONTRACT,housing.supports_stators; clearance.tip_cold; clearance.axial_cold,
I07,identity_geometry,Functional shaft/hub/bearing/drive interfaces and load path,m; N; N*m,L2,defer from isolated cold-flow model; needed at this later fidelity level,"Seats, bores, mounting faces, threads/key/spline/bolt interfaces, stack, preload and radial/axial load paths.",I01; I04; I05,Dimensioned measured interfaces and independent assembly contract.,Measured horizontal drive interfaces absent.,not_admitted_for_named_935_variant,S_CONTRACT; S_POLICY,,
I08,identity_geometry,Operating minimum gaps and expansion envelope,m; K,L3,defer from isolated cold-flow model; needed at this later fidelity level,"Combine tolerances, thermal and centrifugal growth, bearing deflection and runout without double-counting uncertainty.",I06; I07; D05; D06; T10,Correlated temperature/deformation/support model and operating metrology.,No qualified hot/rotating clearance envelope.,not_admitted_for_named_935_variant,S_CONTRACT,clearance.minimum_operating,
A01,aerodynamics,Signed fan speed and aerodynamic speed envelope,rpm; rad/s,L1,mandatory for physically interpretable first cold-flow model; assumption only for an explicitly hypothetical model,"Continuous points, sweep endpoints, acceleration and overshoot; store rpm and convert explicitly. Prescribed exploratory rpm is not an approved operating limit.",I04,Synchronized fan tachometry or variant-specific drive relation.,No measured 935 fan-speed envelope.,not_admitted_for_named_935_variant,S_CONTRACT,drive.rotor_speed,
A02,aerodynamics,"Rotation direction, blade handedness and observation view",sign; unit vector,L1,mandatory for physically interpretable first cold-flow model; assumption only for an explicitly hypothetical model,State CW/CCW together with observer position/view direction and signed fan axis. Check intended flow direction independently; photographs without a view convention are insufficient.,I04; I05,Primary assembly direction specification or witnessed rotation with frame.,View/sign/handedness of target assembly unresolved.,not_admitted_for_named_935_variant,S_CONTRACT,rotor.handedness,
A03,aerodynamics,"Inlet total pressure, total temperature and air composition",Pa absolute; K; mass fraction,L1,mandatory for physically interpretable first cold-flow model; assumption only for an explicitly hypothetical model,"Distinguish inlet air from ambient and charge air; identify stations, pressure type, recirculation, humidity/composition and uncertainty.",I04,Calibrated station measurements at specified operating points.,No named inlet state or station measurements.,not_admitted_for_named_935_variant,S_CONTRACT,fluid.inlet_temperature,
A04,aerodynamics,"Inlet turbulence, swirl and spatial profiles",m/s; 1; m,L1,mandatory for physically interpretable first cold-flow model; assumption only for an explicitly hypothetical model,"Velocity/swirl profile, turbulence intensity and length scale or model-consistent quantities; alternatives are labeled sensitivities.",A03; I06,Traverse/measurement or admitted upstream representation.,No inlet profile; any uniform profile is an assumption.,not_admitted_for_named_935_variant,S_CONTRACT,,
A05,aerodynamics,Outlet static pressure/backpressure and pressure stations,Pa absolute or Pa gauge with reference,L1,mandatory for physically interpretable first cold-flow model; assumption only for an explicitly hypothetical model,"Specify outlet station and reference, fan pressure-rise definition, static/total quantities and pressure-sweep points. Do not prescribe both flow and pressure as independent constraints unless physically justified.",A03; I06,Calibrated fan bench boundary conditions or matched resistance network.,No target outlet/installed backpressure.,not_admitted_for_named_935_variant,S_CONTRACT,,
A06,aerodynamics,"Air density, viscosity, heat capacity, conductivity and compressibility basis",kg/m^3; Pa*s; J/(kg*K); W/(m*K); 1,L1,mandatory for physically interpretable first cold-flow model; assumption only for an explicitly hypothetical model,Property functions at the admitted pressure/temperature/composition; assess Mach and compressibility from the actual operating/geometry conditions.,I05; A01; A03,Referenced property model plus regime assessment.,No admitted target state/property basis.,not_admitted_for_named_935_variant,S_CONTRACT,fluid.viscosity_cp_conductivity,
A07,aerodynamics,"Installed air inlet/outlet paths, sealing and recirculation",m; Pa; kg/s,L2,defer from isolated cold-flow model; needed at this later fidelity level,"Vehicle speed, external pressure zones, grilles/bodywork, engine-bay inlet, outlet routing, sealing/leakage and obstructions.",I06; A03; A05,Variant-matched assembly CAD and pressure/flow measurements.,No identified installed horizontal air circuit.,not_admitted_for_named_935_variant,S_CONTRACT,system.inlet_geometry; system.downstream_geometry; system.vehicle_conditions,
A08,aerodynamics,Cooling branch resistance and flow split,Pa versus kg/s,L2,defer from isolated cold-flow model; needed at this later fidelity level,"Each named head/cylinder/auxiliary branch, leakage branch and cooler path; specify whether losses use pressure or pressure-squared laws and calibration domain.",I01; A07; T01,Measured loss curves or validated porous/network model.,No per-branch resistance map.,not_admitted_for_named_935_variant,S_CONTRACT,system.branch_resistance; test.branch_flow_distribution,
A09,aerodynamics,Fan performance validation map,kg/s or m^3/s with density; Pa; N*m; W,L2,defer from isolated cold-flow model; needed at this later fidelity level,"Matched signed speeds, pressure stations, inlet states, fixture corrections, flow-pressure-torque/power map and uncertainty.",A01; A02; A03; A05,Instrumented fan bench points/curve with calibration.,No correlated horizontal 935 fan bench map.,not_admitted_for_named_935_variant,S_CONTRACT,test.shaft_torque,
A10,aerodynamics,Unsteady interactions and pressure/acoustic validation,Pa; Hz; s,L4,defer from isolated cold-flow model; needed at this later fidelity level,"Rotor-stator/drive interactions, blade passage and engine-order forcing; phase/sampling/time-step and observation locations.",I06; A01; A07; D07,Time-synchronized pressure/vibration data and transient refinement.,No target unsteady pressure or phase-resolved data.,not_admitted_for_named_935_variant,S_CONTRACT,test.unsteady_pressure,
A11,aerodynamics,Numerical geometry/mesh and convergence contract,m; 1; residual conventions,L1,mandatory for physically interpretable first cold-flow model; assumption only for an explicitly hypothetical model,"Independent geometry retention, standard/extended mesh QA, conservation, iteration/mesh/wall/turbulence sensitivity; criteria declared before the solve.",I05; I06; A01; A03; A05; A06,Versioned native QA and independent convergence evidence.,Existing E-R1 meshes rejected; no accepted horizontal 935 mesh.,not_admitted_for_named_935_variant,S_CONTRACT; S_CFD; S_PLAN,,
D01,drive_mechanics,"Engine speed, engine loading and drive state",rpm; N*m; W; s,L2,may be replaced by directly prescribed fan speed for isolated flow; required for engine-linked results,"Idle/part/full load, limiter/overrun/start/stop and time history at named configuration. Engine brake power is not fan shaft power or heat rejection.",I01,Variant-specific engine dyno/operating data with conditions.,No admitted engine operating map or speed-time traces.,not_admitted_for_named_935_variant,S_CONTRACT,,
D02,drive_mechanics,Engine-to-fan speed ratio and drive topology,1; sign,L2,may be replaced by directly prescribed fan speed for isolated flow; required for engine-linked results,"Define r=|n_fan|/|n_engine|, every drive stage and direction, possible clutch/slip/speed dependence. Fan, alternator and pump ratios stay separate.",I01; I04; D01,Synchronized engine/fan tachometry plus verified gears/pulley/drive documentation.,No confirmed horizontal drive ratio; no borrowed 993 ratio.,not_admitted_for_named_935_variant,S_CONTRACT,drive.ratio_fan_engine; drive.ratio_alternator_engine; drive.gear_specification,
D03,drive_mechanics,"Fan shaft torque, absorbed mechanical power and losses",N*m; W; 1,L2,defer from isolated cold-flow model; needed at this later fidelity level,"Torque sign/on-rotor convention, power-versus-speed/flow; distinguish aerodynamic torque, bearing/gearing/seal losses and auxiliary loads.",A01; A09; D02,Torque measurement/dyno and documented loss decomposition.,No drive-efficiency/loss or shaft-power map.,not_admitted_for_named_935_variant,S_CONTRACT,test.shaft_torque,
D04,drive_mechanics,Gear/belt/shaft drive definition and transmitted loads,m; rad; N; N*m; 1,L2,defer from isolated cold-flow model; needed at this later fidelity level,"Actual installed drive stages, tooth/belt/contact geometry, materials, alignments, pretension/backlash, housing stiffness and gear/bearing load paths. Do not assume a belt or gear layout from a different variant.",I07; D02; D03,"Variant-specific measured drawings, ratings and drive analysis.",Horizontal drive geometry and loads unverified.,not_admitted_for_named_935_variant,S_CONTRACT,drive.gear_specification; drive.belt_loads,
D05,drive_mechanics,"Rotor material, density and elastic/strength/fatigue state",kg/m^3; Pa; 1; K; cycles,L2,defer from isolated cold-flow model; needed at this later fidelity level,"Actual alloy/condition/process/orientation/surface; E(T), nu(T), density, strengths and fatigue/statistical basis. Hypothetical cards permit screening only.",I05,Material identification and condition-matched properties/coupons.,Legacy assumed material is not an admitted 935 material.,not_admitted_for_named_935_variant,S_CONTRACT; S_MODAL; S_MATERIAL,,
D06,drive_mechanics,"Bearing, support/contact and assembly preload",m; N/m; N*s/m; N*m/rad; N*m*s/rad; N; K,L2,defer from isolated cold-flow model; needed at this later fidelity level,"Exact bearing type/seats/internal clearance, radial/axial/tilt stiffness/damping versus load/speed/temperature; contact/preload and mounting compliance.",I07; D04,"Bearing/assembly specification, fits and support characterization.",Fixed-bore hypothesis is not realistic 935 support evidence.,not_admitted_for_named_935_variant,S_CONTRACT; S_MODAL,bearing.specification; bearing.stiffness_damping,
D07,drive_mechanics,"Prestressed rotating dynamics, forcing and balance",Hz; kg*m; rad; N; s,L2,defer from isolated cold-flow model; needed at this later fidelity level,"Mode tracking, gyroscopic/centrifugal/thermal prestress, imbalance, engine/gear/blade orders, acceleration, damping and bearing critical speeds.",D01; D02; D05; D06,Identified modes and speed/vibration/phase measurements.,No correlated horizontal drive dynamics or validated Campbell map.,not_admitted_for_named_935_variant,S_CONTRACT; S_MODAL,dynamics.prestressed_modes,
D08,drive_mechanics,Bearing/gearing oil or other lubrication circuit,Pa; kg/s; K; Pa*s; W,L2,defer from isolated cold-flow model; needed at this later fidelity level,"First establish lubrication architecture. If oil-fed: grade/viscosity(T), supply/return, pressure/flow, seals, oil temperature and friction heat; if not applicable record supported N/A.",D04; D06,Variant-specific bearing/drive lubrication specification and measurements.,Drive/bearing lubrication path unresolved; neither dry nor engine-oil-fed assumed.,not_admitted_for_named_935_variant,S_CONTRACT,,"Architecture evidence determines whether oil, grease or another route applies."
D09,drive_mechanics,"Mechanical duty, endurance and overspeed validation",rpm; s; cycles; K,L4,defer from isolated cold-flow model; needed at this later fidelity level,"Lifetime, starts/stops, transient speed/load, thermal cycles, balancing/runout inspection and guarded test plan.",D01; D03; D05; D06; D07,Approved engineering validation plan and instrumented tests.,No qualified operating limit or fatigue lifetime.,not_admitted_for_named_935_variant,S_CONTRACT; S_POLICY,loads.mission_profile; drive.operating_speed_limit,
T01,engine_thermal,Variant-specific cooling architecture and circuit routing,categorical; topology,L2,defer from isolated cold-flow model; needed at this later fidelity level,"Identify head/cylinder/oil cooling, any coolant circuit, turbo/intercooler paths and shared/independent air circuits for the exact engine revision.",I01,Variant-specific primary circuit/assembly documentation; no automatic transfer from 935/78 to K3/K4.,No cooling architecture admitted across the separated variants.,not_admitted_for_named_935_variant,S_CONTRACT; S_LEGACY_INDEX,,
T02,engine_thermal,"Ambient, inlet heating and external duty conditions",K; Pa; m/s; s,L3,defer from isolated cold-flow model; needed at this later fidelity level,"Ambient and actual fan-inlet temperature, altitude/pressure, vehicle speed, bodywork state, soak, idle/race/endurance and start/stop timeline.",A03; A07; D01,Instrumented installation and declared environmental mission.,No boundary-condition/duty envelope tied to a specimen.,not_admitted_for_named_935_variant,S_CONTRACT,system.vehicle_conditions; loads.mission_profile,
T03,engine_thermal,Cylinder and head heat-rejection maps,W per named component; W/m^2,L3,defer from isolated cold-flow model; needed at this later fidelity level,"Spatial or lumped heat inputs versus speed/load/mixture/boost/ignition and time; partition to fins, oil, exhaust and other paths. State averaging domain.",D01; T01; T02,Measured heat balances or validated calibrated engine/thermal model.,No admitted component heat loads; horsepower alone cannot set them.,not_admitted_for_named_935_variant,S_CONTRACT,,
T04,engine_thermal,Cooling-fin/solid geometry and contact conductance,m; m^2; W/(m^2*K),L3,defer from isolated cold-flow model; needed at this later fidelity level,"Fin area/thickness/spacing, conduction path and head-cylinder/crankcase/insert contacts as needed; reduced-order area/resistance models are admissible only with calibration.",I02; T01; T03,Geometry/metrology and contact/resistance calibration.,No measured horizontal-system solids/fin/contact dataset.,not_admitted_for_named_935_variant,S_CONTRACT,,
T05,engine_thermal,Thermal material functions and temperature limits,W/(m*K); J/(kg*K); kg/m^3; 1/K; K,L3,defer from isolated cold-flow model; needed at this later fidelity level,"Actual head/cylinder/shroud/rotor material state, k(T), cp(T), CTE(T), density and justified component limits; do not borrow unrelated LPBF coupon limits.",D05; T04,Material characterization and independently approved temperature constraints.,No condition-matched thermal cards or limits.,not_admitted_for_named_935_variant,S_CONTRACT,material.thermal_properties,
T06,engine_thermal,"Engine oil cooling heat load, flow and cooler routing",W; kg/s; Pa; K,L3,defer from isolated cold-flow model; needed at this later fidelity level,"Oil supply/return temperatures and flow, cooler UA or resolved geometry, thermostats/bypass, pressure drop and air-side route; separate from bearing/drive lubrication where applicable.",T01; T02; D08,Oil-circuit schematic plus instrumented oil/air heat balance.,Oil circuit routing and calibrated heat rejection unknown.,not_admitted_for_named_935_variant,S_CONTRACT,,
T07,engine_thermal,Turbocharger heat and flow boundary data,kg/s; Pa absolute; K; W,L3,defer from isolated cold-flow model; needed at this later fidelity level,"Turbo count/types and locations only when evidenced; exhaust/turbine/compressor states, oil/water connections if applicable, hot surfaces and heat leakage to the fan inlet/engine bay.",I01; D01; T01; T02,Variant-matched component maps and measured operating conditions.,No variant-specific turbo thermal/installation card.,not_admitted_for_named_935_variant,S_CONTRACT,,
T08,engine_thermal,Intercooler/charge-air system and shared cooling paths,kg/s; Pa; K; W; W/K,L3,defer from isolated cold-flow model; needed at this later fidelity level,"Charge-air flow/pressure/temperature and heat rejection; air/liquid routing, effectiveness/UA, pressure loss, packaging and whether it shares fan air. Cooling air is not charge air.",T01; T07; A07,"Matched circuit diagram, calibrated exchanger/maps and installation data.",No admitted intercooler architecture or interface to fan air.,not_admitted_for_named_935_variant,S_CONTRACT,,
T09,engine_thermal,Conditional liquid-cooled head/cylinder branch,kg/s; Pa; K; W; W/K,L3,defer from isolated cold-flow model; needed at this later fidelity level,"Add coolant composition, pump curve/ratio, jackets, heat load, radiator/air circuit and thermostat state only for an evidenced engine architecture.",T01; T03,Exact-variant primary documentation and thermal measurements; never populate K3 from a 935/78 claim.,Applicability unresolved; absence of data is not proof of absence of coolant.,not_admitted_for_named_935_variant,S_CONTRACT,,Only applicable when a complete accepted variant-specific claim establishes a coolant branch.
T10,engine_thermal,Correlated solid/fluid temperature and heat-balance observations,K; W; s,L3,defer from isolated cold-flow model; needed at this later fidelity level,"Head/cylinder/oil/drive temperatures, sensor position/calibration and fan air mass/enthalpy rise, losses and measurement uncertainty at matched points.",A08; T03; T04; T05; T06; T07; T08,Calibrated thermocouples/heat-flow/flow/pressure measurements.,No matched cooling validation dataset.,not_admitted_for_named_935_variant,S_CONTRACT,test.temperature_field; loads.temperature_field,
T11,engine_thermal,Transient thermal state and mission coupling,s; K; W; rpm,L4,defer from isolated cold-flow model; needed at this later fidelity level,"Initial temperatures, thermal masses, engine speed/load/environment sequence, oil/coolant control states, heat soak and time synchronization.",D01; T02; T03; T05; T06; T10,Synchronized mission logs and independent transient correlation.,No time-resolved operating/thermal state dataset.,not_admitted_for_named_935_variant,S_CONTRACT,,
T12,engine_thermal,Engine performance/fuel/exhaust boundary maps when heat loads are predicted,rpm; N*m; W; kg/s; 1; Pa; K,L3,defer from isolated cold-flow model; needed at this later fidelity level,"Fuel energy/flow, efficiency, mixture, boost/ignition, exhaust enthalpy and losses if deriving rejected heat. Measured component heat-load maps can replace a resolved combustion model.",D01; T01; T02,Conditioned dyno/energy balance and calibrated model; explicit uncertainty.,No engine heat-source model admitted; complete combustion/internal-engine CAD not mandatory when measured boundary maps suffice.,not_admitted_for_named_935_variant,S_CONTRACT,,
M01,manufacturing,Intended original replacement/redesign and selected material route,identifier,M0,parallel manufacturing requirement; not a prerequisite for an isolated flow calculation,"Distinguish baseline original material from a new AM candidate; alloy/state/route, intended interfaces and engineering approval scope.",I01; I07; D05,Design intent and material/process admission.,No selected qualified horizontal impeller AM route.,not_admitted_for_named_935_variant,S_CONTRACT; S_MATERIAL; S_POLICY,,
M02,manufacturing,"Machine/build envelope, powder and controlled scan/layer recipe",m; W; m/s; s; kg; identifier,M1,parallel manufacturing requirement; not a prerequisite for an isolated flow calculation,"Exact machine/software, usable envelope including plate, powder lot/reuse/PSD, layer/scan parameters and build thermal/gas conditions; record recipe version and rights.",M01; I05,Qualified supplier/process control cards and powder records.,Research machine/material scenarios do not define an approved build.,not_admitted_for_named_935_variant,S_CONTRACT; S_MATERIAL,,
M03,manufacturing,"Build orientation, supports, plate and release sequence",rad; m; W/(m^2*K); s,M1,parallel manufacturing requirement; not a prerequisite for an isolated flow calculation,"Orientation relative to machine axes, actual support/plate geometry/contact, allowances, drainage, release and machining datum sequence.",I05; I07; M02,Supplier-approved editable build setup and process sequence.,No target support/contact/release plan.,not_admitted_for_named_935_variant,S_CONTRACT,,
M04,manufacturing,Calibrated thermal/process or inherent-strain model,K; W; Pa; 1; m,M2,parallel manufacturing requirement; not a prerequisite for an isolated flow calculation,"Temperature-dependent elastic-plastic/thermal/phase data, absorption/heat loss/contact or recipe-calibrated eigenstrain; independent validation against distortion/residual stress.",M02; M03; T05,"Matched calibration coupons, independent holdout builds and native solver verification.",Existing elastic support-release sensitivities uncalibrated; singular support peaks are not production stress predictions.,not_admitted_for_named_935_variant,S_CONTRACT; S_MATERIAL,,
M05,manufacturing,"Postprocessing, machining, balance and inspection acceptance",K; s; Pa; m; kg*m,M2,parallel manufacturing requirement; not a prerequisite for an isolated flow calculation,"Alloy-specific treatment/HIP when justified, finish/surface, bore/key/seat machining, dimensional/CT/FPI acceptance, balance and nondestructive/fatigue defect basis.",I07; M01; M02; M03; M04,"Qualified route with capability, inspection and coupon evidence.",No accepted postprocessing/inspection/balance plan.,not_admitted_for_named_935_variant,S_CONTRACT,,
M06,manufacturing,Qualified structural/endurance and guarded spin/engine-test release,rpm; cycles; K; identifier,M3,parallel manufacturing requirement; not a prerequisite for an isolated flow calculation,Approval belongs to the named actual build and operating envelope; simulation/software checks alone do not authorize manufacture/installation.,D09; M04; M05; T10,Independent engineering review and instrumented physical validation.,No professional approved release/validation plan for this target.,not_admitted_for_named_935_variant,S_CONTRACT; S_POLICY,,
V01,evidence_twin,Variant-resolved source admission and uncertainty ledger,identifier; original and canonical units,L0,mandatory for physically interpretable first cold-flow model; assumption only for an explicitly hypothetical model,"Claim-level locator/quotation or transcription, original units, conversion, conditions, conflicts, specimen applicability, uncertainty and accepted scope; admit complete research bundles only.",I01,"Complete bundle, source-level audit and explicit per-claim admission.",Verified public research views and original-hash provenance are available; exact-variant numeric input admission and uncertainty review remain open.,not_admitted_for_named_935_variant,S_CONTRACT; S_LEGACY_INDEX,,
V02,evidence_twin,"Native outputs, provenance and model-validity envelope",identifier; quantity-specific SI,L1,mandatory for physically interpretable first cold-flow model; assumption only for an explicitly hypothetical model,"Input hashes, solver/build/version, parameter/state/mesh IDs, convergence evidence, field associations and clear hypothetical/physical scope.",V01; A11,Immutable native receipts and reproducible commands.,Existing native E/E-R1 outputs do not become 935 data.,not_admitted_for_named_935_variant,S_CONTRACT; S_CFD; S_MODAL,,
V03,evidence_twin,"OpenUSD axes/units/time, composition and native-field mapping",m; s; rad/s with explicit API conversion,L1,defer from isolated cold-flow model; needed at this later fidelity level,"Asset identity, vehicle and fan frames, units, materials, animation/state and native node/cell/field links; generic validation separate from NVIDIA/physics validation.",I04; V02,Resolved schema/runtime checks and native result association.,Horizontal 935 scene not validated; existing +Z composition is a different hypothesis.,not_admitted_for_named_935_variant,S_CONTRACT; S_USD,,
V04,evidence_twin,Physical twin state synchronization and validation,s; quantity-specific SI,L4,defer from isolated cold-flow model; needed at this later fidelity level,"Measured operating state and uncertainty, parameter identification, held-out correlation, version/configuration/time alignment and applicability envelope.",A09; D09; T10; T11; V03,Independent instrumented test data and accepted error criteria.,No validated horizontal 935 physical twin.,not_admitted_for_named_935_variant,S_CONTRACT,,
