id,function,candidate,quantity_basis,status,source,cost_treatment
B01,Source protégée et connectique réversible,À identifier sur variante,1,unselected,,control_power
B02,Fusible porte fusible câblage,À calculer courant et coordination,1,unvalidated,,control_power
B03,Protection polarité et load dump,LM7480-Q1 plus MOSFETs TVS,1,architecture_candidate,S08,control_power
B04,Conversion LED et logique,Buck automobile et régulateur logique,1,unselected,,control_power
B05,MCU radio,Module BLE nRF52840 documenté,1,architecture_candidate,S09,control_power
B06,Coupon RGB,HUB75 Waveshare P2.5 64x32,1 coupon seulement,bench_only,S02,coupon
B07,LED mono miniature,Kingbright APHHS1005LSECK/J3-PF,selon surface utile et pas,unvalidated,S01,display_pcba
B08,Drivers courant constant SPI,À sélectionner selon multiplexage,selon matrice,unselected,,display_pcba
B09,Mesure et coupure thermique,Sonde NTC et coupure courant,selon points chauds,unselected,,control_power
B10,Stockage images et double banque DFU,Flash interne ou externe selon cible,à calculer,unselected,,control_power
B11,PCB et assemblage,FR4 stack-up à deviser,selon segments,unvalidated,,display_pcba
B12,Protection mécanique,Joint vis inserts évent connecteurs,selon CAO,unvalidated,,seals_hardware
