scenario,item,low_chf,high_chf,basis,status
historical_prototype,integrated_prototype,685,1450,one prototype scope unknown,user_historical_unverified
historical_100,total_unit,223,420,per unit at 100,user_historical_unverified
historical_1000,total_unit,138,271,per unit at 1000,user_historical_unverified
unit_100,optical_part,45,85,per unit,hypothetical_allocation
unit_100,display_pcba,55,110,per unit,hypothetical_allocation
unit_100,control_power,25,45,per unit,hypothetical_allocation
unit_100,seals_hardware,12,20,per unit,hypothetical_allocation
unit_100,assembly,30,60,0.5 to 1 hour at 60 CHF,hypothetical_allocation
unit_100,quality,10,20,per unit,hypothetical_allocation
unit_100,scrap_rework,8,20,provision per good unit,hypothetical_allocation
unit_100,packaging,8,15,per unit,hypothetical_allocation
unit_100,transport,10,20,allocated per unit,hypothetical_allocation
unit_100,warranty,20,25,provision per unit,hypothetical_allocation
unit_1000,optical_part,30,60,per unit,hypothetical_allocation
unit_1000,display_pcba,32,65,per unit,hypothetical_allocation
unit_1000,control_power,18,30,per unit,hypothetical_allocation
unit_1000,seals_hardware,8,15,per unit,hypothetical_allocation
unit_1000,assembly,18,36,0.3 to 0.6 hour at 60 CHF,hypothetical_allocation
unit_1000,quality,6,12,per unit,hypothetical_allocation
unit_1000,scrap_rework,5,12,provision per good unit,hypothetical_allocation
unit_1000,packaging,6,10,per unit,hypothetical_allocation
unit_1000,transport,5,10,allocated per unit,hypothetical_allocation
unit_1000,warranty,10,21,provision per unit,hypothetical_allocation
candidate_250,optical_part,50,50,per unit target,hypothesis_not_quote
candidate_250,display_pcba,60,60,per unit target,hypothesis_not_quote
candidate_250,control_power,28,28,per unit target,hypothesis_not_quote
candidate_250,seals_hardware,15,15,per unit target,hypothesis_not_quote
candidate_250,assembly,30,30,0.5 hour at 60 CHF,hypothesis_not_quote
candidate_250,quality,12,12,per unit target,hypothesis_not_quote
candidate_250,scrap_rework,10,10,provision per good unit,hypothesis_not_quote
candidate_250,packaging,10,10,per unit target,hypothesis_not_quote
candidate_250,transport,10,10,allocated per unit,hypothesis_not_quote
candidate_250,warranty,25,25,provision per unit,hypothesis_not_quote
nre,donor,180,180,unconfirmed Anibis lead,user_historical_unverified
nre,regulatory_review,500,1500,scoping before design,planning_estimate
nre,scan,500,1500,capture and metrology no mechanical CAD,planning_estimate
nre,coupon,250,700,small optical and electronic samples,planning_estimate
nre,mechanical,1800,3600,30 to 60 hours at 60 CHF internal time,planning_estimate
nre,electronics,4000,10000,design and prototype PCB engineering,planning_estimate
nre,firmware,2500,7000,embedded BLE and secure update engineering,planning_estimate
nre,mobile_app,3000,10000,iOS Android minimal app engineering,planning_estimate
nre,fixtures,1000,3000,assembly and test fixtures not injection tooling,planning_estimate
nre,packaging_dev,500,1500,design and samples,planning_estimate
nre,precompliance,2000,6000,environment EMC RF pretests,planning_estimate
nre,approval,5000,20000,testing approval and qualification provision,planning_estimate_not_cap
