id,feature,method,datum,measured_mm,uncertainty_mm,tolerance_mm,evidence,status
M01,Contour extérieur et courbure,scan et contrôle sections,A/B/C,,,,,pending
M02,Entraxes fixations,mesure indépendante,A/B/C,,,,,pending
M03,Diamètres et filetages,jauges et contrôle vis,B,,,,,pending
M04,Portées clips bossages,scan et mesure indépendante,A/B/C,,,,,pending
M05,Profondeur disponible côté voiture,gabarit et mesure,A,,,,,pending
M06,Epaisseurs façade zones accessibles,mesure adaptée,A,,,,,pending
M07,Jeux périphériques montés,calibres,A/B/C,,,,,pending
M08,Gorge et compression joint,mesure assemblée et démontée,A,,,,,pending
M09,Zones optiques et marquages,photos et cartographie,A/B/C,,,,,pending
M10,Connecteurs et dégagement faisceau,identification sans modification,A/B/C,,,,,pending
M11,Déformation pièce témoin,poses répétées,A/B/C,,,,,pending
