item,cost_chf,origin,treatment,evidence,status
optical_part,50,CH,include,local production hypothetical,unverified
led_and_pcb_inputs,45,FOREIGN,include,foreign content hypothetical,unverified
display_pcba_processing,15,CH,include,Swiss assembly value only hypothetical,unverified
control_inputs,20,FOREIGN,include,foreign content hypothetical,unverified
control_processing,8,CH,include,Swiss assembly value only hypothetical,unverified
seals_hardware,15,FOREIGN,include,conservative foreign allocation,unverified
final_assembly,30,CH,include,0.5 hour at 60 CHF hypothetical,unverified
production_quality,12,CH,include,production control hypothetical legal allocation to review,unverified
scrap_rework,10,UNKNOWN,include,conservative denominator only allocation to review,unverified
packaging,10,CH,exclude,IPI packaging exclusion,unverified
transport,10,UNKNOWN,exclude,IPI distribution after production exclusion,unverified
warranty,25,CH,exclude,IPI after sales exclusion,unverified
