"platform","trial","minimum_scan_units","maximum_scan_units","surface_algorithm","volume_algorithm","optimizer","exit_code","seconds","status","stage","tetrahedra","minimum_minSICN","minSICN_below_0p1","nonpositive_Jacobians","failed_gates","report_sha256"
"mac","original-mesh-0","1","6","6","1","netgen","2","43.78852108301362","mesh_generated_but_rejected_by_quality_or_integrity_gate","auditing_generated_tetrahedra","241656","0.00021380240012580513","1314","0","minSICN_project_limit;reread_minSICN_project_limit;mesh_export_roundtrip","825ed0e58bb3329cf82978a09b4a86cbb464fa724017dff7ffba7768a615b5ff"
"mac","original-mesh-1","1","6","6","10","netgen","-11","19.975493417005055","incomplete","optimizing_tetrahedra_netgen",,,,,"","7e5f8b6b19c91d00f7b400c23890703ff4334a773e7b5679adf553b05c1fd575"
"mac","original-mesh-2","1","6","1","1","netgen","2","41.90474312502192","mesh_generated_but_rejected_by_quality_or_integrity_gate","auditing_generated_tetrahedra","233723","0.020272604046295353","113","0","minSICN_project_limit;reread_minSICN_project_limit;mesh_export_roundtrip","f040d0db45c9986f8ce50976c9ba74aa80a3f355a15fb29e867a8defb0b66ac2"
"mac","original-mesh-3","1","6","1","10","netgen","-11","20.00123433303088","incomplete","optimizing_tetrahedra_netgen",,,,,"","1e428637ee86afc90a4a0f0f0ea6715316acf35e8052971377e79c92deafbd7c"
"mac","original-mesh-4","0.5","3","6","1","netgen","2","247.39573516702512","mesh_generated_but_rejected_by_quality_or_integrity_gate","auditing_generated_tetrahedra","594658","0.00001540034520280178","543","0","minSICN_project_limit;reread_minSICN_project_limit;mesh_export_roundtrip","6779a10b887a324371ea2b4f63dcf38708c0d4110306fef157028a3ad83ee0ce"
"mac","original-mesh-5","0.5","3","6","10","netgen","-11","24.847245708981063","incomplete","optimizing_tetrahedra_netgen",,,,,"","3ba4978717214441a5260144879f23979c0bc4997d81693b287460d30ba3a8fc"
"mac","original-mesh-6","0.5","3","1","1","netgen","2","84.46507008303888","mesh_generated_but_rejected_by_quality_or_integrity_gate","auditing_generated_tetrahedra","538968","0.02568080201256759","86","0","minSICN_project_limit;reread_minSICN_project_limit;mesh_export_roundtrip","5231ab99ce266ba4c43de365db4a969886a48b3837fb18eb7d6a4916fc27951e"
"mac","original-mesh-7","0.5","3","1","10","netgen","-10","30.82772787497379","incomplete","optimizing_tetrahedra_netgen",,,,,"","bbd6686293b25d8ac3d0a02640ad030a4cf295edb350103702b98ebbec17b536"
"mac","original-mesh-8","1","6","6","1","none","2","21.481583791028243","mesh_generated_but_rejected_by_quality_or_integrity_gate","auditing_generated_tetrahedra","251942","0.000032034745625493096","4874","0","minSICN_project_limit;reread_minSICN_project_limit;mesh_export_roundtrip","9798d36f04d587b07841a6895e38bb6710d674b096b47c3797b5be2fa548fc75"
"mac","candidate-0.02-mesh-0","1","6","6","1","netgen","2","43.43976154201664","mesh_generated_but_rejected_by_quality_or_integrity_gate","auditing_generated_tetrahedra","241389","0.0012238034260670726","1277","0","minSICN_project_limit;reread_minSICN_project_limit;mesh_export_roundtrip","c0d7d2011976b7815c4aa9b869f00fc74df333fb3acce2921da0cbb07a825181"
"mac","candidate-0.02-mesh-1","1","6","6","10","netgen","-11","17.870581165945623","incomplete","optimizing_tetrahedra_netgen",,,,,"","672bf763ce459cd0104c67d63e076f1d6111543f8fa7fb5727102faa8964109e"
"mac","candidate-0.02-mesh-2","1","6","1","1","netgen","2","40.660228791006375","mesh_generated_but_rejected_by_quality_or_integrity_gate","auditing_generated_tetrahedra","234148","0.015830424528422492","109","0","minSICN_project_limit;reread_minSICN_project_limit;mesh_export_roundtrip","d51b707ec7a00bdb2311343a026cad541aa807a66fc914fc7244ecb24c50422c"
"mac","candidate-0.02-mesh-3","1","6","1","10","netgen","-11","19.98044541705167","incomplete","optimizing_tetrahedra_netgen",,,,,"","3e92a99e761bb5c0782bc0650bd0a1d96651522628c4ad3f77c3341a0749e9ec"
"mac","candidate-0.02-mesh-4","0.5","3","6","1","netgen","2","107.04330179200042","mesh_generated_but_rejected_by_quality_or_integrity_gate","auditing_generated_tetrahedra","594693","0.0009683184829468372","543","0","minSICN_project_limit;reread_minSICN_project_limit;mesh_export_roundtrip","153c59b0ac13507aa9cf708392ec6301e9c40bc3902ca3e7f6ab6acab156ccd2"
"mac","candidate-0.02-mesh-5","0.5","3","6","10","netgen","-11","25.615686332981568","incomplete","optimizing_tetrahedra_netgen",,,,,"","f20e2c9a3bcddb742fe4e231dfb6b7ca709169b995f3639fa3644263e454d434"
"mac","candidate-0.02-mesh-6","0.5","3","1","1","netgen","2","83.52435204200447","mesh_generated_but_rejected_by_quality_or_integrity_gate","auditing_generated_tetrahedra","535843","0.02580318113976933","87","0","minSICN_project_limit;reread_minSICN_project_limit;mesh_export_roundtrip","2549f9cc28be919ea97dbc2b8a9d4b028988562eb5a7d41fa270b0db8b3eeabf"
"mac","candidate-0.02-mesh-7","0.5","3","1","10","netgen","-11","31.805039458035026","incomplete","optimizing_tetrahedra_netgen",,,,,"","a28f79d3e66b3a5caecdb9cefff00b426a097008a0a72748d94649fc2ec5fa53"
"mac","candidate-0.02-mesh-8","1","6","6","1","none","2","23.031497167015914","mesh_generated_but_rejected_by_quality_or_integrity_gate","auditing_generated_tetrahedra","252616","0.000040685282110339606","4782","0","minSICN_project_limit;reread_minSICN_project_limit;mesh_export_roundtrip","38ee2e4c3effff7bbf881fc60aa3e58706f2f8b23565d038a498600038e40200"
"mac","candidate-0.035-mesh-0","1","6","6","1","netgen","2","42.44676854199497","mesh_generated_but_rejected_by_quality_or_integrity_gate","auditing_generated_tetrahedra","242363","0.00021380240012203614","1251","0","minSICN_project_limit;reread_minSICN_project_limit;mesh_export_roundtrip","de0d449920f10947cd3bd46eeea6670940dde974df1f6d04fc30335ab8a2c6dc"
"mac","candidate-0.035-mesh-1","1","6","6","10","netgen","-10","17.999377041007392","incomplete","optimizing_tetrahedra_netgen",,,,,"","830c33c75687e498a3bbebb84e3e83bdc39877181eb12937514986a9caa99104"
"mac","candidate-0.035-mesh-2","1","6","1","1","netgen","2","40.21334050002042","mesh_generated_but_rejected_by_quality_or_integrity_gate","auditing_generated_tetrahedra","234292","0.01564907596785216","113","0","minSICN_project_limit;reread_minSICN_project_limit;mesh_export_roundtrip","e12760effb7214d3cbb027163d5468f566fa7e4b10e9d3d5e9868e129a198327"
"mac","candidate-0.035-mesh-3","1","6","1","10","netgen","-11","19.245393958000932","incomplete","optimizing_tetrahedra_netgen",,,,,"","7d118694b1e1cf795543755e23f87e6b066919566a9d61bc7659d84f0625e8b9"
"mac","candidate-0.035-mesh-4","0.5","3","6","1","netgen","2","121.12922041601269","mesh_generated_but_rejected_by_quality_or_integrity_gate","auditing_generated_tetrahedra","591995","0.00001540034520280178","495","0","minSICN_project_limit;reread_minSICN_project_limit;mesh_export_roundtrip","c8d6b3f9ca955a6485a8823609681b52adc77b43d49fb3f6961501d2c7a23994"
"mac","candidate-0.035-mesh-5","0.5","3","6","10","netgen","-10","28.819771707989275","incomplete","optimizing_tetrahedra_netgen",,,,,"","3b4275284693da34661ba817e3f99cc47a9c6305c7caf23a164292986db442fa"
"mac","candidate-0.035-mesh-6","0.5","3","1","1","netgen","2","83.7454976249719","mesh_generated_but_rejected_by_quality_or_integrity_gate","auditing_generated_tetrahedra","536092","0.02580466571379438","87","0","minSICN_project_limit;reread_minSICN_project_limit;mesh_export_roundtrip","45bcfa15eeb9e20b26f2370d506ce4640b1be443ca3b198227afe8dc0bf4b4ea"
"mac","candidate-0.035-mesh-7","0.5","3","1","10","netgen","-11","31.474017250002362","incomplete","optimizing_tetrahedra_netgen",,,,,"","6a5937a5901f748366df0462d71869ecc82db4b378db8b8003eb8b56722489c8"
"mac","candidate-0.035-mesh-8","1","6","6","1","none","2","22.06700754101621","mesh_generated_but_rejected_by_quality_or_integrity_gate","auditing_generated_tetrahedra","253965","-1.6529991918565739e-15","4882","2","positive_jacobians;positive_signed_tetra_volumes;minSICN_project_limit;reread_positive_jacobians;reread_minSICN_project_limit;mesh_export_roundtrip","6b7562d1f1b55567acf85830ac34641864d393979de53aa6fa7ab5aa15e45b20"
"linux","original-mesh-0","1","6","6","1","netgen","2","63.15171102061868","mesh_generated_but_rejected_by_quality_or_integrity_gate","auditing_generated_tetrahedra","240975","0.0015626580343399367","1240","0","minSICN_project_limit;reread_minSICN_project_limit;mesh_export_roundtrip","8c3be84b525cacbdbeed3429dc97e50d7bd3464935e8d57e58a4f5333f421348"
"linux","original-mesh-1","1","6","6","10","netgen","-11","28.673297625035048","incomplete","optimizing_tetrahedra_netgen",,,,,"","c8330f0a5157fdab5996f204b02dc1ddedace189b36ec64627f969434d2340d8"
"linux","original-mesh-2","1","6","1","1","netgen","2","60.532203445676714","mesh_generated_but_rejected_by_quality_or_integrity_gate","auditing_generated_tetrahedra","234273","0.012495775242545375","131","0","minSICN_project_limit;reread_minSICN_project_limit;mesh_export_roundtrip","a8d1f2e5a5aa2f426d57aa9afede87b805c7613537b0b60b21aa27c9c9b91959"
"linux","original-mesh-3","1","6","1","10","netgen","-11","34.022235970012844","incomplete","optimizing_tetrahedra_netgen",,,,,"","281cc1866f9d4f518d020db59e58be763c4ea47944ec91c172a3d6927635bc8c"
"linux","original-mesh-4","0.5","3","6","1","netgen","-11","126.86048760917038","incomplete","optimizing_tetrahedra_netgen",,,,,"","016c5a5010d0dda02ba728eb98765de97f4791f2e6c978887a37f0a7643c8903"
"linux","original-mesh-5","0.5","3","6","10","netgen","-11","44.405043167993426","incomplete","optimizing_tetrahedra_netgen",,,,,"","a654aec43b93f66ef417c0d6b2c841bdc8d4d70584fffd94a747e0976d482b22"
"linux","original-mesh-6","0.5","3","1","1","netgen","2","129.77598002692685","mesh_generated_but_rejected_by_quality_or_integrity_gate","auditing_generated_tetrahedra","536574","0.02333914242660804","94","0","minSICN_project_limit;reread_minSICN_project_limit;mesh_export_roundtrip","d14ea6db7d21ea817d4bba092f9845e9b998a4ec9615200b295d01bd5536dfc8"
"linux","original-mesh-7","0.5","3","1","10","netgen","-11","49.15043031191453","incomplete","optimizing_tetrahedra_netgen",,,,,"","7cb2341c2acee40e6cd6f7c8be81daec5ce12d8c1a1d72afdd9519bdead06a1b"
"linux","original-mesh-8","1","6","6","1","none","2","34.60512591805309","mesh_generated_but_rejected_by_quality_or_integrity_gate","auditing_generated_tetrahedra","251149","0.000040685282110336015","4990","0","minSICN_project_limit;reread_minSICN_project_limit;mesh_export_roundtrip","6279d2527728b46561d5b9d36b69359db0f0acc45af788b463451a3bd8373489"
"linux","candidate-0.02-mesh-0","1","6","6","1","netgen","2","63.64723638212308","mesh_generated_but_rejected_by_quality_or_integrity_gate","auditing_generated_tetrahedra","239588","0.0007849274756964549","1281","0","minSICN_project_limit;reread_minSICN_project_limit;mesh_export_roundtrip","695aca0b692d055dfe63000d4a54738e5f5cce5d393344a5fa0a1243f8a67b18"
"linux","candidate-0.02-mesh-1","1","6","6","10","netgen","-11","28.24783699400723","incomplete","optimizing_tetrahedra_netgen",,,,,"","518c78c54e34dfb334ea256e412ad0db8c3894b51320999bbbdfae9ae88b91eb"
"linux","candidate-0.02-mesh-2","1","6","1","1","netgen","2","63.4488236499019","mesh_generated_but_rejected_by_quality_or_integrity_gate","auditing_generated_tetrahedra","233531","0.011149404381560321","125","0","minSICN_project_limit;reread_minSICN_project_limit;mesh_export_roundtrip","113e00fd1bad22d4d58efbfc99dc3d9e204496c83549602a234f3ec71615e54c"
"linux","candidate-0.02-mesh-3","1","6","1","10","netgen","-11","32.75594924390316","incomplete","optimizing_tetrahedra_netgen",,,,,"","a6563cac221e96cb075d42ca67f4fb9659763545cd41a0a7d4c6113dba7db9ff"
"linux","candidate-0.02-mesh-4","0.5","3","6","1","netgen","-11","212.59527352824807","incomplete","optimizing_tetrahedra_netgen",,,,,"","491613b6846dcda1b87219e04f2df480b22c62ad18a5d40f483eec50bd2bbb00"
"linux","candidate-0.02-mesh-5","0.5","3","6","10","netgen","-11","42.801696981769055","incomplete","optimizing_tetrahedra_netgen",,,,,"","0a82ee1fc3116c7aed8b87ce6e32c8ff161d04e71a0a90b49013d8f4da2fb9fa"
"linux","candidate-0.02-mesh-6","0.5","3","1","1","netgen","2","131.24279989115894","mesh_generated_but_rejected_by_quality_or_integrity_gate","auditing_generated_tetrahedra","537759","0.025804932372326613","92","0","minSICN_project_limit;reread_minSICN_project_limit;mesh_export_roundtrip","4aa1ff409f95ec7f233409bc4a666b8a1f36773bbf1f378cc8979fc381c981b9"
"linux","candidate-0.02-mesh-7","0.5","3","1","10","netgen","-11","52.370908053126186","incomplete","optimizing_tetrahedra_netgen",,,,,"","ed27c111896312dc829df52518e903bc59544969be3ab583040223ab8603eacd"
"linux","candidate-0.02-mesh-8","1","6","6","1","none","2","34.24792274599895","mesh_generated_but_rejected_by_quality_or_integrity_gate","auditing_generated_tetrahedra","249178","0.00003589177272400595","4872","0","minSICN_project_limit;reread_minSICN_project_limit;mesh_export_roundtrip","5bae7f9bfa8b857f64c6d8067d5725ae0080cc649b0bd76a5cc1133126bd192a"
"linux","candidate-0.035-mesh-0","1","6","6","1","netgen","2","62.44213179219514","mesh_generated_but_rejected_by_quality_or_integrity_gate","auditing_generated_tetrahedra","239420","0.00021380240012203614","1242","0","minSICN_project_limit;reread_minSICN_project_limit;mesh_export_roundtrip","ff8eae66262e8d1e21e5b1891722eda793ab4f3e87b70800ca930b0e9e6df4d0"
"linux","candidate-0.035-mesh-1","1","6","6","10","netgen","-11","28.87632708484307","incomplete","optimizing_tetrahedra_netgen",,,,,"","3b7f5ada35cbe6c8402d0e1393544b3fafe68145298c11723f00de5183358650"
"linux","candidate-0.035-mesh-2","1","6","1","1","netgen","2","64.2980617522262","mesh_generated_but_rejected_by_quality_or_integrity_gate","auditing_generated_tetrahedra","233497","0.011149404083511037","125","0","minSICN_project_limit;reread_minSICN_project_limit;mesh_export_roundtrip","d805fb51b74bb910d88f10ba9e1339b3e82e9f141cf61f718ace332bb80487e8"
"linux","candidate-0.035-mesh-3","1","6","1","10","netgen","-11","34.19852676615119","incomplete","optimizing_tetrahedra_netgen",,,,,"","23b760c2d4a3fcf32b31d9e710f904a26a770f31120ab4c04181d3247ead4ea9"
"linux","candidate-0.035-mesh-4","0.5","3","6","1","netgen","2","172.63550886511803","mesh_generated_but_rejected_by_quality_or_integrity_gate","auditing_generated_tetrahedra","593706","5.3458040815280443e-14","579","0","complete_tetra_boundary;minSICN_project_limit;reread_minSICN_project_limit;mesh_export_roundtrip","ae32201c0cacc87c98f6eac45f96e30e766f737efb9fc1b0f3073d9fc64f350d"
"linux","candidate-0.035-mesh-5","0.5","3","6","10","netgen","-11","42.22462174296379","incomplete","optimizing_tetrahedra_netgen",,,,,"","a175d4c1d0ca75b5b26a65823f4d64ebe0a14833a57828f01623e1f4852949de"
"linux","candidate-0.035-mesh-6","0.5","3","1","1","netgen","2","129.477301184088","mesh_generated_but_rejected_by_quality_or_integrity_gate","auditing_generated_tetrahedra","534990","0.023327709086279503","90","0","minSICN_project_limit;reread_minSICN_project_limit;mesh_export_roundtrip","f3e0f88aad5a1adc6fbc6db214fad7a73ae091208a31aa9c48e771f6b0d4ff50"
"linux","candidate-0.035-mesh-7","0.5","3","1","10","netgen","-11","49.5413562967442","incomplete","optimizing_tetrahedra_netgen",,,,,"","571ec04e941acf8836ffcccee44cad4ec4c97ed336fbd31a405870e272b2f135"
"linux","candidate-0.035-mesh-8","1","6","6","1","none","2","34.456870520021766","mesh_generated_but_rejected_by_quality_or_integrity_gate","auditing_generated_tetrahedra","249960","0.0000065119186921308224","4889","0","minSICN_project_limit;reread_minSICN_project_limit;mesh_export_roundtrip","c2038a4c4e2b5de6115dbc49bb2307b674bcd120b4e198f0aeee426b7ae0874f"
"linux","original-hxt-alone","1","6","6","10","none","2","35.03942748112604","mesh_generated_but_rejected_by_quality_or_integrity_gate","auditing_generated_tetrahedra","324921","-1.593105299385444e-14","7433","1","positive_jacobians;positive_signed_tetra_volumes;minSICN_project_limit;reread_positive_jacobians;reread_minSICN_project_limit;mesh_export_roundtrip;surface_triangulations_unchanged_during_3D","7bf4dea9b3a51a586b47055d64a44a166009c6385956a11301f3fd389f2236da"
"linux","candidate-0.02-hxt-alone","1","6","6","10","none","2","34.65814985940233","mesh_generated_but_rejected_by_quality_or_integrity_gate","auditing_generated_tetrahedra","325266","-1.593105299385444e-14","7534","0","minSICN_project_limit;reread_positive_jacobians;reread_minSICN_project_limit;mesh_export_roundtrip;surface_triangulations_unchanged_during_3D","01103f4e1bbc7bbe6e97802ff594c99d4f36b2ca447ee1722d0ee5e9bb029c64"
"linux","candidate-0.035-hxt-alone","1","6","6","10","none","2","34.64216490322724","mesh_generated_but_rejected_by_quality_or_integrity_gate","auditing_generated_tetrahedra","325191","-1.593105299385444e-14","7429","0","minSICN_project_limit;reread_positive_jacobians;reread_minSICN_project_limit;mesh_export_roundtrip;surface_triangulations_unchanged_during_3D","50d3f45c4bc58e88d9f4577e7b95af00b15d0c64c32754f8c2e013f8bf2f6756"
