datum_id,designation,designation_source_value_id,transverse_source_value_id,transverse_span_mm,transverse_tolerance_mm,x_relative_status,x_relative_source,x_relative_mm,x_vehicle_hypothesis_mm,y_half_hypothesis_mm,z_mm,xyz_validated,shown_as_xy_hypothesis,measurement_required
P1,"Centre tube absorbeur de pare-chocs, avant",MNL-964BC-0001,,,,MANQUANT,UNKNOWN,,,,,False,False,"Identifier la surface fonctionnelle ; relever XYZ, axes et incertitudes des deux cotes."
P2,Trou de fixation - partie avant finale,MNL-964BC-0002,,,,MANQUANT,UNKNOWN,,,,,False,False,"Identifier la surface fonctionnelle ; relever XYZ, axes et incertitudes des deux cotes."
P3,Support - longeron essieu avant,MNL-964BC-0003,MNL-964BC-0020,610.0,1.0,PARAMETRIQUE,DERIVED(L),654.2,148.2,305.0,,False,True,"Identifier la surface fonctionnelle ; relever XYZ, axes et incertitudes des deux cotes."
P4,Support - jambe de suspension essieu avant,MNL-964BC-0004,,,,MANQUANT,UNKNOWN,,,,,False,False,"Identifier la surface fonctionnelle ; relever XYZ, axes et incertitudes des deux cotes."
P5,Support - traverse exterieure essieu avant,MNL-964BC-0005,MNL-964BC-0021,770.0,2.0,PARAMETRIQUE,DERIVED(P),527.3,21.3,385.0,,False,True,"Identifier la surface fonctionnelle ; relever XYZ, axes et incertitudes des deux cotes."
P6,Support - traverse interieure essieu avant,MNL-964BC-0006,MNL-964BC-0022,204.0,2.0,MANQUANT,UNKNOWN,,,102.0,,False,False,"Identifier la surface fonctionnelle ; relever XYZ, axes et incertitudes des deux cotes."
P7,Trou de fixation - passage de roue,MNL-964BC-0007,,,,MANQUANT,UNKNOWN,,,,,False,False,"Identifier la surface fonctionnelle ; relever XYZ, axes et incertitudes des deux cotes."
P11,Trou de fixation - tableau electrique,MNL-964BC-0008,,,,MANQUANT,UNKNOWN,,,,,False,False,"Identifier la surface fonctionnelle ; relever XYZ, axes et incertitudes des deux cotes."
P12,Support - traverse de boite,MNL-964BC-0009,MNL-964BC-0025,278.0,1.0,PARAMETRIQUE,DERIVED(N),-1197.0,-1703.0,139.0,,False,True,"Identifier la surface fonctionnelle ; relever XYZ, axes et incertitudes des deux cotes."
P13,Support - tube transversal exterieur essieu arriere,MNL-964BC-0010,,,,MANQUANT,UNKNOWN,,,,,False,False,"Identifier la surface fonctionnelle ; relever XYZ, axes et incertitudes des deux cotes."
P14,Support - jambe de suspension essieu arriere,MNL-964BC-0011,,,,MANQUANT,UNKNOWN,,,,,False,False,"Identifier la surface fonctionnelle ; relever XYZ, axes et incertitudes des deux cotes."
P15,Support - palier moteur,MNL-964BC-0012,,,,MANQUANT,UNKNOWN,,,,,False,False,"Identifier la surface fonctionnelle ; relever XYZ, axes et incertitudes des deux cotes."
P16,"Centre tube absorbeur de pare-chocs, arriere",MNL-964BC-0013,,,,MANQUANT,UNKNOWN,,,,,False,False,"Identifier la surface fonctionnelle ; relever XYZ, axes et incertitudes des deux cotes."
P17,"Point de levage - plateforme, cric, avant",MNL-964BC-0014,MNL-964BC-0023,1330.0,1.0,DETERMINE,MANUAL,0.0,-506.0,665.0,,False,True,"Identifier la surface fonctionnelle ; relever XYZ, axes et incertitudes des deux cotes."
P18,"Point de levage - cric, arriere",MNL-964BC-0015,MNL-964BC-0024,1236.0,1.0,DETERMINE,MANUAL(R),-1245.0,-1751.0,618.0,,False,True,"Identifier la surface fonctionnelle ; relever XYZ, axes et incertitudes des deux cotes."
P19,"Point de levage - plateforme, arriere",MNL-964BC-0016,MNL-964BC-0026,1018.0,1.0,DETERMINE,MANUAL(S),-1328.0,-1834.0,509.0,,False,True,"Identifier la surface fonctionnelle ; relever XYZ, axes et incertitudes des deux cotes."
P20,Trou - partie avant finale,MNL-964BC-0017,MNL-964BC-0019,440.0,2.0,PARAMETRIQUE,DERIVED(K),1211.1,705.1,220.0,,False,True,"Identifier la surface fonctionnelle ; relever XYZ, axes et incertitudes des deux cotes."
P21,Support - palier moteur interieur,MNL-964BC-0018,MNL-964BC-0027,640.0,1.0,INVALIDE,DERIVED(O),,,320.0,,False,False,"Identifier la surface fonctionnelle ; relever XYZ, axes et incertitudes des deux cotes."
