interface,feature,value,units,uncertainty,instrument,calibration,datum_definition,reference_id,evidence_uri,reviewed_by
rotor_output_shaft,bore_profile,,,,,,,,,
rotor_output_shaft,retention,,,,,,,,,
rotor_output_shaft,mating_face,,,,,,,,,
rotor_output_shaft,axis,,,,,,,,,
rotor_output_shaft,runout,,,,,,,,,
rotor_output_shaft,tolerances,,,,,,,,,
output_shaft_bearings,seat_diameters,,,,,,,,,
output_shaft_bearings,axial_locations,,,,,,,,,
output_shaft_bearings,bearing_types,,,,,,,,,
output_shaft_bearings,preload,,,,,,,,,
output_shaft_bearings,fits,,,,,,,,,
output_shaft_bearings,tolerances,,,,,,,,,
input_shaft_pulley,bore_profile,,,,,,,,,
input_shaft_pulley,retention,,,,,,,,,
input_shaft_pulley,mating_face,,,,,,,,,
input_shaft_pulley,axis,,,,,,,,,
input_shaft_pulley,tolerances,,,,,,,,,
input_bearings_gearcase,seat_diameters,,,,,,,,,
input_bearings_gearcase,axes,,,,,,,,,
input_bearings_gearcase,bearing_types,,,,,,,,,
input_bearings_gearcase,lubrication,,,,,,,,,
input_bearings_gearcase,fits,,,,,,,,,
input_bearings_gearcase,tolerances,,,,,,,,,
gearcase_support,hole_pattern,,,,,,,,,
gearcase_support,fasteners,,,,,,,,,
gearcase_support,mating_faces,,,,,,,,,
gearcase_support,datums,,,,,,,,,
gearcase_support,tolerances,,,,,,,,,
support_engine,hole_pattern,,,,,,,,,
support_engine,fasteners,,,,,,,,,
support_engine,mating_faces,,,,,,,,,
support_engine,datums,,,,,,,,,
support_engine,tolerances,,,,,,,,,
shroud_plenum_support,hole_pattern,,,,,,,,,
shroud_plenum_support,mating_faces,,,,,,,,,
shroud_plenum_support,seal,,,,,,,,,
shroud_plenum_support,clearance,,,,,,,,,
shroud_plenum_support,datums,,,,,,,,,
shroud_plenum_support,tolerances,,,,,,,,,
plenum_head_outlets,port_profiles,,,,,,,,,
plenum_head_outlets,port_locations,,,,,,,,,
plenum_head_outlets,seal,,,,,,,,,
plenum_head_outlets,fasteners,,,,,,,,,
plenum_head_outlets,datums,,,,,,,,,
plenum_head_outlets,tolerances,,,,,,,,,
engine_drive_belt,driver_axis,,,,,,,,,
engine_drive_belt,pitch_diameter,,,,,,,,,
engine_drive_belt,belt_specification,,,,,,,,,
engine_drive_belt,tensioner,,,,,,,,,
engine_drive_belt,alignment,,,,,,,,,
engine_drive_belt,speed_envelope,,,,,,,,,
engine_drive_belt,tolerances,,,,,,,,,
