cam_angle_deg,x_mm,z_mm
0.000000000,-0.113435061,-15.168156395
0.250000000,-0.201328477,-15.170137354
0.500000000,-0.290753571,-15.172164253
0.750000000,-0.381624834,-15.174262133
1.000000000,-0.473858730,-15.176455609
1.250000000,-0.567373641,-15.178768660
1.500000000,-0.662089811,-15.181224448
1.750000000,-0.757929316,-15.183845152
2.000000000,-0.854816033,-15.186651822
2.250000000,-0.952675625,-15.189664258
2.500000000,-1.051435535,-15.192900895
2.750000000,-1.151024991,-15.196378717
3.000000000,-1.251375014,-15.200113176
3.250000000,-1.352418437,-15.204118139
3.500000000,-1.454089935,-15.208405840
3.750000000,-1.556326048,-15.212986849
4.000000000,-1.659065218,-15.217870059
4.250000000,-1.762247825,-15.223062678
4.500000000,-1.865816223,-15.228570243
4.750000000,-1.969714779,-15.234396634
5.000000000,-2.073889907,-15.240544110
5.250000000,-2.178290103,-15.247013343
5.500000000,-2.282865978,-15.253803472
5.750000000,-2.387570282,-15.260912154
6.000000000,-2.492357928,-15.268335632
6.250000000,-2.597186011,-15.276068796
6.500000000,-2.702013813,-15.284105265
6.750000000,-2.806802814,-15.292437459
7.000000000,-2.911516688,-15.301056677
7.250000000,-3.016121293,-15.309953185
7.500000000,-3.120584656,-15.319116294
7.750000000,-3.224876952,-15.328534448
8.000000000,-3.328970474,-15.338195301
8.250000000,-3.432839597,-15.348085808
8.500000000,-3.536460737,-15.358192297
8.750000000,-3.639812304,-15.368500552
9.000000000,-3.742874649,-15.378995888
9.250000000,-3.845630006,-15.389663225
9.500000000,-3.948062432,-15.400487154
9.750000000,-4.050157738,-15.411452006
10.000000000,-4.151903423,-15.422541910
10.250000000,-4.253288601,-15.433740855
10.500000000,-4.354303926,-15.445032741
10.750000000,-4.454941521,-15.456401431
11.000000000,-4.555194895,-15.467830792
11.250000000,-4.655058868,-15.479304739
11.500000000,-4.754529497,-15.490807273
11.750000000,-4.853603993,-15.502322515
12.000000000,-4.952280649,-15.513834732
12.250000000,-5.050558759,-15.525328366
12.500000000,-5.148438549,-15.536788056
12.750000000,-5.245921100,-15.548198659
13.000000000,-5.343008281,-15.559545265
13.250000000,-5.439702676,-15.570813210
13.500000000,-5.536007518,-15.581988092
13.750000000,-5.631926629,-15.593055774
14.000000000,-5.727464352,-15.604002394
14.250000000,-5.822625496,-15.614814371
14.500000000,-5.917415280,-15.625478408
14.750000000,-6.011839277,-15.635981491
15.000000000,-6.105903363,-15.646310892
15.250000000,-6.199613671,-15.656454170
15.500000000,-6.292976547,-15.666399164
15.750000000,-6.385998501,-15.676133995
16.000000000,-6.478686175,-15.685647063
16.250000000,-6.571046299,-15.694927039
16.500000000,-6.663085663,-15.703962864
16.750000000,-6.754811077,-15.712743745
17.000000000,-6.846229348,-15.721259147
17.250000000,-6.937347250,-15.729498788
17.500000000,-7.028171496,-15.737452637
17.750000000,-7.118708721,-15.745110907
18.000000000,-7.208965455,-15.752464046
18.250000000,-7.298948107,-15.759502738
18.500000000,-7.388662947,-15.766217893
18.750000000,-7.478116091,-15.772600643
19.000000000,-7.567313486,-15.778642337
19.250000000,-7.656260901,-15.784334537
19.500000000,-7.744963911,-15.789669012
19.750000000,-7.833427891,-15.794637735
20.000000000,-7.921658009,-15.799232876
20.250000000,-8.009659216,-15.803446802
20.500000000,-8.097436244,-15.807272068
20.750000000,-8.184993597,-15.810701419
21.000000000,-8.272335550,-15.813727781
21.250000000,-8.359466149,-15.816344263
21.500000000,-8.446389203,-15.818544148
21.750000000,-8.533108289,-15.820320897
22.000000000,-8.619626746,-15.821668139
22.250000000,-8.705947680,-15.822579675
22.500000000,-8.792073965,-15.823049472
22.750000000,-8.878008239,-15.823071661
23.000000000,-8.963752915,-15.822640536
23.250000000,-9.049310174,-15.821750551
23.500000000,-9.134681975,-15.820396320
23.750000000,-9.219870055,-15.818572613
24.000000000,-9.304875935,-15.816274355
24.250000000,-9.389700921,-15.813496625
24.500000000,-9.474346110,-15.810234655
24.750000000,-9.558812395,-15.806483829
25.000000000,-9.643100471,-15.802239678
25.250000000,-9.727210833,-15.797497883
25.500000000,-9.811143792,-15.792254271
25.750000000,-9.894899469,-15.786504816
26.000000000,-9.978477810,-15.780245637
26.250000000,-10.061878584,-15.773472995
26.500000000,-10.145101392,-15.766183295
26.750000000,-10.228145672,-15.758373080
27.000000000,-10.311010706,-15.750039038
27.250000000,-10.393695621,-15.741177990
27.500000000,-10.476199398,-15.731786900
27.750000000,-10.558520878,-15.721862865
28.000000000,-10.640658765,-15.711403118
28.250000000,-10.722611633,-15.700405027
28.500000000,-10.804377932,-15.688866093
28.750000000,-10.885955990,-15.676783946
29.000000000,-10.967344022,-15.664156349
29.250000000,-11.048540133,-15.650981194
29.500000000,-11.129542322,-15.637256498
29.750000000,-11.210348491,-15.622980408
30.000000000,-11.290956445,-15.608151193
30.250000000,-11.371363900,-15.592767246
30.500000000,-11.451568486,-15.576827086
30.750000000,-11.531567751,-15.560329347
31.000000000,-11.611359166,-15.543272786
31.250000000,-11.690940132,-15.525656278
31.500000000,-11.770307977,-15.507478814
31.750000000,-11.849459967,-15.488739499
32.000000000,-11.928393308,-15.469437552
32.250000000,-12.007105145,-15.449572306
32.500000000,-12.085592571,-15.429143202
32.750000000,-12.163852631,-15.408149792
33.000000000,-12.241882317,-15.386591735
33.250000000,-12.319678583,-15.364468795
33.500000000,-12.397238336,-15.341780843
33.750000000,-12.474558449,-15.318527852
34.000000000,-12.551635758,-15.294709897
34.250000000,-12.628467064,-15.270327153
34.500000000,-12.705049138,-15.245379895
34.750000000,-12.781378725,-15.219868495
35.000000000,-12.857452540,-15.193793420
35.250000000,-12.933267276,-15.167155235
35.500000000,-13.008819602,-15.139954595
35.750000000,-13.084106168,-15.112192250
36.000000000,-13.159123604,-15.083869039
36.250000000,-13.233868524,-15.054985893
36.500000000,-13.308337525,-15.025543830
36.750000000,-13.382527190,-14.995543956
37.000000000,-13.456434089,-14.964987463
37.250000000,-13.530054779,-14.933875628
37.500000000,-13.603385808,-14.902209814
37.750000000,-13.676423714,-14.869991465
38.000000000,-13.749165024,-14.837222108
38.250000000,-13.821606259,-14.803903353
38.500000000,-13.893743934,-14.770036888
38.750000000,-13.965574553,-14.735624481
39.000000000,-14.037094620,-14.700667982
39.250000000,-14.108300631,-14.665169315
39.500000000,-14.179189076,-14.629130483
39.750000000,-14.249756443,-14.592553567
40.000000000,-14.319999217,-14.555440722
40.250000000,-14.389913878,-14.517794181
40.500000000,-14.459496904,-14.479616250
40.750000000,-14.528744773,-14.440909309
41.000000000,-14.597653956,-14.401675815
41.250000000,-14.666220928,-14.361918296
41.500000000,-14.734442157,-14.321639353
41.750000000,-14.802314116,-14.280841661
42.000000000,-14.869833272,-14.239527968
42.250000000,-14.936996093,-14.197701093
42.500000000,-15.003799050,-14.155363927
42.750000000,-15.070238609,-14.112519432
43.000000000,-15.136311241,-14.069170643
43.250000000,-15.202013413,-14.025320664
43.500000000,-15.267341597,-13.980972672
43.750000000,-15.332292263,-13.936129914
44.000000000,-15.396861886,-13.890795705
44.250000000,-15.461046939,-13.844973434
44.500000000,-15.524843900,-13.798666559
44.750000000,-15.588249249,-13.751878606
45.000000000,-15.651259468,-13.704613173
45.250000000,-15.713871044,-13.656873927
45.500000000,-15.776080466,-13.608664605
45.750000000,-15.837884229,-13.559989010
46.000000000,-15.899278831,-13.510851019
46.250000000,-15.960260779,-13.461254575
46.500000000,-16.020826581,-13.411203689
46.750000000,-16.080972756,-13.360702442
47.000000000,-16.140695828,-13.309754982
47.250000000,-16.199992329,-13.258365525
47.500000000,-16.258858800,-13.206538356
47.750000000,-16.317291791,-13.154277824
48.000000000,-16.375287864,-13.101588348
48.250000000,-16.432843590,-13.048474411
48.500000000,-16.489955552,-12.994940564
48.750000000,-16.546620346,-12.940991421
49.000000000,-16.602834582,-12.886631662
49.250000000,-16.658594885,-12.831866033
49.500000000,-16.713897894,-12.776699341
49.750000000,-16.768740267,-12.721136457
50.000000000,-16.823118679,-12.665182316
50.250000000,-16.877029822,-12.608841911
50.500000000,-16.930470410,-12.552120300
50.750000000,-16.983437179,-12.495022597
51.000000000,-17.035926884,-12.437553979
51.250000000,-17.087936307,-12.379719677
51.500000000,-17.139462253,-12.321524981
51.750000000,-17.190501554,-12.262975238
52.000000000,-17.241051070,-12.204075847
52.250000000,-17.291107687,-12.144832262
52.500000000,-17.340668324,-12.085249989
52.750000000,-17.389729931,-12.025334586
53.000000000,-17.438289491,-11.965091658
53.250000000,-17.486344020,-11.904526859
53.500000000,-17.533890571,-11.843645889
53.750000000,-17.580926233,-11.782454495
54.000000000,-17.627448137,-11.720958464
54.250000000,-17.673453449,-11.659163625
54.500000000,-17.718939382,-11.597075846
54.750000000,-17.763903187,-11.534701035
55.000000000,-17.808342164,-11.472045133
55.250000000,-17.852253655,-11.409114114
55.500000000,-17.895635054,-11.345913986
55.750000000,-17.938483799,-11.282450782
56.000000000,-17.980797384,-11.218730564
56.250000000,-18.022573349,-11.154759420
56.500000000,-18.063809292,-11.090543457
56.750000000,-18.104502864,-11.026088802
57.000000000,-18.144651773,-10.961401601
57.250000000,-18.184253783,-10.896488010
57.500000000,-18.223306718,-10.831354201
57.750000000,-18.261808463,-10.766006351
58.000000000,-18.299756964,-10.700450644
58.250000000,-18.337150229,-10.634693267
58.500000000,-18.373986332,-10.568740406
58.750000000,-18.410263412,-10.502598245
59.000000000,-18.445979673,-10.436272959
59.250000000,-18.481133388,-10.369770715
59.500000000,-18.515722899,-10.303097666
59.750000000,-18.549746616,-10.236259950
60.000000000,-18.583203023,-10.169263684
60.250000000,-18.616090672,-10.102114960
60.500000000,-18.648408190,-10.034819846
60.750000000,-18.680154276,-9.967384377
61.000000000,-18.711327704,-9.899814556
61.250000000,-18.741927321,-9.832116346
61.500000000,-18.771952051,-9.764295670
61.750000000,-18.801400892,-9.696358404
62.000000000,-18.830272920,-9.628310376
62.250000000,-18.858567286,-9.560157360
62.500000000,-18.886283217,-9.491905074
62.750000000,-18.913420019,-9.423559173
63.000000000,-18.939977072,-9.355125250
63.250000000,-18.965953834,-9.286608825
63.500000000,-18.991349840,-9.218015349
63.750000000,-19.016164701,-9.149350194
64.000000000,-19.040398103,-9.080618651
64.250000000,-19.064049809,-9.011825928
64.500000000,-19.087119654,-8.942977140
64.750000000,-19.109607549,-8.874077313
65.000000000,-19.131513479,-8.805131375
65.250000000,-19.152837499,-8.736144151
65.500000000,-19.173579738,-8.667120365
65.750000000,-19.193740391,-8.598064629
66.000000000,-19.213319726,-8.528981445
66.250000000,-19.232318074,-8.459875196
66.500000000,-19.250735836,-8.390750148
66.750000000,-19.268573472,-8.321610442
67.000000000,-19.285831510,-8.252460092
67.250000000,-19.302510532,-8.183302981
67.500000000,-19.318611182,-8.114142858
67.750000000,-19.334134160,-8.044983338
68.000000000,-19.349080219,-7.975827891
68.250000000,-19.363450161,-7.906679845
68.500000000,-19.377244840,-7.837542385
68.750000000,-19.390465154,-7.768418542
69.000000000,-19.403112047,-7.699311200
69.250000000,-19.415186500,-7.630223085
69.500000000,-19.426689534,-7.561156769
69.750000000,-19.437622203,-7.492114666
70.000000000,-19.447985596,-7.423099027
70.250000000,-19.457780825,-7.354111943
70.500000000,-19.467009032,-7.285155342
70.750000000,-19.475671378,-7.216230984
71.000000000,-19.483769042,-7.147340465
71.250000000,-19.491303221,-7.078485215
71.500000000,-19.498275121,-7.009666494
71.750000000,-19.504685956,-6.940885395
72.000000000,-19.510536947,-6.872142843
72.250000000,-19.515829313,-6.803439593
72.500000000,-19.520564274,-6.734776233
72.750000000,-19.524743042,-6.666153185
73.000000000,-19.528366819,-6.597570702
73.250000000,-19.531436797,-6.529028872
73.500000000,-19.533954151,-6.460527619
73.750000000,-19.535920034,-6.392066704
74.000000000,-19.537335582,-6.323645726
74.250000000,-19.538201900,-6.255264126
74.500000000,-19.538520067,-6.186921188
74.750000000,-19.538291131,-6.118616042
75.000000000,-19.537516105,-6.050347666
75.250000000,-19.536195964,-5.982114891
75.500000000,-19.534331644,-5.913916401
75.750000000,-19.531924042,-5.845750740
76.000000000,-19.528974008,-5.777616314
76.250000000,-19.525482347,-5.709511394
76.500000000,-19.521449816,-5.641434122
76.750000000,-19.516877125,-5.573382515
77.000000000,-19.511764932,-5.505354469
77.250000000,-19.506113843,-5.437347764
77.500000000,-19.499924412,-5.369360066
77.750000000,-19.493197142,-5.301388938
78.000000000,-19.485932480,-5.233431839
78.250000000,-19.478130821,-5.165486135
78.500000000,-19.469792506,-5.097549097
78.750000000,-19.460917824,-5.029617915
79.000000000,-19.451507012,-4.961689694
79.250000000,-19.441560255,-4.893761469
79.500000000,-19.431077689,-4.825830204
79.750000000,-19.420059402,-4.757892798
80.000000000,-19.408505434,-4.689946094
80.250000000,-19.396415782,-4.621986882
80.500000000,-19.383790401,-4.554011903
80.750000000,-19.370629207,-4.486017860
81.000000000,-19.356932078,-4.418001415
81.250000000,-19.342698862,-4.349959200
81.500000000,-19.327929373,-4.281887822
81.750000000,-19.312623403,-4.213783864
82.000000000,-19.296780718,-4.145643893
82.250000000,-19.280401070,-4.077464465
82.500000000,-19.263484194,-4.009242125
82.750000000,-19.246029817,-3.940973415
83.000000000,-19.228037662,-3.872654877
83.250000000,-19.209507453,-3.804283057
83.500000000,-19.190438917,-3.735854507
83.750000000,-19.170831795,-3.667365788
84.000000000,-19.150685841,-3.598813475
84.250000000,-19.130000835,-3.530194158
84.500000000,-19.108776579,-3.461504442
84.750000000,-19.087012912,-3.392740954
85.000000000,-19.064709710,-3.323900340
85.250000000,-19.041866893,-3.254979270
85.500000000,-19.018484432,-3.185974433
85.750000000,-18.994562353,-3.116882544
86.000000000,-18.970100745,-3.047700343
86.250000000,-18.945099764,-2.978424589
86.500000000,-18.919559640,-2.909052067
86.750000000,-18.893480682,-2.839579584
87.000000000,-18.866863283,-2.770003968
87.250000000,-18.839707928,-2.700322064
87.500000000,-18.812015196,-2.630530737
87.750000000,-18.783785769,-2.560626868
88.000000000,-18.755020435,-2.490607348
88.250000000,-18.725720094,-2.420469080
88.500000000,-18.695885762,-2.350208975
88.750000000,-18.665518578,-2.279823946
89.000000000,-18.634619807,-2.209310906
89.250000000,-18.603190843,-2.138666765
89.500000000,-18.571233220,-2.067888426
89.750000000,-18.538748606,-1.996972776
90.000000000,-18.505738816,-1.925916690
90.250000000,-18.472205813,-1.854717016
90.500000000,-18.438151708,-1.783370580
90.750000000,-18.403578770,-1.711874173
91.000000000,-18.368489424,-1.640224550
91.250000000,-18.332886258,-1.568418423
91.500000000,-18.296772022,-1.496452458
91.750000000,-18.260149635,-1.424323267
92.000000000,-18.223022184,-1.352027401
92.250000000,-18.185392932,-1.279561350
92.500000000,-18.147265312,-1.206921533
92.750000000,-18.108642939,-1.134104294
93.000000000,-18.069529604,-1.061105896
93.250000000,-18.029929281,-0.987922519
93.500000000,-17.989846129,-0.914550252
93.750000000,-17.949284492,-0.840985087
94.000000000,-17.908248902,-0.767222920
94.250000000,-17.866744080,-0.693259541
94.500000000,-17.824774943,-0.619090635
94.750000000,-17.782346598,-0.544711775
95.000000000,-17.739464351,-0.470118423
95.250000000,-17.696133708,-0.395305923
95.500000000,-17.652360375,-0.320269503
95.750000000,-17.608150264,-0.245004273
96.000000000,-17.563509491,-0.169505225
96.250000000,-17.518444386,-0.093767229
96.500000000,-17.472961490,-0.017785044
96.750000000,-17.427067563,0.058446692
97.000000000,-17.380769584,0.134933448
97.250000000,-17.334074758,0.211680802
97.500000000,-17.286990522,0.288694435
97.750000000,-17.239524546,0.365980123
98.000000000,-17.191684739,0.443543727
98.250000000,-17.143479257,0.521391189
98.500000000,-17.094916510,0.599528516
98.750000000,-17.046005164,0.677961769
99.000000000,-16.996754152,0.756697050
99.250000000,-16.947172679,0.835740483
99.500000000,-16.897270233,0.915098198
99.750000000,-16.847056590,0.994776310
100.000000000,-16.796541824,1.074780895
100.250000000,-16.745736318,1.155117969
100.500000000,-16.694650768,1.235793457
100.750000000,-16.643296198,1.316813165
101.000000000,-16.591683969,1.398182748
101.250000000,-16.539825786,1.479907672
101.500000000,-16.487733711,1.561993182
101.750000000,-16.435420171,1.644444257
102.000000000,-16.382897969,1.727265566
102.250000000,-16.330180293,1.810461424
102.500000000,-16.277280725,1.894035740
102.750000000,-16.224213250,1.977991965
103.000000000,-16.170992264,2.062333039
103.250000000,-16.117632579,2.147061325
103.500000000,-16.064149433,2.232178554
103.750000000,-16.010558487,2.317685756
104.000000000,-15.956875837,2.403583193
104.250000000,-15.903118008,2.489870289
104.500000000,-15.849301958,2.576545556
104.750000000,-15.795445070,2.663606516
105.000000000,-15.741565154,2.751049626
105.250000000,-15.687680429,2.838870198
105.500000000,-15.633809523,2.927062314
105.750000000,-15.579971450,3.015618746
106.000000000,-15.526185598,3.104530871
106.250000000,-15.472471707,3.193788586
106.500000000,-15.418849844,3.283380223
106.750000000,-15.365340375,3.373292466
107.000000000,-15.311963937,3.463510268
107.250000000,-15.258741398,3.554016767
107.500000000,-15.205693821,3.644793210
107.750000000,-15.152842421,3.735818871
108.000000000,-15.100208519,3.827070981
108.250000000,-15.047813495,3.918524658
108.500000000,-14.995678734,4.010152837
108.750000000,-14.943825573,4.101926214
109.000000000,-14.892275247,4.193813188
109.250000000,-14.841048829,4.285779811
109.500000000,-14.790167174,4.377789747
109.750000000,-14.739650865,4.469804231
110.000000000,-14.689520149,4.561782044
110.250000000,-14.639794891,4.653679486
110.500000000,-14.590494515,4.745450362
110.750000000,-14.541637964,4.837045971
111.000000000,-14.493243650,4.928415107
111.250000000,-14.445329425,5.019504062
111.500000000,-14.397912548,5.110256636
111.750000000,-14.351009665,5.200614157
112.000000000,-14.304636802,5.290515498
112.250000000,-14.258809365,5.379897111
112.500000000,-14.213542154,5.468693051
112.750000000,-14.168849391,5.556835014
113.000000000,-14.124744763,5.644252375
113.250000000,-14.081241482,5.730872223
113.500000000,-14.038352359,5.816619402
113.750000000,-13.996089906,5.901416553
114.000000000,-13.954466445,5.985184150
114.250000000,-13.913494248,6.067840542
114.500000000,-13.873185695,6.149301988
114.750000000,-13.833553455,6.229482696
115.000000000,-13.794610693,6.308294858
115.250000000,-13.756371303,6.385648682
115.500000000,-13.718850158,6.461452434
115.750000000,-13.682063405,6.535612470
116.000000000,-13.646028766,6.608033279
116.250000000,-13.610765887,6.678617531
116.500000000,-13.576296703,6.747266129
116.750000000,-13.542645841,6.813878284
117.000000000,-13.509841047,6.878351595
117.250000000,-13.477913648,6.940582162
117.500000000,-13.446899042,7.000464724
117.750000000,-13.416465129,7.058609761
118.000000000,-13.386227726,7.115742701
118.250000000,-13.356148571,7.171928517
118.500000000,-13.326190776,7.227230458
118.750000000,-13.296318710,7.281710015
119.000000000,-13.266497906,7.335426888
119.250000000,-13.236694976,7.388438963
119.500000000,-13.206877539,7.440802294
119.750000000,-13.177014167,7.492571084
120.000000000,-13.147074334,7.543797673
120.250000000,-13.117028383,7.594532534
120.500000000,-13.086847496,7.644824261
120.750000000,-13.056503679,7.694719575
121.000000000,-13.025969748,7.744263318
121.250000000,-12.995219330,7.793498463
121.500000000,-12.964226861,7.842466120
121.750000000,-12.932967601,7.891205543
122.000000000,-12.901417641,7.939754145
122.250000000,-12.869553925,7.988147515
122.500000000,-12.837354267,8.036419431
122.750000000,-12.804797379,8.084601880
123.000000000,-12.771862894,8.132725082
123.250000000,-12.738531393,8.180817511
123.500000000,-12.704784435,8.228905918
123.750000000,-12.670604586,8.277015358
124.000000000,-12.635975450,8.325169218
124.250000000,-12.600881696,8.373389240
124.500000000,-12.565309088,8.421695550
124.750000000,-12.529244515,8.470106687
125.000000000,-12.492676014,8.518639631
125.250000000,-12.455592804,8.567309826
125.500000000,-12.417985300,8.616131210
125.750000000,-12.379845147,8.665116236
126.000000000,-12.341165233,8.714275902
126.250000000,-12.301939713,8.763619769
126.500000000,-12.262164025,8.813155982
126.750000000,-12.221834908,8.862891290
127.000000000,-12.180950413,8.912831063
127.250000000,-12.139509917,8.962979306
127.500000000,-12.097514130,9.013338671
127.750000000,-12.054965107,9.063910467
128.000000000,-12.011866251,9.114694665
128.250000000,-11.968222318,9.165689905
128.500000000,-11.924039421,9.216893496
128.750000000,-11.879325027,9.268301416
129.000000000,-11.834087958,9.319908307
129.250000000,-11.788338388,9.371707470
129.500000000,-11.742087838,9.423690854
129.750000000,-11.695349173,9.475849048
130.000000000,-11.648136589,9.528171265
130.250000000,-11.600465612,9.580645326
130.500000000,-11.552353082,9.633257648
130.750000000,-11.503817147,9.685993217
131.000000000,-11.454877249,9.738835574
131.250000000,-11.405554117,9.791766790
131.500000000,-11.355869749,9.844767447
131.750000000,-11.305847404,9.897816613
132.000000000,-11.255511586,9.950891821
132.250000000,-11.204888039,10.003969044
132.500000000,-11.154003729,10.057022676
132.750000000,-11.102886837,10.110025510
133.000000000,-11.051566751,10.162948718
133.250000000,-11.000074059,10.215761835
133.500000000,-10.948440540,10.268432740
133.750000000,-10.896699172,10.320927649
134.000000000,-10.844884120,10.373211096
134.250000000,-10.793030754,10.425245938
134.500000000,-10.741175650,10.476993342
134.750000000,-10.689356603,10.528412794
135.000000000,-10.637612655,10.579462102
135.250000000,-10.585984112,10.630097409
135.500000000,-10.534512579,10.680273211
135.750000000,-10.483241001,10.729942382
136.000000000,-10.432213708,10.779056206
136.250000000,-10.381476473,10.827564414
136.500000000,-10.331076575,10.875415233
136.750000000,-10.281062873,10.922555444
137.000000000,-10.231485894,10.968930451
137.250000000,-10.182397924,11.014484356
137.500000000,-10.133853114,11.059160052
137.750000000,-10.085502112,11.103271912
138.000000000,-10.036959095,11.147172382
138.250000000,-9.988224990,11.190860626
138.500000000,-9.939300723,11.234335812
138.750000000,-9.890187227,11.277597112
139.000000000,-9.840885435,11.320643703
139.250000000,-9.791396287,11.363474766
139.500000000,-9.741720725,11.406089484
139.750000000,-9.691859695,11.448487047
140.000000000,-9.641814145,11.490666647
140.250000000,-9.591585030,11.532627481
140.500000000,-9.541173304,11.574368751
140.750000000,-9.490579928,11.615889661
141.000000000,-9.439805866,11.657189422
141.250000000,-9.388852083,11.698267246
141.500000000,-9.337719550,11.739122353
141.750000000,-9.286409240,11.779753963
142.000000000,-9.234922130,11.820161304
142.250000000,-9.183259201,11.860343606
142.500000000,-9.131421435,11.900300104
142.750000000,-9.079409821,11.940030038
143.000000000,-9.027225347,11.979532651
143.250000000,-8.974869009,12.018807190
143.500000000,-8.922341801,12.057852909
143.750000000,-8.869644725,12.096669064
144.000000000,-8.816778784,12.135254916
144.250000000,-8.763744985,12.173609729
144.500000000,-8.710544336,12.211732775
144.750000000,-8.657177851,12.249623327
145.000000000,-8.603646545,12.287280664
145.250000000,-8.549951439,12.324704069
145.500000000,-8.496093554,12.361892829
145.750000000,-8.442073915,12.398846237
146.000000000,-8.387893552,12.435563588
146.250000000,-8.333553495,12.472044185
146.500000000,-8.279054780,12.508287331
146.750000000,-8.224398443,12.544292338
147.000000000,-8.169585525,12.580058519
147.250000000,-8.114617071,12.615585194
147.500000000,-8.059494125,12.650871687
147.750000000,-8.004217739,12.685917326
148.000000000,-7.948788963,12.720721442
148.250000000,-7.893208855,12.755283375
148.500000000,-7.837478471,12.789602465
148.750000000,-7.781598872,12.823678060
149.000000000,-7.725571124,12.857509511
149.250000000,-7.669396291,12.891096173
149.500000000,-7.613075444,12.924437407
149.750000000,-7.556609656,12.957532578
150.000000000,-7.500000000,12.990381057
150.250000000,-7.443247555,13.022982217
150.500000000,-7.386353402,13.055335439
150.750000000,-7.329318622,13.087440106
151.000000000,-7.272144304,13.119295607
151.250000000,-7.214831534,13.150901336
151.500000000,-7.157381404,13.182256690
151.750000000,-7.099795008,13.213361073
152.000000000,-7.042073442,13.244213893
152.250000000,-6.984217805,13.274814562
152.500000000,-6.926229199,13.305162498
152.750000000,-6.868108727,13.335257122
153.000000000,-6.809857496,13.365097863
153.250000000,-6.751476616,13.394684151
153.500000000,-6.692967197,13.424015424
153.750000000,-6.634330353,13.453091123
154.000000000,-6.575567202,13.481910694
154.250000000,-6.516678861,13.510473590
154.500000000,-6.457666452,13.538779265
154.750000000,-6.398531099,13.566827182
155.000000000,-6.339273926,13.594616806
155.250000000,-6.279896063,13.622147607
155.500000000,-6.220398640,13.649419063
155.750000000,-6.160782789,13.676430654
156.000000000,-6.101049646,13.703181865
156.250000000,-6.041200348,13.729672187
156.500000000,-5.981236034,13.755901116
156.750000000,-5.921157846,13.781868152
157.000000000,-5.860966927,13.807572802
157.250000000,-5.800664425,13.833014575
157.500000000,-5.740251485,13.858192988
157.750000000,-5.679729260,13.883107560
158.000000000,-5.619098901,13.907757819
158.250000000,-5.558361563,13.932143293
158.500000000,-5.497518401,13.956263520
158.750000000,-5.436570574,13.980118039
159.000000000,-5.375519243,14.003706397
159.250000000,-5.314365570,14.027028145
159.500000000,-5.253110719,14.050082839
159.750000000,-5.191755856,14.072870039
160.000000000,-5.130302150,14.095389312
160.250000000,-5.068750770,14.117640229
160.500000000,-5.007102889,14.139622366
160.750000000,-4.945359679,14.161335306
161.000000000,-4.883522317,14.182778634
161.250000000,-4.821591980,14.203951942
161.500000000,-4.759569846,14.224854828
161.750000000,-4.697457097,14.245486893
162.000000000,-4.635254916,14.265847744
162.250000000,-4.572964485,14.285936995
162.500000000,-4.510586993,14.305754261
162.750000000,-4.448123625,14.325299167
163.000000000,-4.385575571,14.344571339
163.250000000,-4.322944022,14.363570412
163.500000000,-4.260230171,14.382296023
163.750000000,-4.197435210,14.400747816
164.000000000,-4.134560337,14.418925439
164.250000000,-4.071606748,14.436828547
164.500000000,-4.008575641,14.454456798
164.750000000,-3.945468217,14.471809857
165.000000000,-3.882285677,14.488887394
165.250000000,-3.819029223,14.505689084
165.500000000,-3.755700061,14.522214606
165.750000000,-3.692299395,14.538463646
166.000000000,-3.628828434,14.554435894
166.250000000,-3.565288385,14.570131047
166.500000000,-3.501680458,14.585548806
166.750000000,-3.438005864,14.600688877
167.000000000,-3.374265815,14.615550972
167.250000000,-3.310461525,14.630134808
167.500000000,-3.246594209,14.644440107
167.750000000,-3.182665082,14.658466597
168.000000000,-3.118675362,14.672214011
168.250000000,-3.054626267,14.685682087
168.500000000,-2.990519016,14.698870569
168.750000000,-2.926354830,14.711779206
169.000000000,-2.862134931,14.724407752
169.250000000,-2.797860540,14.736755966
169.500000000,-2.733532882,14.748823613
169.750000000,-2.669153182,14.760610465
170.000000000,-2.604722665,14.772116295
170.250000000,-2.540242558,14.783340886
170.500000000,-2.475714088,14.794284023
170.750000000,-2.411138484,14.804945498
171.000000000,-2.346516976,14.815325109
171.250000000,-2.281850793,14.825422657
171.500000000,-2.217141167,14.835237950
171.750000000,-2.152389330,14.844770802
172.000000000,-2.087596514,14.854021031
172.250000000,-2.022763954,14.862988461
172.500000000,-1.957892883,14.871672921
172.750000000,-1.892984537,14.880074245
173.000000000,-1.828040151,14.888192275
173.250000000,-1.763060962,14.896026854
173.500000000,-1.698048207,14.903577835
173.750000000,-1.633003123,14.910845073
174.000000000,-1.567926949,14.917828431
174.250000000,-1.502820924,14.924527774
174.500000000,-1.437686288,14.930942976
174.750000000,-1.372524280,14.937073914
175.000000000,-1.307336141,14.942920471
175.250000000,-1.242123113,14.948482537
175.500000000,-1.176886436,14.953760006
175.750000000,-1.111627353,14.958752776
176.000000000,-1.046347106,14.963460754
176.250000000,-0.981046938,14.967883849
176.500000000,-0.915728093,14.972021976
176.750000000,-0.850391813,14.975875058
177.000000000,-0.785039344,14.979443021
177.250000000,-0.719671928,14.982725797
177.500000000,-0.654290810,14.985723324
177.750000000,-0.588897236,14.988435544
178.000000000,-0.523492451,14.990862405
178.250000000,-0.458077698,14.993003863
178.500000000,-0.392654225,14.994859875
178.750000000,-0.327223276,14.996430406
179.000000000,-0.261786097,14.997715427
179.250000000,-0.196343934,14.998714914
179.500000000,-0.130898032,14.999428846
179.750000000,-0.065449639,14.999857211
180.000000000,-0.000000000,15.000000000
180.250000000,0.065449639,14.999857211
180.500000000,0.130898032,14.999428846
180.750000000,0.196343934,14.998714914
181.000000000,0.261786097,14.997715427
181.250000000,0.327223276,14.996430406
181.500000000,0.392654225,14.994859875
181.750000000,0.458077698,14.993003863
182.000000000,0.523492451,14.990862405
182.250000000,0.588897236,14.988435544
182.500000000,0.654290810,14.985723324
182.750000000,0.719671928,14.982725797
183.000000000,0.785039344,14.979443021
183.250000000,0.850391813,14.975875058
183.500000000,0.915728093,14.972021976
183.750000000,0.981046938,14.967883849
184.000000000,1.046347106,14.963460754
184.250000000,1.111627353,14.958752776
184.500000000,1.176886436,14.953760006
184.750000000,1.242123113,14.948482537
185.000000000,1.307336141,14.942920471
185.250000000,1.372524280,14.937073914
185.500000000,1.437686288,14.930942976
185.750000000,1.502820924,14.924527774
186.000000000,1.567926949,14.917828431
186.250000000,1.633003123,14.910845073
186.500000000,1.698048207,14.903577835
186.750000000,1.763060962,14.896026854
187.000000000,1.828040151,14.888192275
187.250000000,1.892984537,14.880074245
187.500000000,1.957892883,14.871672921
187.750000000,2.022763954,14.862988461
188.000000000,2.087596514,14.854021031
188.250000000,2.152389330,14.844770802
188.500000000,2.217141167,14.835237950
188.750000000,2.281850793,14.825422657
189.000000000,2.346516976,14.815325109
189.250000000,2.411138484,14.804945498
189.500000000,2.475714088,14.794284023
189.750000000,2.540242558,14.783340886
190.000000000,2.604722665,14.772116295
190.250000000,2.669153182,14.760610465
190.500000000,2.733532882,14.748823613
190.750000000,2.797860540,14.736755966
191.000000000,2.862134931,14.724407752
191.250000000,2.926354830,14.711779206
191.500000000,2.990519016,14.698870569
191.750000000,3.054626267,14.685682087
192.000000000,3.118675362,14.672214011
192.250000000,3.182665082,14.658466597
192.500000000,3.246594209,14.644440107
192.750000000,3.310461525,14.630134808
193.000000000,3.374265815,14.615550972
193.250000000,3.438005864,14.600688877
193.500000000,3.501680458,14.585548806
193.750000000,3.565288385,14.570131047
194.000000000,3.628828434,14.554435894
194.250000000,3.692299395,14.538463646
194.500000000,3.755700061,14.522214606
194.750000000,3.819029223,14.505689084
195.000000000,3.882285677,14.488887394
195.250000000,3.945468217,14.471809857
195.500000000,4.008575641,14.454456798
195.750000000,4.071606748,14.436828547
196.000000000,4.134560337,14.418925439
196.250000000,4.197435210,14.400747816
196.500000000,4.260230171,14.382296023
196.750000000,4.322944022,14.363570412
197.000000000,4.385575571,14.344571339
197.250000000,4.448123625,14.325299167
197.500000000,4.510586993,14.305754261
197.750000000,4.572964485,14.285936995
198.000000000,4.635254916,14.265847744
198.250000000,4.697457097,14.245486893
198.500000000,4.759569846,14.224854828
198.750000000,4.821591980,14.203951942
199.000000000,4.883522317,14.182778634
199.250000000,4.945359679,14.161335306
199.500000000,5.007102889,14.139622366
199.750000000,5.068750770,14.117640229
200.000000000,5.130302150,14.095389312
200.250000000,5.191755856,14.072870039
200.500000000,5.253110719,14.050082839
200.750000000,5.314365570,14.027028145
201.000000000,5.375519243,14.003706397
201.250000000,5.436570574,13.980118039
201.500000000,5.497518401,13.956263520
201.750000000,5.558361563,13.932143293
202.000000000,5.619098901,13.907757819
202.250000000,5.679729260,13.883107560
202.500000000,5.740251485,13.858192988
202.750000000,5.800664425,13.833014575
203.000000000,5.860966927,13.807572802
203.250000000,5.921157846,13.781868152
203.500000000,5.981236034,13.755901116
203.750000000,6.041200348,13.729672187
204.000000000,6.101049646,13.703181865
204.250000000,6.160782789,13.676430654
204.500000000,6.220398640,13.649419063
204.750000000,6.279896063,13.622147607
205.000000000,6.339273926,13.594616806
205.250000000,6.398531099,13.566827182
205.500000000,6.457666452,13.538779265
205.750000000,6.516678861,13.510473590
206.000000000,6.575567202,13.481910694
206.250000000,6.634330353,13.453091123
206.500000000,6.692967197,13.424015424
206.750000000,6.751476616,13.394684151
207.000000000,6.809857496,13.365097863
207.250000000,6.868108727,13.335257122
207.500000000,6.926229199,13.305162498
207.750000000,6.984217805,13.274814562
208.000000000,7.042073442,13.244213893
208.250000000,7.099795008,13.213361073
208.500000000,7.157381404,13.182256690
208.750000000,7.214831534,13.150901336
209.000000000,7.272144304,13.119295607
209.250000000,7.329318622,13.087440106
209.500000000,7.386353402,13.055335439
209.750000000,7.443247555,13.022982217
210.000000000,7.500000000,12.990381057
210.250000000,7.556609656,12.957532578
210.500000000,7.613075444,12.924437407
210.750000000,7.669396291,12.891096173
211.000000000,7.725571124,12.857509511
211.250000000,7.781598872,12.823678060
211.500000000,7.837478471,12.789602465
211.750000000,7.893208855,12.755283375
212.000000000,7.948788963,12.720721442
212.250000000,8.004217739,12.685917326
212.500000000,8.059494125,12.650871687
212.750000000,8.114617071,12.615585194
213.000000000,8.169585525,12.580058519
213.250000000,8.224398443,12.544292338
213.500000000,8.279054780,12.508287331
213.750000000,8.333553495,12.472044185
214.000000000,8.387893552,12.435563588
214.250000000,8.442073915,12.398846237
214.500000000,8.496093554,12.361892829
214.750000000,8.549951439,12.324704069
215.000000000,8.603646545,12.287280664
215.250000000,8.657177851,12.249623327
215.500000000,8.710544336,12.211732775
215.750000000,8.763744985,12.173609729
216.000000000,8.816778784,12.135254916
216.250000000,8.869644725,12.096669064
216.500000000,8.922341801,12.057852909
216.750000000,8.974869009,12.018807190
217.000000000,9.027225347,11.979532651
217.250000000,9.079409821,11.940030038
217.500000000,9.131421435,11.900300104
217.750000000,9.183259201,11.860343606
218.000000000,9.234922130,11.820161304
218.250000000,9.286409240,11.779753963
218.500000000,9.337719550,11.739122353
218.750000000,9.388852083,11.698267246
219.000000000,9.439805866,11.657189422
219.250000000,9.490579928,11.615889661
219.500000000,9.541173304,11.574368751
219.750000000,9.591585030,11.532627481
220.000000000,9.641814145,11.490666647
220.250000000,9.691859695,11.448487047
220.500000000,9.741720725,11.406089484
220.750000000,9.791396287,11.363474766
221.000000000,9.840885435,11.320643703
221.250000000,9.890187227,11.277597112
221.500000000,9.939300723,11.234335812
221.750000000,9.988224990,11.190860626
222.000000000,10.036959095,11.147172382
222.250000000,10.085502112,11.103271912
222.500000000,10.133853114,11.059160052
222.750000000,10.182011183,11.014837642
223.000000000,10.229975401,10.970305524
223.250000000,10.277744855,10.925564548
223.500000000,10.325318635,10.880615565
223.750000000,10.372695837,10.835459431
224.000000000,10.419875557,10.790097005
224.250000000,10.466856898,10.744529151
224.500000000,10.513638964,10.698756737
224.750000000,10.560220867,10.652780634
225.000000000,10.606601718,10.606601718
225.250000000,10.652780634,10.560220867
225.500000000,10.698756737,10.513638964
225.750000000,10.744529151,10.466856898
226.000000000,10.790097005,10.419875557
226.250000000,10.835459431,10.372695837
226.500000000,10.880615565,10.325318635
226.750000000,10.925564548,10.277744855
227.000000000,10.970305524,10.229975401
227.250000000,11.014837642,10.182011183
227.500000000,11.059160052,10.133853114
227.750000000,11.103271912,10.085502112
228.000000000,11.147172382,10.036959095
228.250000000,11.190860626,9.988224990
228.500000000,11.234335812,9.939300723
228.750000000,11.277597112,9.890187227
229.000000000,11.320643703,9.840885435
229.250000000,11.363474766,9.791396287
229.500000000,11.406089484,9.741720725
229.750000000,11.448487047,9.691859695
230.000000000,11.490666647,9.641814145
230.250000000,11.532627481,9.591585030
230.500000000,11.574368751,9.541173304
230.750000000,11.615889661,9.490579928
231.000000000,11.657189422,9.439805866
231.250000000,11.698267246,9.388852083
231.500000000,11.739122353,9.337719550
231.750000000,11.779753963,9.286409240
232.000000000,11.820161304,9.234922130
232.250000000,11.860343606,9.183259201
232.500000000,11.900300104,9.131421435
232.750000000,11.940030038,9.079409821
233.000000000,11.979532651,9.027225347
233.250000000,12.018807190,8.974869009
233.500000000,12.057852909,8.922341801
233.750000000,12.096669064,8.869644725
234.000000000,12.135254916,8.816778784
234.250000000,12.173609729,8.763744985
234.500000000,12.211732775,8.710544336
234.750000000,12.249623327,8.657177851
235.000000000,12.287280664,8.603646545
235.250000000,12.324704069,8.549951439
235.500000000,12.361892829,8.496093554
235.750000000,12.398846237,8.442073915
236.000000000,12.435563588,8.387893552
236.250000000,12.472044185,8.333553495
236.500000000,12.508287331,8.279054780
236.750000000,12.544292338,8.224398443
237.000000000,12.580058519,8.169585525
237.250000000,12.615585194,8.114617071
237.500000000,12.650871687,8.059494125
237.750000000,12.685917326,8.004217739
238.000000000,12.720721442,7.948788963
238.250000000,12.755283375,7.893208855
238.500000000,12.789602465,7.837478471
238.750000000,12.823678060,7.781598872
239.000000000,12.857509511,7.725571124
239.250000000,12.891096173,7.669396291
239.500000000,12.924437407,7.613075444
239.750000000,12.957532578,7.556609656
240.000000000,12.990381057,7.500000000
240.250000000,13.022982217,7.443247555
240.500000000,13.055335439,7.386353402
240.750000000,13.087440106,7.329318622
241.000000000,13.119295607,7.272144304
241.250000000,13.150901336,7.214831534
241.500000000,13.182256690,7.157381404
241.750000000,13.213361073,7.099795008
242.000000000,13.244213893,7.042073442
242.250000000,13.274814562,6.984217805
242.500000000,13.305162498,6.926229199
242.750000000,13.335257122,6.868108727
243.000000000,13.365097863,6.809857496
243.250000000,13.394684151,6.751476616
243.500000000,13.424015424,6.692967197
243.750000000,13.453091123,6.634330353
244.000000000,13.481910694,6.575567202
244.250000000,13.510473590,6.516678861
244.500000000,13.538779265,6.457666452
244.750000000,13.566827182,6.398531099
245.000000000,13.594616806,6.339273926
245.250000000,13.622147607,6.279896063
245.500000000,13.649419063,6.220398640
245.750000000,13.676430654,6.160782789
246.000000000,13.703181865,6.101049646
246.250000000,13.729672187,6.041200348
246.500000000,13.755901116,5.981236034
246.750000000,13.781868152,5.921157846
247.000000000,13.807572802,5.860966927
247.250000000,13.833014575,5.800664425
247.500000000,13.858192988,5.740251485
247.750000000,13.883107560,5.679729260
248.000000000,13.907757819,5.619098901
248.250000000,13.932143293,5.558361563
248.500000000,13.956263520,5.497518401
248.750000000,13.980118039,5.436570574
249.000000000,14.003706397,5.375519243
249.250000000,14.027028145,5.314365570
249.500000000,14.050082839,5.253110719
249.750000000,14.072870039,5.191755856
250.000000000,14.095389312,5.130302150
250.250000000,14.117640229,5.068750770
250.500000000,14.139622366,5.007102889
250.750000000,14.161335306,4.945359679
251.000000000,14.182778634,4.883522317
251.250000000,14.203951942,4.821591980
251.500000000,14.224854828,4.759569846
251.750000000,14.245486893,4.697457097
252.000000000,14.265847744,4.635254916
252.250000000,14.285936995,4.572964485
252.500000000,14.305754261,4.510586993
252.750000000,14.325299167,4.448123625
253.000000000,14.344571339,4.385575571
253.250000000,14.363570412,4.322944022
253.500000000,14.382296023,4.260230171
253.750000000,14.400747816,4.197435210
254.000000000,14.418925439,4.134560337
254.250000000,14.436828547,4.071606748
254.500000000,14.454456798,4.008575641
254.750000000,14.471809857,3.945468217
255.000000000,14.488887394,3.882285677
255.250000000,14.505689084,3.819029223
255.500000000,14.522214606,3.755700061
255.750000000,14.538463646,3.692299395
256.000000000,14.554435894,3.628828434
256.250000000,14.570131047,3.565288385
256.500000000,14.585548806,3.501680458
256.750000000,14.600688877,3.438005864
257.000000000,14.615550972,3.374265815
257.250000000,14.630134808,3.310461525
257.500000000,14.644440107,3.246594209
257.750000000,14.658466597,3.182665082
258.000000000,14.672214011,3.118675362
258.250000000,14.685682087,3.054626267
258.500000000,14.698870569,2.990519016
258.750000000,14.711779206,2.926354830
259.000000000,14.724407752,2.862134931
259.250000000,14.736755966,2.797860540
259.500000000,14.748823613,2.733532882
259.750000000,14.760610465,2.669153182
260.000000000,14.772116295,2.604722665
260.250000000,14.783340886,2.540242558
260.500000000,14.794284023,2.475714088
260.750000000,14.804945498,2.411138484
261.000000000,14.815325109,2.346516976
261.250000000,14.825422657,2.281850793
261.500000000,14.835237950,2.217141167
261.750000000,14.844770802,2.152389330
262.000000000,14.854021031,2.087596514
262.250000000,14.862988461,2.022763954
262.500000000,14.871672921,1.957892883
262.750000000,14.880074245,1.892984537
263.000000000,14.888192275,1.828040151
263.250000000,14.896026854,1.763060962
263.500000000,14.903577835,1.698048207
263.750000000,14.910845073,1.633003123
264.000000000,14.917828431,1.567926949
264.250000000,14.924527774,1.502820924
264.500000000,14.930942976,1.437686288
264.750000000,14.937073914,1.372524280
265.000000000,14.942920471,1.307336141
265.250000000,14.948482537,1.242123113
265.500000000,14.953760006,1.176886436
265.750000000,14.958752776,1.111627353
266.000000000,14.963460754,1.046347106
266.250000000,14.967883849,0.981046938
266.500000000,14.972021976,0.915728093
266.750000000,14.975875058,0.850391813
267.000000000,14.979443021,0.785039344
267.250000000,14.982725797,0.719671928
267.500000000,14.985723324,0.654290810
267.750000000,14.988435544,0.588897236
268.000000000,14.990862405,0.523492451
268.250000000,14.993003863,0.458077698
268.500000000,14.994859875,0.392654225
268.750000000,14.996430406,0.327223276
269.000000000,14.997715427,0.261786097
269.250000000,14.998714914,0.196343934
269.500000000,14.999428846,0.130898032
269.750000000,14.999857211,0.065449639
270.000000000,15.000000000,0.000000000
270.250000000,14.999857211,-0.065449639
270.500000000,14.999428846,-0.130898032
270.750000000,14.998714914,-0.196343934
271.000000000,14.997715427,-0.261786097
271.250000000,14.996430406,-0.327223276
271.500000000,14.994859875,-0.392654225
271.750000000,14.993003863,-0.458077698
272.000000000,14.990862405,-0.523492451
272.250000000,14.988435544,-0.588897236
272.500000000,14.985723324,-0.654290810
272.750000000,14.982725797,-0.719671928
273.000000000,14.979443021,-0.785039344
273.250000000,14.975875058,-0.850391813
273.500000000,14.972021976,-0.915728093
273.750000000,14.967883849,-0.981046938
274.000000000,14.963460754,-1.046347106
274.250000000,14.958752776,-1.111627353
274.500000000,14.953760006,-1.176886436
274.750000000,14.948482537,-1.242123113
275.000000000,14.942920471,-1.307336141
275.250000000,14.937073914,-1.372524280
275.500000000,14.930942976,-1.437686288
275.750000000,14.924527774,-1.502820924
276.000000000,14.917828431,-1.567926949
276.250000000,14.910845073,-1.633003123
276.500000000,14.903577835,-1.698048207
276.750000000,14.896026854,-1.763060962
277.000000000,14.888192275,-1.828040151
277.250000000,14.880074245,-1.892984537
277.500000000,14.871672921,-1.957892883
277.750000000,14.862988461,-2.022763954
278.000000000,14.854021031,-2.087596514
278.250000000,14.844770802,-2.152389330
278.500000000,14.835237950,-2.217141167
278.750000000,14.825422657,-2.281850793
279.000000000,14.815325109,-2.346516976
279.250000000,14.804945498,-2.411138484
279.500000000,14.794284023,-2.475714088
279.750000000,14.783340886,-2.540242558
280.000000000,14.772116295,-2.604722665
280.250000000,14.760610465,-2.669153182
280.500000000,14.748823613,-2.733532882
280.750000000,14.736755966,-2.797860540
281.000000000,14.724407752,-2.862134931
281.250000000,14.711779206,-2.926354830
281.500000000,14.698870569,-2.990519016
281.750000000,14.685682087,-3.054626267
282.000000000,14.672214011,-3.118675362
282.250000000,14.658466597,-3.182665082
282.500000000,14.644440107,-3.246594209
282.750000000,14.630134808,-3.310461525
283.000000000,14.615550972,-3.374265815
283.250000000,14.600688877,-3.438005864
283.500000000,14.585548806,-3.501680458
283.750000000,14.570131047,-3.565288385
284.000000000,14.554435894,-3.628828434
284.250000000,14.538463646,-3.692299395
284.500000000,14.522214606,-3.755700061
284.750000000,14.505689084,-3.819029223
285.000000000,14.488887394,-3.882285677
285.250000000,14.471809857,-3.945468217
285.500000000,14.454456798,-4.008575641
285.750000000,14.436828547,-4.071606748
286.000000000,14.418925439,-4.134560337
286.250000000,14.400747816,-4.197435210
286.500000000,14.382296023,-4.260230171
286.750000000,14.363570412,-4.322944022
287.000000000,14.344571339,-4.385575571
287.250000000,14.325299167,-4.448123625
287.500000000,14.305754261,-4.510586993
287.750000000,14.285936995,-4.572964485
288.000000000,14.265847744,-4.635254916
288.250000000,14.245486893,-4.697457097
288.500000000,14.224854828,-4.759569846
288.750000000,14.203951942,-4.821591980
289.000000000,14.182778634,-4.883522317
289.250000000,14.161335306,-4.945359679
289.500000000,14.139622366,-5.007102889
289.750000000,14.117640229,-5.068750770
290.000000000,14.095389312,-5.130302150
290.250000000,14.072870039,-5.191755856
290.500000000,14.050082839,-5.253110719
290.750000000,14.027028145,-5.314365570
291.000000000,14.003706397,-5.375519243
291.250000000,13.980118039,-5.436570574
291.500000000,13.956263520,-5.497518401
291.750000000,13.932143293,-5.558361563
292.000000000,13.907757819,-5.619098901
292.250000000,13.883107560,-5.679729260
292.500000000,13.858192988,-5.740251485
292.750000000,13.833014575,-5.800664425
293.000000000,13.807572802,-5.860966927
293.250000000,13.781868152,-5.921157846
293.500000000,13.755901116,-5.981236034
293.750000000,13.729672187,-6.041200348
294.000000000,13.703181865,-6.101049646
294.250000000,13.676430654,-6.160782789
294.500000000,13.649419063,-6.220398640
294.750000000,13.622147607,-6.279896063
295.000000000,13.594616806,-6.339273926
295.250000000,13.566827182,-6.398531099
295.500000000,13.538779265,-6.457666452
295.750000000,13.510473590,-6.516678861
296.000000000,13.481910694,-6.575567202
296.250000000,13.453091123,-6.634330353
296.500000000,13.424015424,-6.692967197
296.750000000,13.394684151,-6.751476616
297.000000000,13.365097863,-6.809857496
297.250000000,13.335257122,-6.868108727
297.500000000,13.305162498,-6.926229199
297.750000000,13.274814562,-6.984217805
298.000000000,13.244213893,-7.042073442
298.250000000,13.213361073,-7.099795008
298.500000000,13.182256690,-7.157381404
298.750000000,13.150901336,-7.214831534
299.000000000,13.119295607,-7.272144304
299.250000000,13.087440106,-7.329318622
299.500000000,13.055335439,-7.386353402
299.750000000,13.022982217,-7.443247555
300.000000000,12.990381057,-7.500000000
300.250000000,12.957532578,-7.556609656
300.500000000,12.924437407,-7.613075444
300.750000000,12.891096173,-7.669396291
301.000000000,12.857509511,-7.725571124
301.250000000,12.823678060,-7.781598872
301.500000000,12.789602465,-7.837478471
301.750000000,12.755283375,-7.893208855
302.000000000,12.720721442,-7.948788963
302.250000000,12.685917326,-8.004217739
302.500000000,12.650871687,-8.059494125
302.750000000,12.615585194,-8.114617071
303.000000000,12.580058519,-8.169585525
303.250000000,12.544292338,-8.224398443
303.500000000,12.508287331,-8.279054780
303.750000000,12.472044185,-8.333553495
304.000000000,12.435563588,-8.387893552
304.250000000,12.398846237,-8.442073915
304.500000000,12.361892829,-8.496093554
304.750000000,12.324704069,-8.549951439
305.000000000,12.287280664,-8.603646545
305.250000000,12.249623327,-8.657177851
305.500000000,12.211732775,-8.710544336
305.750000000,12.173609729,-8.763744985
306.000000000,12.135254916,-8.816778784
306.250000000,12.096669064,-8.869644725
306.500000000,12.057852909,-8.922341801
306.750000000,12.018807190,-8.974869009
307.000000000,11.979532651,-9.027225347
307.250000000,11.940030038,-9.079409821
307.500000000,11.900300104,-9.131421435
307.750000000,11.860343606,-9.183259201
308.000000000,11.820161304,-9.234922130
308.250000000,11.779753963,-9.286409240
308.500000000,11.739122353,-9.337719550
308.750000000,11.698267246,-9.388852083
309.000000000,11.657189422,-9.439805866
309.250000000,11.615889661,-9.490579928
309.500000000,11.574368751,-9.541173304
309.750000000,11.532627481,-9.591585030
310.000000000,11.490666647,-9.641814145
310.250000000,11.448487047,-9.691859695
310.500000000,11.406089484,-9.741720725
310.750000000,11.363474766,-9.791396287
311.000000000,11.320643703,-9.840885435
311.250000000,11.277597112,-9.890187227
311.500000000,11.234335812,-9.939300723
311.750000000,11.190860626,-9.988224990
312.000000000,11.147172382,-10.036959095
312.250000000,11.103271912,-10.085502112
312.500000000,11.059160052,-10.133853114
312.750000000,11.014837642,-10.182011183
313.000000000,10.970305524,-10.229975401
313.250000000,10.925564548,-10.277744855
313.500000000,10.880615565,-10.325318635
313.750000000,10.835459431,-10.372695837
314.000000000,10.790097005,-10.419875557
314.250000000,10.744529151,-10.466856898
314.500000000,10.698756737,-10.513638964
314.750000000,10.652780634,-10.560220867
315.000000000,10.606601718,-10.606601718
315.250000000,10.560220867,-10.652780634
315.500000000,10.513638964,-10.698756737
315.750000000,10.466856898,-10.744529151
316.000000000,10.419875557,-10.790097005
316.250000000,10.372695837,-10.835459431
316.500000000,10.325318635,-10.880615565
316.750000000,10.277744855,-10.925564548
317.000000000,10.229975401,-10.970305524
317.250000000,10.182011183,-11.014837642
317.500000000,10.133853114,-11.059160052
317.750000000,10.085502112,-11.103271912
318.000000000,10.036959095,-11.147172382
318.250000000,9.988224990,-11.190860626
318.500000000,9.939300723,-11.234335812
318.750000000,9.890187227,-11.277597112
319.000000000,9.840885435,-11.320643703
319.250000000,9.791396287,-11.363474766
319.500000000,9.741720725,-11.406089484
319.750000000,9.691859695,-11.448487047
320.000000000,9.641814145,-11.490666647
320.250000000,9.591585030,-11.532627481
320.500000000,9.541173304,-11.574368751
320.750000000,9.490579928,-11.615889661
321.000000000,9.439805866,-11.657189422
321.250000000,9.388852083,-11.698267246
321.500000000,9.337719550,-11.739122353
321.750000000,9.286409240,-11.779753963
322.000000000,9.234922130,-11.820161304
322.250000000,9.183259201,-11.860343606
322.500000000,9.131421435,-11.900300104
322.750000000,9.079409821,-11.940030038
323.000000000,9.027225347,-11.979532651
323.250000000,8.974869009,-12.018807190
323.500000000,8.922341801,-12.057852909
323.750000000,8.869644725,-12.096669064
324.000000000,8.816778784,-12.135254916
324.250000000,8.763744985,-12.173609729
324.500000000,8.710544336,-12.211732775
324.750000000,8.657177851,-12.249623327
325.000000000,8.603646545,-12.287280664
325.250000000,8.549951439,-12.324704069
325.500000000,8.496093554,-12.361892829
325.750000000,8.442073915,-12.398846237
326.000000000,8.387893552,-12.435563588
326.250000000,8.333553495,-12.472044185
326.500000000,8.279054780,-12.508287331
326.750000000,8.224398443,-12.544292338
327.000000000,8.169585525,-12.580058519
327.250000000,8.114617071,-12.615585194
327.500000000,8.059494125,-12.650871687
327.750000000,8.004217739,-12.685917326
328.000000000,7.948788963,-12.720721442
328.250000000,7.893208855,-12.755283375
328.500000000,7.837478471,-12.789602465
328.750000000,7.781598872,-12.823678060
329.000000000,7.725571124,-12.857509511
329.250000000,7.669396291,-12.891096173
329.500000000,7.613075444,-12.924437407
329.750000000,7.556609656,-12.957532578
330.000000000,7.500000000,-12.990381057
330.250000000,7.443247555,-13.022982217
330.500000000,7.386353402,-13.055335439
330.750000000,7.329318622,-13.087440106
331.000000000,7.272144304,-13.119295607
331.250000000,7.214831534,-13.150901336
331.500000000,7.157381404,-13.182256690
331.750000000,7.099795008,-13.213361073
332.000000000,7.042073442,-13.244213893
332.250000000,6.984217805,-13.274814562
332.500000000,6.926229199,-13.305162498
332.750000000,6.868108727,-13.335257122
333.000000000,6.809857496,-13.365097863
333.250000000,6.751476616,-13.394684151
333.500000000,6.692967197,-13.424015424
333.750000000,6.634330353,-13.453091123
334.000000000,6.575567202,-13.481910694
334.250000000,6.516678861,-13.510473590
334.500000000,6.457666452,-13.538779265
334.750000000,6.398531099,-13.566827182
335.000000000,6.339273926,-13.594616806
335.250000000,6.279896063,-13.622147607
335.500000000,6.220398640,-13.649419063
335.750000000,6.160782789,-13.676430654
336.000000000,6.101049646,-13.703181865
336.250000000,6.041200348,-13.729672187
336.500000000,5.981236034,-13.755901116
336.750000000,5.921157846,-13.781868152
337.000000000,5.860966927,-13.807572802
337.250000000,5.800664425,-13.833014575
337.500000000,5.740251485,-13.858192988
337.750000000,5.679245631,-13.883308761
338.000000000,5.617214300,-13.908545659
338.250000000,5.554232133,-13.933878737
338.500000000,5.490371888,-13.959284230
338.750000000,5.425704398,-13.984739421
339.000000000,5.360298545,-14.010222520
339.250000000,5.294221228,-14.035712558
339.500000000,5.227537346,-14.061189296
339.750000000,5.160309782,-14.086633149
340.000000000,5.092599390,-14.112025113
340.250000000,5.024464986,-14.137346714
340.500000000,4.955963342,-14.162579959
340.750000000,4.887149185,-14.187707299
341.000000000,4.818075195,-14.212711604
341.250000000,4.748792008,-14.237576138
341.500000000,4.679348219,-14.262284551
341.750000000,4.609790388,-14.286820866
342.000000000,4.540163049,-14.311169480
342.250000000,4.470508718,-14.335315168
342.500000000,4.400867904,-14.359243089
342.750000000,4.331279120,-14.382938798
343.000000000,4.261778899,-14.406388256
343.250000000,4.192401805,-14.429577851
343.500000000,4.123180446,-14.452494414
343.750000000,4.054145494,-14.475125237
344.000000000,3.985325699,-14.497458095
344.250000000,3.916747901,-14.519481264
344.500000000,3.848437051,-14.541183543
344.750000000,3.780416222,-14.562554277
345.000000000,3.712706629,-14.583583370
345.250000000,3.645327639,-14.604261308
345.500000000,3.578296785,-14.624579177
345.750000000,3.511629783,-14.644528674
346.000000000,3.445340538,-14.664102125
346.250000000,3.379441160,-14.683292495
346.500000000,3.313941967,-14.702093398
346.750000000,3.248851498,-14.720499104
347.000000000,3.184176517,-14.738504544
347.250000000,3.119922013,-14.756105315
347.500000000,3.056091211,-14.773297674
347.750000000,2.992685563,-14.790078542
348.000000000,2.929704754,-14.806445493
348.250000000,2.867146699,-14.822396748
348.500000000,2.805007532,-14.837931164
348.750000000,2.743281606,-14.853048217
349.000000000,2.681961485,-14.867747991
349.250000000,2.621037929,-14.882031152
349.500000000,2.560499892,-14.895898931
349.750000000,2.500334503,-14.909353099
350.000000000,2.440527056,-14.922395935
350.250000000,2.381060997,-14.935030205
350.500000000,2.321917908,-14.947259123
350.750000000,2.263077495,-14.959086325
351.000000000,2.204517568,-14.970515830
351.250000000,2.146214032,-14.981552006
351.500000000,2.088140865,-14.992199531
351.750000000,2.030270109,-15.002463359
352.000000000,1.972571853,-15.012348681
352.250000000,1.915014217,-15.021860886
352.500000000,1.857563343,-15.031005526
352.750000000,1.800183379,-15.039788279
353.000000000,1.742836470,-15.048214912
353.250000000,1.685482744,-15.056291256
353.500000000,1.628080306,-15.064023169
353.750000000,1.570585227,-15.071416511
354.000000000,1.512951537,-15.078477127
354.250000000,1.455131217,-15.085210823
354.500000000,1.397074192,-15.091623356
354.750000000,1.338728327,-15.097720429
355.000000000,1.280039422,-15.103507689
355.250000000,1.220951201,-15.108990738
355.500000000,1.161405315,-15.114175146
355.750000000,1.101341327,-15.119066481
356.000000000,1.040696714,-15.123670341
356.250000000,0.979406854,-15.127992404
356.500000000,0.917405020,-15.132038485
356.750000000,0.854622373,-15.135814610
357.000000000,0.790987948,-15.139327098
357.250000000,0.726428649,-15.142582664
357.500000000,0.660869232,-15.145588535
357.750000000,0.593489641,-15.148386287
358.000000000,0.523595892,-15.151018881
358.250000000,0.451298058,-15.153498727
358.500000000,0.376703353,-15.155841343
358.750000000,0.299916205,-15.158064844
359.000000000,0.221038338,-15.160189485
359.250000000,0.140168867,-15.162237231
359.500000000,0.057404395,-15.164231365
359.750000000,-0.027160878,-15.166196130
