id,application,component,parameter,value,unit,evidence_status,source_ids,locator,caveat,training_eligibility,research_fact_id
MEZGER-A001,993 Carrera M64/05 and M64/06,main_crankcase,Material family and predecessor continuity,Aluminium-silicon alloy; split crankcase and fasteners adopted unchanged from the 964 Carrera 2/4,,factory_document_verified,"[""SRC-PORSCHE-AIR-COOLED-ENGINE-REPAIR-PUBSTACK""]","Printed p.53 / PDF p.57, Crankcase","No specific alloy grade, heat treatment, casting process or wall thickness is given. This statement directly covers Carrera, not the Turbo material grade.",eligible,
MEZGER-A002,993 Turbo M64/60 and Carrera; replacement catalogue dated 2017,main_crankcase,Catalogue relationship to the Carrera crankcase,"[""96410190510"", ""96410190511""]",Porsche part number,factory_parts_catalogue_verified,"[""SRC-PORSCHE-PET-993"", ""SRC-PORSCHE-AIR-COOLED-ENGINE-REPAIR-PUBSTACK""]",PET illustration 101-05 PDF p.35 and 101-10 PDF p.39; training printed p.53 / PDF p.57,"The PET provides no separate M64/60 main-case line and identifies M64/20 separately. Combined with the Carrera Al-Si statement, this supports a qualified material-family relationship, not a chemical grade or proof for every casting revision.",qualified_only,
MEZGER-A003,993 Carrera M64/05 and M64/06,rocker_arms,Published casting grade,GGG70,legacy material designation,factory_document_verified,"[""SRC-PORSCHE-AIR-COOLED-ENGINE-REPAIR-PUBSTACK""]","Printed p.58 / PDF p.62, Rocker Arm; page image checked","Direct Carrera statement. The source does not establish the alloy or heat treatment of the rocker shafts, nor a certified grade for Turbo replacement revisions.",eligible,
MEZGER-A004,993 Turbo M64/60 and Carrera; replacement catalogue dated 2017,rocker_arms,Shared catalogue lines,"[""99310508126"", ""99310508500"", ""99310508201"", ""99310508600""]",Porsche part number,factory_parts_catalogue_verified,"[""SRC-PORSCHE-PET-993""]","Illustration 103-10, PDF p.61",The rocker lines carry no engine-code restriction; hydraulic tappets on the same page do distinguish M64/60. This does not independently prove GGG70 for every Turbo rocker revision.,qualified_only,
MEZGER-A005,993 Carrera M64/05 and M64/06,camshaft_housing_covers,Published material family,Glass-fibre-reinforced polyamide with inserted bushes,,factory_document_verified,"[""SRC-PORSCHE-AIR-COOLED-ENGINE-REPAIR-PUBSTACK""]","Printed p.59 / PDF p.63, Camshaft Housing Covers","This differs from the magnesium covers described in the 964 chapter. Polyamide type, fibre content and thickness are not specified.",eligible,
MEZGER-A006,993 Turbo M64/60 and Carrera; replacement catalogue dated 2017,camshaft_housing_covers,Cover and housing applicability boundary,"{""Turbo_housings"": [""99310501150"", ""99310501250""], ""Turbo_lower_covers"": [""99310511654"", ""99310511750""], ""shared_upper_cover"": ""99310511505""}",Porsche part number,factory_parts_catalogue_verified,"[""SRC-PORSCHE-PET-993"", ""SRC-PORSCHE-AIR-COOLED-ENGINE-REPAIR-PUBSTACK""]","PET illustration 103-07, PDF p.59; training printed p.59 / PDF p.63",The shared upper-cover number supports comparison with the Carrera description. The Turbo lower covers and camshaft housings have separate numbers; their materials must not be assigned from the Carrera text.,qualified_only,
MEZGER-A007,993 Carrera M64/05 and M64/06,main_oil_pump_housing,Material family and manufacturing process,Die-cast magnesium; shared housing of pressure and scavenge gear pumps,,factory_document_verified,"[""SRC-PORSCHE-AIR-COOLED-ENGINE-REPAIR-PUBSTACK""]","Printed p.61 / PDF p.65, Engine Lubrication","The source describes the oil-pump housing, not the main engine crankcase. No magnesium grade or wall thickness is published.",eligible,
MEZGER-A008,993 Turbo M64/60 and Carrera; replacement catalogue dated 2017,main_oil_pump_housing,Shared pump catalogue line,"[""96410701111"", ""96410701114""]",Porsche part number,factory_parts_catalogue_verified,"[""SRC-PORSCHE-PET-993"", ""SRC-PORSCHE-AIR-COOLED-ENGINE-REPAIR-PUBSTACK""]","PET illustration 104-00, PDF p.67; training printed p.61 / PDF p.65",The PET does not distinguish an M64/60 pump line. This supports a qualified relationship with the Carrera magnesium-housing description; it does not certify the material of every superseding revision or modified engine pump.,qualified_only,
MEZGER-A009,964 Carrera; predecessor context only,chain_housings,Published material family,Magnesium alloy,,factory_document_verified,"[""SRC-PORSCHE-AIR-COOLED-ENGINE-REPAIR-PUBSTACK""]","Printed p.18 / PDF p.22, Chain Housings","This page belongs to the 964 chapter. It is not direct proof of the 993 Turbo chain-housing material. The adjacent 1 mm aluminium dimension concerns a gasket, not a housing wall.",eligible,
MEZGER-A010,964 Carrera; predecessor context only,camshaft_housing_covers,Published material family,Magnesium,,factory_document_verified,"[""SRC-PORSCHE-AIR-COOLED-ENGINE-REPAIR-PUBSTACK""]","Printed p.16 / PDF p.20, Covers for Camshaft Housings","Do not transfer this material to 993 Carrera covers, which the 993 chapter identifies as reinforced polyamide.",eligible,
MEZGER-A011,964 Carrera; predecessor context only,engine_cooling_fan_housing,Published housing material,Magnesium,,factory_document_verified,"[""SRC-PORSCHE-AIR-COOLED-ENGINE-REPAIR-PUBSTACK""]","Printed p.22 / PDF p.26, Cooling Fan Drive",The statement concerns the stationary housing. It does not identify the fan-wheel material and does not establish the 993 Turbo housing or wheel material.,eligible,
MEZGER-A012,993 Turbo M64/60 and Carrera; replacement catalogue dated 2017,engine_cooling_fan,Variant-specific housing and wheel references,"{""Carrera_housing"": ""99310666703"", ""Carrera_wheel"": ""96410601531"", ""Turbo_housing"": ""99310666750"", ""Turbo_wheels"": [""96410601521"", ""96410601522""]}",Porsche part number,factory_parts_catalogue_verified,"[""SRC-PORSCHE-PET-993""]","Illustration 105-00, PDF p.78",Different references prevent automatic transfer of Carrera or 964 fan-material claims to the Turbo. The PET does not specify the materials or grades of these Turbo components.,eligible,
MEZGER-A013,"993 Turbo, 1995 factory brochure",engine_cooling_system,Broad material allocation,Aluminium for highly stressed casing elements; synthetic compounds or magnesium for less stressed components,,factory_document_verified,"[""SRC-PORSCHE-UK-993-TURBO-BROCHURE-1995""]","PDF p.7, engine and cooling-system spread; page image checked","The brochure does not map these material families to individual part numbers. It cannot identify the material of the main case, fan wheel, chain housing or a specific cover.",eligible,
MEZGER-A014,993 Carrera M64/05 and M64/06,cylinders,Substrate family and bore coating,High-temperature-resistant light alloy with galvanically applied Nikasil,,factory_document_verified,"[""SRC-PORSCHE-AIR-COOLED-ENGINE-REPAIR-PUBSTACK""]","Printed p.55 / PDF p.59, Cylinders","No substrate grade or coating thickness is given. Turbo cylinder-piston assemblies have different PET references, so this page is not direct M64/60 material evidence.",eligible,
MEZGER-A015,993 Carrera M64/05 and M64/06,pistons,Wall-thickness documentation scope,The source attributes piston-weight reduction partly to thinner skirt walls without giving an absolute wall thickness,,factory_document_verified,"[""SRC-PORSCHE-AIR-COOLED-ENGINE-REPAIR-PUBSTACK""]","Printed p.55 / PDF p.59, Pistons","Carrera context only. Do not use the reduction as a Turbo thickness, a piston drawing or a manufacturing definition.",eligible,
MEZGER-A016,993 Carrera and Carrera RS; Turbo intake-valve relationship only,valves,Sodium-filled valve applicability,"{""Carrera_RS_exhaust"": ""sodium-filled"", ""Carrera_RS_intake"": ""sodium-filled"", ""Carrera_intake"": ""sodium-filled"", ""Turbo_exhaust_reference"": ""99310541952, distinct"", ""Turbo_intake_catalogue_relationship"": ""99310540902 shared with M64/05/06/07/08""}",,factory_document_and_parts_catalogue_verified,"[""SRC-PORSCHE-WORKSHOP-MANUAL-993"", ""SRC-PORSCHE-PET-993"", ""SRC-PORSCHE-AIR-COOLED-ENGINE-REPAIR-PUBSTACK""]",Workshop 15-8d / Volume I PDF p.155; PET illustration 103-00 PDF pp.54–55; training printed p.58 / PDF p.62,The workshop page does not cover M64/60. The shared intake-valve number supports qualified comparison; the Turbo exhaust filling and metallic grade remain unverified. None of these sources establishes titanium valves.,qualified_only,
MEZGER-A017,"993 Carrera, Carrera 4, Carrera RS and Varioram; no detailed M64/60 coverage",workshop_literature,Scope of the inspected Volume I,"351-page Volume I with Carrera/Carrera 4 coverage, Carrera RS and Varioram sections; no Turbo supplement in the inspected contents",,factory_document_verified,"[""SRC-PORSCHE-WORKSHOP-MANUAL-993""]","Public Volume I PDF pp.8–13, table of contents; PDF p.180 begins Carrera 4",The workshop volume separates design descriptions into Service Information Technik references. Carrera dimensions are not automatically Turbo dimensions.,eligible,
MEZGER-A018,993 GT2 road car; manufacturer technical table published 2024,engine,Factory road-GT2 specification,"{""architecture"": ""air-cooled OHC flat-six with two turbochargers"", ""bore_mm"": 100, ""compression_ratio"": ""8.0:1"", ""displacement_cm3"": 3600, ""engine_code"": ""M64/60 R"", ""engine_management"": ""Bosch Motronic M 5.2"", ""power_PS"": 430, ""power_kW"": 316, ""power_rpm"": 5750, ""stroke_mm"": 76.4, ""torque_Nm"": 540, ""torque_rpm"": 4500}",Units are named in the individual fields,manufacturer_retrospective_verified,"[""SRC-MEZGER-AIRCOOLED-GT2-ROAD-COPPA-FLORIO-2024""]","Technical data table, 911 GT2 Type 993","This identifies the road-car M64/60 R. It is not a racing GT2 or GT2 Evolution specification and does not establish internal materials, titanium rods or valves, or stock Turbo parts equivalence.",eligible,
MEZGER-A019,"993 GT2 road car, model years 1996–1998",engine,Published model-year power distinction,"{""MY1996_1997"": ""430 hp"", ""MY1998"": ""450 hp""}",hp as published,manufacturer_retrospective_verified,"[""SRC-MEZGER-AIRCOOLED-GT2-ROAD-JAN-2019""]",Power discussion after the lightweight-car description and the model-year 1998 update paragraph,The article uses hp wording. Preserve the label; this record does not convert it silently to SAE mechanical horsepower or extend the figures to race GT2/Evolution.,eligible,
MEZGER-A020,993 Turbo M64/60 and 993 GT2/GT2 Evolution racing variants,engine_internal_materials,Unresolved OEM grade and titanium evidence,"No primary grade evidence acquired for Turbo head RR350, Turbo/Evolution titanium rods or titanium valves; no component wall-thickness definition acquired",,unresolved_documentary_gap,"[""SRC-PORSCHE-AIR-COOLED-ENGINE-REPAIR-PUBSTACK"", ""SRC-PORSCHE-PET-993"", ""SRC-MEZGER-AIRCOOLED-GT2-ROAD-COPPA-FLORIO-2024"", ""SRC-MEZGER-AIRCOOLED-GT2-ROAD-JAN-2019""]",Finite review of the sources cited in this dataset,"This is a limit of the inspected corpus, not proof that such documents or components do not exist. Resolve with model-specific factory material specifications, Motorsport literature or identified homologation extensions.",teach_uncertainty_only,
MEZGER-R001,"934 Group 4, 1976",engine,historical_displacement_and_power,"{""displacement_L"": 3.0, ""power_kW_approx"": 357}",,factory_retrospective_verified,"[""SRC-PORSCHE-MEZGER-RACING-TURBO-MOTORSPORT-HISTORY""]","Section Record-breaking world champion: Porsche 935, first paragraph","Rounded displacement and approximate power; related to the road 911 Turbo engine, not proof of identical parts. No full engine-code suffix.",qualified_only,
MEZGER-R002,"935 initial version, 1976",engine,historical_displacement_and_power,"{""displacement_L"": 2.85, ""power_kW"": 434}",,factory_retrospective_verified,"[""SRC-PORSCHE-MEZGER-RACING-TURBO-MOTORSPORT-HISTORY""]","Section Record-breaking world champion: Porsche 935, second paragraph",Published historical version; displacement rounded. Do not transfer to later 935 variants.,qualified_only,
MEZGER-R003,"935 initial version, 1976",turbocharger_system,turbocharger_count,1,count,factory_retrospective_verified,"[""SRC-PORSCHE-MEZGER-RACING-TURBO-MOTORSPORT-HISTORY""]","Section Record-breaking world champion: Porsche 935, second paragraph",,eligible,
MEZGER-R004,"935 evolution, 1977",engine,power,463,kW,factory_retrospective_verified,"[""SRC-PORSCHE-MEZGER-RACING-TURBO-MOTORSPORT-HISTORY""]","Section Record-breaking world champion: Porsche 935, second paragraph",Exact displacement and crankshaft speed are not provided for this statement.,eligible,
MEZGER-R005,"935 evolution, 1977",turbocharger_system,turbocharger_count,2,count,factory_retrospective_verified,"[""SRC-PORSCHE-MEZGER-RACING-TURBO-MOTORSPORT-HISTORY""]","Section Record-breaking world champion: Porsche 935, second paragraph",,eligible,
MEZGER-R006,"935 Baby, 1977",engine,historical_displacement_and_power,"{""displacement_L"": 1.4, ""power_kW"": 279}",,factory_retrospective_verified,"[""SRC-PORSCHE-MEZGER-RACING-TURBO-MOTORSPORT-HISTORY""]","Section Record-breaking world champion: Porsche 935, second paragraph",Rounded displacement; distinct small-displacement variant.,qualified_only,
MEZGER-R007,"935/78 Moby Dick, 1978",cylinder_heads,cooling_and_valve_architecture,"{""cooling"": ""water"", ""valve_architecture"": ""multi-valve""}",,factory_retrospective_verified,"[""SRC-PORSCHE-MEZGER-RACING-TURBO-MOTORSPORT-HISTORY""]","Section Record-breaking world champion: Porsche 935, second paragraph","This passage establishes head cooling, not a fully water-cooled complete engine. It does not state a valve count.",eligible,
MEZGER-R008,"935/78 Moby Dick, 1978 museum specification",engine,displacement,3211,cm3,factory_retrospective_verified,"[""SRC-PORSCHE-MEZGER-RACING-MUSEUM-93578""]",Specifications table: Model Year / Engine / Displacement / Power Output,Museum version-specific specification; no bore/stroke or manufacturing dimensions.,qualified_only,
MEZGER-R009,"935/78 Moby Dick, 1978 museum specification",engine,power,621,kW,factory_retrospective_verified,"[""SRC-PORSCHE-MEZGER-RACING-MUSEUM-93578""]",Specifications table: Model Year / Engine / Displacement / Power Output,Use kW; the English museum HP label may represent a translation of PS. Maximum stated power does not establish a continuous mechanical rating.,qualified_only,
MEZGER-R010,"936/76, 1976",engine,cooling_medium,air,,factory_retrospective_verified,"[""SRC-PORSCHE-MEZGER-RACING-TURBO-MOTORSPORT-HISTORY""]","Section Turbo start in a racing car: the Porsche 936 Spyder, first paragraph",,eligible,
MEZGER-R011,"936/76, 1976",turbocharger_system,turbocharger_count_and_intercooling,"{""charge_air_cooling"": true, ""turbocharger_count"": 1}",,factory_retrospective_verified,"[""SRC-PORSCHE-MEZGER-RACING-TURBO-MOTORSPORT-HISTORY""]","Section Turbo start in a racing car: the Porsche 936 Spyder, first paragraph",,eligible,
MEZGER-R012,"936/76, 1976",engine,historical_displacement_and_power,"{""displacement_L"": 2.1, ""power_kW"": 382}",,factory_retrospective_verified,"[""SRC-PORSCHE-MEZGER-RACING-TURBO-MOTORSPORT-HISTORY""]","Section Turbo start in a racing car: the Porsche 936 Spyder, first paragraph",Displacement is rounded.,qualified_only,
MEZGER-R013,"936, 1977 evolution",turbocharger_system,turbocharger_count,2,count,factory_retrospective_verified,"[""SRC-PORSCHE-MEZGER-RACING-TURBO-MOTORSPORT-HISTORY""]","Section Turbo start in a racing car: the Porsche 936 Spyder, first paragraph",,eligible,
MEZGER-R014,"936, 1977 evolution",engine,power,397,kW,factory_retrospective_verified,"[""SRC-PORSCHE-MEZGER-RACING-TURBO-MOTORSPORT-HISTORY""]","Section Turbo start in a racing car: the Porsche 936 Spyder, first paragraph",,eligible,
MEZGER-R015,"936, 1978 four-valve version",cylinder_heads,cooling_and_valve_architecture,"{""cooling"": ""water"", ""valves_per_cylinder"": 4}",,factory_retrospective_verified,"[""SRC-PORSCHE-MEZGER-RACING-TURBO-MOTORSPORT-HISTORY""]","Section Turbo start in a racing car: the Porsche 936 Spyder, first paragraph",Head cooling does not mean complete-engine water cooling.,eligible,
MEZGER-R016,"936, 1978 four-valve version",engine,historical_displacement_and_power,"{""displacement_L"": 2.1, ""power_kW"": 426}",,factory_retrospective_verified,"[""SRC-PORSCHE-MEZGER-RACING-TURBO-MOTORSPORT-HISTORY""]","Section Turbo start in a racing car: the Porsche 936 Spyder, first paragraph",Displacement is rounded.,qualified_only,
MEZGER-R017,"936, 1981 Le Mans version",engine,configuration_and_origin,"{""displacement_L"": 2.65, ""origin"": ""Porsche IndyCar programme"", ""position"": ""ahead of rear axle"", ""power_kW"": 456, ""turbocharger_count"": 2}",,factory_retrospective_verified,"[""SRC-PORSCHE-MEZGER-RACING-TURBO-MOTORSPORT-HISTORY""]","Section Turbo start in a racing car: the Porsche 936 Spyder, first paragraph",Rounded displacement. Indy methanol and later petrol engine calibrations must not be treated as identical.,qualified_only,
MEZGER-R018,"956, 1982 museum specification",engine,displacement,2649,cm3,factory_retrospective_verified,"[""SRC-PORSCHE-MEZGER-RACING-MUSEUM-956""]",Specifications table: Model Year / Engine / Displacement / Power Output,Version-specific museum specification; do not generalize to later Group C variants.,qualified_only,
MEZGER-R019,"956, 1982 museum specification",engine,power,456,kW,factory_retrospective_verified,"[""SRC-PORSCHE-MEZGER-RACING-MUSEUM-956""]",Specifications table: Model Year / Engine / Displacement / Power Output,Use kW; English museum HP label may translate PS.,qualified_only,
MEZGER-R020,956 initial Group C version,turbocharger_system,count_and_layout,"{""location"": ""close to cylinder banks"", ""purpose"": ""shorter charge-air paths"", ""turbocharger_count"": 2}",,factory_retrospective_verified,"[""SRC-PORSCHE-MEZGER-RACING-TURBO-MOTORSPORT-HISTORY""]","Section Record winners: the 956, 962 IMSA and 962 C prototypes; paragraph starting The specially shaped underbody",Qualitative layout description; no conduit dimensions or response-time measurement.,qualified_only,
MEZGER-R021,956 initial Group C version,engine_control,control_system_and_recorded_channels,"{""engine_management"": ""Bosch Motronic"", ""recorded_channels"": [""engine speed"", ""boost pressure"", ""accelerator pedal position""], ""use"": ""adjust injection and ignition maps""}",,factory_retrospective_verified,"[""SRC-PORSCHE-MEZGER-RACING-TURBO-MOTORSPORT-HISTORY""]","Section Record winners: the 956, 962 IMSA and 962 C prototypes; paragraph starting The specially shaped underbody","Historical system description, not a published ECU table.",qualified_only,
MEZGER-R022,"962 IMSA, 1984 and subsequent Andial evolution",engine,cooling_and_turbo_architecture,"{""cooling"": ""air"", ""turbocharger_count"": 1}",,factory_retrospective_verified,"[""SRC-PORSCHE-MEZGER-RACING-TURBO-MOTORSPORT-HISTORY""]","Section Record winners: the 956, 962 IMSA and 962 C prototypes; paragraph starting In a racing programme",Do not transfer this configuration to 962 C variants.,eligible,
MEZGER-R023,962 IMSA Andial evolution,engine,displacement_evolution_and_power,"{""displacement_evolution_L"": [2.8, 3.2], ""power_kW_later_evolution"": 500}",,factory_retrospective_verified,"[""SRC-PORSCHE-MEZGER-RACING-TURBO-MOTORSPORT-HISTORY""]","Section Record winners: the 956, 962 IMSA and 962 C prototypes; paragraph starting In a racing programme","Rounded capacities. The power applies to the described later evolution, not automatically the initial 2.8 L engine.",qualified_only,
MEZGER-R024,962 C later 3.0 L version,engine,cooling_and_turbo_architecture,"{""cooling"": ""fully water"", ""turbocharger_count"": 2}",,factory_retrospective_verified,"[""SRC-PORSCHE-MEZGER-RACING-TURBO-MOTORSPORT-HISTORY""]","Section Record winners: the 956, 962 IMSA and 962 C prototypes; paragraph starting For the sports car World Championship",The factory source explicitly describes coexistence with earlier 2.65 L engines; no claim for all 962 C chassis.,eligible,
MEZGER-R025,962 C later 3.0 L version,engine,historical_displacement_and_power,"{""displacement_L"": 3.0, ""power_kW"": 515}",,factory_retrospective_verified,"[""SRC-PORSCHE-MEZGER-RACING-TURBO-MOTORSPORT-HISTORY""]","Section Record winners: the 956, 962 IMSA and 962 C prototypes; paragraph starting For the sports car World Championship",Rounded displacement and version-specific historical output.,qualified_only,
MEZGER-R026,"959 Paris-Dakar, 1986",engine,historical_displacement_and_power,"{""displacement_L"": 2.85, ""power_kW"": 294}",,factory_retrospective_verified,"[""SRC-PORSCHE-MEZGER-RACING-TURBO-MOTORSPORT-HISTORY""]",Paragraph starting Even before the Porsche 959,"Rally-specific output, not the road 959 rating. Displacement is rounded.",qualified_only,
MEZGER-R027,"959 Paris-Dakar, 1986",cylinder_heads,cooling_medium,water,,factory_retrospective_verified,"[""SRC-PORSCHE-MEZGER-RACING-TURBO-MOTORSPORT-HISTORY""]",Paragraph starting Even before the Porsche 959,,eligible,
MEZGER-R028,"959 Paris-Dakar, 1986",turbocharger_system,staging_strategy,"{""higher_speed"": ""second turbocharger engaged"", ""low_speed"": ""all exhaust flow directed to one turbocharger"", ""strategy"": ""sequential""}",,factory_retrospective_verified,"[""SRC-PORSCHE-MEZGER-RACING-TURBO-MOTORSPORT-HISTORY""]",Paragraph starting Even before the Porsche 959,No exact switching rpm or wheel sizes are published.,qualified_only,
MEZGER-R029,"Porsche 2.65 L Indy project, 1978-1980",engine,configuration_and_fuel,"{""displacement_L"": 2.65, ""fuel"": ""methanol"", ""turbocharger_count"": 1}",,factory_retrospective_verified,"[""SRC-PORSCHE-MEZGER-RACING-TURBO-MOTORSPORT-HISTORY""]",Section 911-based engine: almost a contender for the Indy 500,Rounded capacity; an unraced Indy project with a different fuel/calibration from road petrol engines.,qualified_only,
MEZGER-R030,"Porsche 2.65 L Indy project, 1978-1980",engine,dyno_power_and_regulatory_boost,"{""dyno_power_kW"": 665, ""power_kW_at_regulatory_boost"": 463, ""pressure_reference"": ""not stated"", ""regulatory_boost_bar"": 1.8}",,factory_retrospective_verified,"[""SRC-PORSCHE-MEZGER-RACING-TURBO-MOTORSPORT-HISTORY""]",Section 911-based engine: almost a contender for the Indy 500,The source does not identify absolute versus gauge pressure. Do not silently use 1.8 bar as either in calculations.,qualified_only,
MEZGER-R031,"959 road Coupe, 1987 museum specification",engine,historical_displacement_and_power,"{""displacement_cm3"": 2849, ""power_kW"": 331}",,factory_retrospective_verified,"[""SRC-PORSCHE-MEZGER-RACING-MUSEUM-959""]",Introductory paragraph (engine relationship) and Specifications table (Model Year / Engine / Displacement / Power Output),Use kW; English museum HP labels can translate PS. The described relationship to 956 does not establish identical components.,qualified_only,
MEZGER-R032,959 road engine,engine_block,material_family,aluminium alloy,,factory_retrospective_verified,"[""SRC-PORSCHE-MEZGER-RACING-959-ALLOY-COOLING""]",Paragraph starting The six-cylinder biturbo flat engine block,"Only a material family is verified. Exact alloy grade, temper, casting process and heat treatment are not stated.",eligible,
MEZGER-R033,959 road engine,cylinders_and_heads,cooling_architecture,"{""cylinder_heads"": ""water"", ""cylinders"": ""air""}",,factory_retrospective_verified,"[""SRC-PORSCHE-MEZGER-RACING-959-ALLOY-COOLING""]",Paragraph starting The six-cylinder biturbo flat engine block,"Do not generalize to 930, 935, 956, 962 C or M64/60.",eligible,
MEZGER-R034,959 road engine,turbocharger_system,staging_strategy,sequential,,factory_retrospective_verified,"[""SRC-PORSCHE-MEZGER-RACING-959-ALLOY-COOLING""]",Paragraph starting The six-cylinder biturbo flat engine block,No exact turbo identification or switching rpm is stated.,eligible,
MEZGER-R035,959 S road version,engine_and_turbochargers,relative_hardware_and_power,"{""base_power_PS"": 450, ""boost"": ""higher than base version"", ""power_PS"": 515, ""turbochargers"": ""larger than base version""}",,factory_retrospective_verified,"[""SRC-PORSCHE-MEZGER-RACING-959-S-TURBOS""]",Paragraph starting The Sport version is even rarer,"PS is retained as published. No wheel dimensions, pressure value, turbo part number or map is provided.",qualified_only,
MEZGER-R036,original 901/911 design lineage,engine,designer_and_architecture,"{""architecture"": ""air-cooled flat-six"", ""designer"": ""Hans Mezger""}",,factory_retrospective_verified,"[""SRC-PORSCHE-MEZGER-RACING-MEZGER-ORIGINAL-LINEAGE""]",Section Design of the 911 engine and head of Race car design,Historical attribution does not define an interchangeable single engine family.,qualified_only,
MEZGER-R037,930 original 3.0 L road version,engine,historical_displacement_and_power,"{""displacement_L"": 3.0, ""power_kW"": 191}",,factory_retrospective_verified,"[""SRC-PORSCHE-MEZGER-RACING-930-ROAD-HISTORY""]",First generation paragraph,Rounded capacity and original road specification; no complete engine-code suffix.,qualified_only,
MEZGER-R038,"930 3.3 road version, MY1978",engine,historical_displacement_power_and_torque,"{""displacement_L"": 3.3, ""maximum_torque_Nm"": 412, ""power_kW"": 221, ""power_rpm"": 5500}",,factory_retrospective_verified,"[""SRC-PORSCHE-MEZGER-RACING-930-ROAD-HISTORY""]",Second generation paragraph starting For the second Turbo version,Rounded capacity. Market/model-year differences require separate verification.,qualified_only,
MEZGER-R039,"930 3.3 road version, MY1978",charge_air_cooler,location,below rear spoiler,,factory_retrospective_verified,"[""SRC-PORSCHE-MEZGER-RACING-930-ROAD-HISTORY""]",Second generation paragraph starting For the second Turbo version,,eligible,
MEZGER-R040,Porsche turbocharging engineering history through 1978,documentary_reference,primary_paper_lead,"{""author"": ""Hans Mezger"", ""doi"": ""10.4271/780718"", ""paper"": ""SAE 780718"", ""title"": ""Turbocharging Engines for Racing and Passenger Cars"", ""year"": 1978}",,documentary_lead_abstract_verified,"[""SRC-PORSCHE-MEZGER-RACING-SAE780718-ABSTRACT-LEAD""]",Authors / Abstract Content / Details,Publisher abstract/citation read only. Full text not acquired; no technical facts or map content inferred.,exclude,
MEZGER-R041,historical air-cooled 911 material context only,unassigned_911_component,documentary_material_lead,"{""alloy_as_mentioned"": ""390"", ""component_assignment"": ""unverified"", ""paper"": ""SAE 830004""}",,documentary_lead_abstract_verified,"[""SRC-PORSCHE-MEZGER-RACING-SAE830004-ALLOY390-LEAD""]","Abstract, paragraph beginning 10 years experience","Publisher-deposited abstract references historical 911 use, but the relevant 911 component is unassigned. This is not an OEM block/head alloy fact for any targeted engine.",exclude,
MEZGER-W001,997.1 911 Turbo 3.6 L; introductory Porsche brochure edition 12/2005,piston,material/manufacture,forged aluminium,,factory_document_verified,"[""SRC-PORSCHE-MEZGER-997-TURBO-BROCHURE-2006""]",section: Lightweight design; printed 30–31; pdf page: 12,"Exact material grade, chemistry, treatment and manufacturing dimensions are not established by this generic material or process description.",qualified_only,
MEZGER-W002,997.1 911 Turbo 3.6 L; introductory Porsche brochure edition 12/2005,cylinder liner substrate,material/manufacture,aluminium,,factory_document_verified,"[""SRC-PORSCHE-MEZGER-997-TURBO-BROCHURE-2006""]",section: Lightweight design; printed 30–31; pdf page: 12,"Exact material grade, chemistry, treatment and manufacturing dimensions are not established by this generic material or process description.",qualified_only,
MEZGER-W003,997.1 911 Turbo 3.6 L; introductory Porsche brochure edition 12/2005,cylinder bore coating,material/manufacture,Nikasil,,factory_document_verified,"[""SRC-PORSCHE-MEZGER-997-TURBO-BROCHURE-2006""]",section: Lightweight design; printed 30–31; pdf page: 12,"Exact material grade, chemistry, treatment and manufacturing dimensions are not established by this generic material or process description. Nikasil presence does not establish coating thickness, nickel/silicon-carbide fraction or substrate alloy grade.",qualified_only,
MEZGER-W004,997.1 911 Turbo 3.6 L; introductory Porsche brochure edition 12/2005,cylinder head,material/manufacture,heat-resistant lightweight alloy; no alloy grade given,,factory_document_verified,"[""SRC-PORSCHE-MEZGER-997-TURBO-BROCHURE-2006""]",section: Lightweight design; printed 30–31; pdf page: 12,"Exact material grade, chemistry, treatment and manufacturing dimensions are not established by this generic material or process description.",qualified_only,
MEZGER-W005,997.1 911 Turbo 3.6 L; introductory Porsche brochure edition 12/2005,crankcase,material/manufacture,lightweight alloy; two main sections; no alloy grade given,,factory_document_verified,"[""SRC-PORSCHE-MEZGER-997-TURBO-BROCHURE-2006""]",section: Lightweight design; printed 30–31; pdf page: 12,"Exact material grade, chemistry, treatment and manufacturing dimensions are not established by this generic material or process description.",qualified_only,
MEZGER-W006,997.1 911 Turbo 3.6 L; introductory Porsche brochure edition 12/2005,connecting rod,material/manufacture,forged; metal and grade not named in this brochure,,factory_document_verified,"[""SRC-PORSCHE-MEZGER-997-TURBO-BROCHURE-2006""]",section: Lightweight design; printed 30–31; pdf page: 12,"Exact material grade, chemistry, treatment and manufacturing dimensions are not established by this generic material or process description.",qualified_only,
MEZGER-W007,997.1 911 Turbo 3.6 L; introductory Porsche brochure edition 12/2005,piston,cooling,individual oil-spray cooling,,factory_document_verified,"[""SRC-PORSCHE-MEZGER-997-TURBO-BROCHURE-2006""]",section: Lightweight design; printed 30–31; pdf page: 12,,qualified_only,
MEZGER-W008,997.1 911 Turbo 3.6 L; introductory Porsche brochure edition 12/2005,crankshaft main bearings,arrangement,8,count,factory_document_verified,"[""SRC-PORSCHE-MEZGER-997-TURBO-BROCHURE-2006""]",section: Lightweight design; printed 30–31; pdf page: 12,,qualified_only,
MEZGER-W009,997.1 911 Turbo 3.6 L; introductory Porsche brochure edition 12/2005,camshafts per cylinder bank,valvetrain,2,count,factory_document_verified,"[""SRC-PORSCHE-MEZGER-997-TURBO-BROCHURE-2006""]",section: Lightweight design; printed 30–31; pdf page: 12,,qualified_only,
MEZGER-W010,997.1 911 Turbo 3.6 L; introductory Porsche brochure edition 12/2005,valves per cylinder,valvetrain,4,count,factory_document_verified,"[""SRC-PORSCHE-MEZGER-997-TURBO-BROCHURE-2006""]",section: Lightweight design; printed 30–31; pdf page: 12,Two inlet and two exhaust; V configuration; dual springs.,qualified_only,
MEZGER-W011,997.1 911 Turbo 3.6 L; introductory Porsche brochure edition 12/2005,oil reservoir,lubrication,separate external reservoir with defoaming device,,factory_document_verified,"[""SRC-PORSCHE-MEZGER-997-TURBO-BROCHURE-2006""]",section: Dry-sump lubrication; printed 30–31; pdf page: 12,,qualified_only,
MEZGER-W012,997.1 911 Turbo 3.6 L; introductory Porsche brochure edition 12/2005,scavenge pumps in cylinder heads,lubrication,4,count,factory_document_verified,"[""SRC-PORSCHE-MEZGER-997-TURBO-BROCHURE-2006""]",section: Dry-sump lubrication; printed 30–31; pdf page: 12,Two pairs according to brochure.,qualified_only,
MEZGER-W013,997.1 911 Turbo 3.6 L; introductory Porsche brochure edition 12/2005,scavenge pumps in crankcase,lubrication,2,count,factory_document_verified,"[""SRC-PORSCHE-MEZGER-997-TURBO-BROCHURE-2006""]",section: Dry-sump lubrication; printed 30–31; pdf page: 12,,qualified_only,
MEZGER-W014,997.1 911 Turbo 3.6 L; introductory Porsche brochure edition 12/2005,scavenge pumps at turbochargers,lubrication,2,count,factory_document_verified,"[""SRC-PORSCHE-MEZGER-997-TURBO-BROCHURE-2006""]",section: Dry-sump lubrication; printed 30–31; pdf page: 12,One at each turbocharger.,qualified_only,
MEZGER-W015,997.1 911 Turbo 3.6 L; introductory Porsche brochure edition 12/2005,oil-feed pump,lubrication,1,count,factory_document_verified,"[""SRC-PORSCHE-MEZGER-997-TURBO-BROCHURE-2006""]",section: Dry-sump lubrication; printed 30–31; pdf page: 12,,qualified_only,
MEZGER-W016,997.1 911 Turbo 3.6 L; introductory Porsche brochure edition 12/2005,total pumps in oil system,lubrication,9,count,factory_document_verified,"[""SRC-PORSCHE-MEZGER-997-TURBO-BROCHURE-2006""]",section: Dry-sump lubrication; printed 30–31; pdf page: 12,Brochure total; not a pump shaft speed or independent electric motors.,qualified_only,
MEZGER-W017,997.1 911 Turbo 3.6 L; introductory Porsche brochure edition 12/2005,VTG components,turbo materials,aerospace-developed materials used to withstand gasoline exhaust heat; no alloy grade named,,factory_document_verified,"[""SRC-PORSCHE-MEZGER-997-TURBO-BROCHURE-2006""]",section: Engineering; printed 16–17; pdf page: 7,"Exact material grade, chemistry, treatment and manufacturing dimensions are not established by this generic material or process description.",qualified_only,
MEZGER-W018,997.1 911 Turbo 3.6 L; introductory Porsche brochure edition 12/2005,gasoline exhaust-gas temperature,turbo thermal context,1000,degC approximate,factory_document_verified,"[""SRC-PORSCHE-MEZGER-997-TURBO-BROCHURE-2006""]",section: Engineering; printed 16–17; pdf page: 7,"Approximately 1000 C is brochure exhaust-temperature context, not a continuously permissible turbine-inlet limit or a measured 993 temperature.",qualified_only,
MEZGER-W019,997.1 911 Turbo 3.6 L; introductory Porsche brochure edition 12/2005,power,performance,353,kW,factory_document_verified,"[""SRC-PORSCHE-MEZGER-997-TURBO-BROCHURE-2006""]",section: Engineering; printed 16–17; pdf page: 7,At 6000 rpm. Brochure prints 480 bhp alongside 353 kW; retain the original unit wording without asserting a precise conversion.,qualified_only,
MEZGER-W020,997.1 911 Turbo 3.6 L; introductory Porsche brochure edition 12/2005,torque,performance,620,Nm,factory_document_verified,"[""SRC-PORSCHE-MEZGER-997-TURBO-BROCHURE-2006""]",section: Engineering; printed 16–17; pdf page: 7,Between 1950 and 5000 rpm.,qualified_only,
MEZGER-W021,997.1 911 Turbo 3.6 L; introductory Porsche brochure edition 12/2005,turbocharger centre housing,turbo cooling,oil inlet and coolant inlet shown,diagram labels,factory_document_verified,"[""SRC-PORSCHE-MEZGER-997-TURBO-BROCHURE-2006""]",section: VTG diagram; printed 35–37; pdf page: 14,,qualified_only,
MEZGER-W022,997 911 GT2 3.6 L; Porsche brochure edition 03/2008,piston,material/manufacture,forged aluminium,,factory_document_verified,"[""SRC-PORSCHE-MEZGER-997-GT2-BROCHURE-2008""]",section: Lightweight design; printed 24–25; pdf page: 11,"Exact material grade, chemistry, treatment and manufacturing dimensions are not established by this generic material or process description.",qualified_only,
MEZGER-W023,997 911 GT2 3.6 L; Porsche brochure edition 03/2008,cylinder liner substrate,material/manufacture,aluminium,,factory_document_verified,"[""SRC-PORSCHE-MEZGER-997-GT2-BROCHURE-2008""]",section: Lightweight design; printed 24–25; pdf page: 11,"Exact material grade, chemistry, treatment and manufacturing dimensions are not established by this generic material or process description.",qualified_only,
MEZGER-W024,997 911 GT2 3.6 L; Porsche brochure edition 03/2008,cylinder bore coating,material/manufacture,Nikasil,,factory_document_verified,"[""SRC-PORSCHE-MEZGER-997-GT2-BROCHURE-2008""]",section: Lightweight design; printed 24–25; pdf page: 11,"Exact material grade, chemistry, treatment and manufacturing dimensions are not established by this generic material or process description. Nikasil presence does not establish coating thickness, nickel/silicon-carbide fraction or substrate alloy grade.",qualified_only,
MEZGER-W025,997 911 GT2 3.6 L; Porsche brochure edition 03/2008,cylinder head,material/manufacture,extremely heat-resistant lightweight alloy; no alloy grade given,,factory_document_verified,"[""SRC-PORSCHE-MEZGER-997-GT2-BROCHURE-2008""]",section: Lightweight design; printed 24–25; pdf page: 11,"Exact material grade, chemistry, treatment and manufacturing dimensions are not established by this generic material or process description.",qualified_only,
MEZGER-W026,997 911 GT2 3.6 L; Porsche brochure edition 03/2008,crankcase,material/manufacture,lightweight alloy; two main sections; no alloy grade given,,factory_document_verified,"[""SRC-PORSCHE-MEZGER-997-GT2-BROCHURE-2008""]",section: Lightweight design; printed 24–25; pdf page: 11,"Exact material grade, chemistry, treatment and manufacturing dimensions are not established by this generic material or process description.",qualified_only,
MEZGER-W027,997 911 GT2 3.6 L; Porsche brochure edition 03/2008,connecting rod,material/manufacture,forged; metal and grade not named in this brochure,,factory_document_verified,"[""SRC-PORSCHE-MEZGER-997-GT2-BROCHURE-2008""]",section: Lightweight design; printed 24–25; pdf page: 11,"Exact material grade, chemistry, treatment and manufacturing dimensions are not established by this generic material or process description.",qualified_only,
MEZGER-W028,997 911 GT2 3.6 L; Porsche brochure edition 03/2008,piston,cooling,individual oil-spray jets,,factory_document_verified,"[""SRC-PORSCHE-MEZGER-997-GT2-BROCHURE-2008""]",section: Lightweight design; printed 24–25; pdf page: 11,,qualified_only,
MEZGER-W029,997 911 GT2 3.6 L; Porsche brochure edition 03/2008,crankshaft main bearings,arrangement,8,count,factory_document_verified,"[""SRC-PORSCHE-MEZGER-997-GT2-BROCHURE-2008""]",section: Lightweight design; printed 24–25; pdf page: 11,,qualified_only,
MEZGER-W030,997 911 GT2 3.6 L; Porsche brochure edition 03/2008,camshafts per cylinder bank,valvetrain,2,count,factory_document_verified,"[""SRC-PORSCHE-MEZGER-997-GT2-BROCHURE-2008""]",section: Lightweight design; printed 24–25; pdf page: 11,,qualified_only,
MEZGER-W031,997 911 GT2 3.6 L; Porsche brochure edition 03/2008,valves per cylinder,valvetrain,4,count,factory_document_verified,"[""SRC-PORSCHE-MEZGER-997-GT2-BROCHURE-2008""]",section: Lightweight design; printed 24–25; pdf page: 11,Two inlet and two exhaust; V configuration; dual springs.,qualified_only,
MEZGER-W032,997 911 GT2 3.6 L; Porsche brochure edition 03/2008,rear silencer,material,titanium,metal family only,factory_document_verified,"[""SRC-PORSCHE-MEZGER-997-GT2-BROCHURE-2008""]",section: Exhaust system; printed 34–35; pdf page: 16,"No titanium grade, wall thickness, welding specification or surface treatment provided. Exact material grade, chemistry, treatment and manufacturing dimensions are not established by this generic material or process description.",qualified_only,
MEZGER-W033,997 911 GT2 3.6 L; Porsche brochure edition 03/2008,tailpipes,material,titanium,metal family only,factory_document_verified,"[""SRC-PORSCHE-MEZGER-997-GT2-BROCHURE-2008""]",section: Exhaust system; printed 34–35; pdf page: 16,"Do not transfer this exhaust-material statement to connecting rods, the turbine wheel or stock 993 exhaust. Exact material grade, chemistry, treatment and manufacturing dimensions are not established by this generic material or process description.",qualified_only,
MEZGER-W034,997 911 GT2 3.6 L; Porsche brochure edition 03/2008,engine oil reservoir,lubrication,external dry-sump tank,,factory_document_verified,"[""SRC-PORSCHE-MEZGER-997-GT2-BROCHURE-2008""]",section: Drive; printed 20–21; pdf page: 9,,qualified_only,
MEZGER-W035,997 911 GT2 3.6 L; Porsche brochure edition 03/2008,engine oil,cooling,dedicated oil-water heat exchanger,,factory_document_verified,"[""SRC-PORSCHE-MEZGER-997-GT2-BROCHURE-2008""]",section: Drive; printed 20–21; pdf page: 9,,qualified_only,
MEZGER-W036,997 911 GT2 3.6 L; Porsche brochure edition 03/2008,turbochargers,turbo matching,Flow-optimised VTG turbines with larger compressors than the contemporary 911 Turbo,relative supplier description,factory_document_verified,"[""SRC-PORSCHE-MEZGER-997-GT2-BROCHURE-2008""]",section: Drive; printed 20–21; pdf page: 9,"No wheel dimensions, compressor map or exact rotor speed published here.",qualified_only,
MEZGER-W037,997 911 GT2 3.6 L; Porsche brochure edition 03/2008,power,performance,390,kW,factory_document_verified,"[""SRC-PORSCHE-MEZGER-997-GT2-BROCHURE-2008""]",section: Drive; printed 20–21; pdf page: 9,At 6500 rpm; brochure also prints 530 hp.,qualified_only,
MEZGER-W038,997 911 GT2 3.6 L; Porsche brochure edition 03/2008,torque,performance,680,Nm,factory_document_verified,"[""SRC-PORSCHE-MEZGER-997-GT2-BROCHURE-2008""]",section: Drive; printed 20–21; pdf page: 9,Between 2200 and 4500 rpm.,qualified_only,
MEZGER-W039,997 911 GT2 RS 3.6 L; Porsche brochure edition 01/2010,engine,arrangement,"Water-cooled flat-six with twin VTG turbos, four valves per cylinder and VarioCam Plus",,factory_document_verified,"[""SRC-PORSCHE-MEZGER-997-GT2RS-BROCHURE-2010""]",section: Engine; printed 13; pdf page: 10,,qualified_only,
MEZGER-W040,997 911 GT2 RS 3.6 L; Porsche brochure edition 01/2010,displacement,performance,3600,cm3,factory_document_verified,"[""SRC-PORSCHE-MEZGER-997-GT2RS-BROCHURE-2010""]",section: Engine; printed 13; pdf page: 10,,qualified_only,
MEZGER-W041,997 911 GT2 RS 3.6 L; Porsche brochure edition 01/2010,power,performance,456,kW,factory_document_verified,"[""SRC-PORSCHE-MEZGER-997-GT2RS-BROCHURE-2010""]",section: Engine; printed 13; pdf page: 10,At 6500 rpm; brochure prints 620 hp.,qualified_only,
MEZGER-W042,997 911 GT2 RS 3.6 L; Porsche brochure edition 01/2010,torque,performance,700,Nm,factory_document_verified,"[""SRC-PORSCHE-MEZGER-997-GT2RS-BROCHURE-2010""]",section: Engine; printed 13; pdf page: 10,Available from 2250 rpm.,qualified_only,
MEZGER-W043,997 911 GT2 RS 3.6 L; Porsche brochure edition 01/2010,maximum boost pressure,boost,1.6,bar,factory_document_verified,"[""SRC-PORSCHE-MEZGER-997-GT2RS-BROCHURE-2010""]",section: Engine; printed 13; pdf page: 10,"Published boost pressure, not an absolute compressor pressure ratio. The source excerpt does not explicitly identify gauge versus absolute pressure; preserve 1.6 bar as printed and do not use it directly in a compressor-ratio calculation.",qualified_only,
MEZGER-W044,997 911 GT2 RS 3.6 L; Porsche brochure edition 01/2010,engine oil reservoir,lubrication,"separate reservoir, dry sump",,factory_document_verified,"[""SRC-PORSCHE-MEZGER-997-GT2RS-BROCHURE-2010""]",section: Engine; printed 13; pdf page: 10,,qualified_only,
MEZGER-W045,997 911 GT2 RS 3.6 L; Porsche brochure edition 01/2010,engine oil,cooling,oil-water heat exchanger,,factory_document_verified,"[""SRC-PORSCHE-MEZGER-997-GT2RS-BROCHURE-2010""]",section: Engine; printed 13; pdf page: 10,,qualified_only,
MEZGER-W046,997 911 GT2 RS 3.6 L; Porsche brochure edition 01/2010,main silencer,material,titanium,diagram label,factory_document_verified,"[""SRC-PORSCHE-MEZGER-997-GT2RS-BROCHURE-2010""]",section: Vehicle cutaway; printed 15; pdf page: 12,"Exact material grade, chemistry, treatment and manufacturing dimensions are not established by this generic material or process description.",qualified_only,
MEZGER-W047,997 911 GT2 RS 3.6 L; Porsche brochure edition 01/2010,tailpipe,material,titanium,diagram label,factory_document_verified,"[""SRC-PORSCHE-MEZGER-997-GT2RS-BROCHURE-2010""]",section: Vehicle cutaway; printed 15; pdf page: 12,"Exact material grade, chemistry, treatment and manufacturing dimensions are not established by this generic material or process description.",qualified_only,
MEZGER-W048,997.2 911 Turbo / Turbo S 3.8 L direct injection; non-Mezger scope-boundary comparison only,crankcase,arrangement,vertically divided alloy crankcase with integrated cylinders,,scope_boundary_comparison,"[""SRC-PORSCHE-MEZGER-997-TURBO-BROCHURE-2010-BOUNDARY""]",section: Lightweight design; printed 34–35; pdf page: 18,"Scope-boundary comparison only: this is the newer direct-injected 3.8 L 997.2 Turbo architecture, not Mezger material evidence for 993 or 997.1 Turbo / GT2.",qualified_only,
MEZGER-W049,997.2 911 Turbo / Turbo S 3.8 L direct injection; non-Mezger scope-boundary comparison only,piston,material/manufacture,forged aluminium,,scope_boundary_comparison,"[""SRC-PORSCHE-MEZGER-997-TURBO-BROCHURE-2010-BOUNDARY""]",section: Lightweight design; printed 34–35; pdf page: 18,"Exact material grade, chemistry, treatment and manufacturing dimensions are not established by this generic material or process description. Scope-boundary comparison only: this is the newer direct-injected 3.8 L 997.2 Turbo architecture, not Mezger material evidence for 993 or 997.1 Turbo / GT2.",qualified_only,
MEZGER-W050,997.2 911 Turbo / Turbo S 3.8 L direct injection; non-Mezger scope-boundary comparison only,cylinders,material,aluminium/silicon alloy; grade not named,metal family,scope_boundary_comparison,"[""SRC-PORSCHE-MEZGER-997-TURBO-BROCHURE-2010-BOUNDARY""]",section: Lightweight design; printed 34–35; pdf page: 18,"Do not assign this integrated-cylinder construction to 997.1 Turbo, GT2 or 993. Exact material grade, chemistry, treatment and manufacturing dimensions are not established by this generic material or process description. Scope-boundary comparison only: this is the newer direct-injected 3.8 L 997.2 Turbo architecture, not Mezger material evidence for 993 or 997.1 Turbo / GT2.",qualified_only,
MEZGER-W051,997.2 911 Turbo / Turbo S 3.8 L direct injection; non-Mezger scope-boundary comparison only,connecting rod,material/manufacture,forged; metal not named,,scope_boundary_comparison,"[""SRC-PORSCHE-MEZGER-997-TURBO-BROCHURE-2010-BOUNDARY""]",section: Lightweight design; printed 34–35; pdf page: 18,"Exact material grade, chemistry, treatment and manufacturing dimensions are not established by this generic material or process description. Scope-boundary comparison only: this is the newer direct-injected 3.8 L 997.2 Turbo architecture, not Mezger material evidence for 993 or 997.1 Turbo / GT2.",qualified_only,
MEZGER-W052,997.2 911 Turbo / Turbo S 3.8 L direct injection; non-Mezger scope-boundary comparison only,piston,cooling,individual oil-spray jets,,scope_boundary_comparison,"[""SRC-PORSCHE-MEZGER-997-TURBO-BROCHURE-2010-BOUNDARY""]",section: Lightweight design; printed 34–35; pdf page: 18,"Scope-boundary comparison only: this is the newer direct-injected 3.8 L 997.2 Turbo architecture, not Mezger material evidence for 993 or 997.1 Turbo / GT2.",qualified_only,
MEZGER-W053,997.2 911 Turbo / Turbo S 3.8 L direct injection; non-Mezger scope-boundary comparison only,camshaft bearing system,arrangement,fully integrated into cylinder heads,,scope_boundary_comparison,"[""SRC-PORSCHE-MEZGER-997-TURBO-BROCHURE-2010-BOUNDARY""]",section: Lightweight design; printed 34–35; pdf page: 18,"Scope-boundary comparison only: this is the newer direct-injected 3.8 L 997.2 Turbo architecture, not Mezger material evidence for 993 or 997.1 Turbo / GT2.",qualified_only,
MEZGER-W054,996 Turbo / GT2 / GT3 lineage; Porsche retrospective published in 2018,Turbo engine,lineage,Porsche links the water-cooled Turbo engine to the 3.2 L six-cylinder GT1 engine used at Le Mans in 1998,,factory_document_verified,"[""SRC-PORSCHE-MEZGER-HISTORY-996-2018""]",section: Turbo and GT3 history,,qualified_only,
MEZGER-W055,996 Turbo / GT2 / GT3 lineage; Porsche retrospective published in 2018,Turbo standard power,performance,420,PS,factory_document_verified,"[""SRC-PORSCHE-MEZGER-HISTORY-996-2018""]",section: Turbo and GT3 history,,qualified_only,
MEZGER-W056,996 Turbo / GT2 / GT3 lineage; Porsche retrospective published in 2018,GT2 power range,performance,"[462, 483]",PS,factory_document_verified,"[""SRC-PORSCHE-MEZGER-HISTORY-996-2018""]",section: Turbo and GT3 history,"Different variant/update outputs, not one operating point.",qualified_only,
MEZGER-W057,996 Turbo / GT2 / GT3 lineage; Porsche retrospective published in 2018,GT3 engine,lineage,Porsche retrospectively describes the GT3 engine as the same engine family without turbocharging,retrospective family summary,factory_document_verified,"[""SRC-PORSCHE-MEZGER-HISTORY-996-2018""]",section: Turbo and GT3 history,"Family-level history does not imply identical rods, pistons, compression ratios, camshafts or castings between GT3 and Turbo. Naturally aspirated GT3 lineage comparison only; not proof of Turbo component identity.",qualified_only,
MEZGER-W058,911 GT1-98 museum Team Zakspeed FIA GT 1998 example; not every GT1 race or road configuration,engine,cooling,Water-cooled mid-engine layout,,factory_document_verified,"[""SRC-PORSCHE-MEZGER-MUSEUM-GT1-98""]",section: Introduction,,qualified_only,
MEZGER-W059,911 GT1-98 museum Team Zakspeed FIA GT 1998 example; not every GT1 race or road configuration,displacement,performance,3220,cm3,factory_document_verified,"[""SRC-PORSCHE-MEZGER-MUSEUM-GT1-98""]",section: Specifications,,qualified_only,
MEZGER-W060,911 GT1-98 museum Team Zakspeed FIA GT 1998 example; not every GT1 race or road configuration,power,performance,404,kW,factory_document_verified,"[""SRC-PORSCHE-MEZGER-MUSEUM-GT1-98""]",section: Specifications,Museum example prints 550 HP; do not replace specifications for all GT1 race or road variants.,qualified_only,
MEZGER-W061,911 GT1-98 museum Team Zakspeed FIA GT 1998 example; not every GT1 race or road configuration,engine,arrangement,six-cylinder boxer,,factory_document_verified,"[""SRC-PORSCHE-MEZGER-MUSEUM-GT1-98""]",section: Specifications,,qualified_only,
MEZGER-W062,911 GT1-98 museum Team Zakspeed FIA GT 1998 example; not every GT1 race or road configuration,chassis,material,Carbon fibre,vehicle chassis,factory_document_verified,"[""SRC-PORSCHE-MEZGER-MUSEUM-GT1-98""]",section: Introduction,"Material of the chassis, not the crankcase, pistons or heads. Exact material grade, chemistry, treatment and manufacturing dimensions are not established by this generic material or process description.",qualified_only,
MEZGER-W063,997 Turbo model history; generations distinguished as stated in each record,Initial Turbo power,performance,353,kW,factory_document_verified,"[""SRC-PORSCHE-MEZGER-CLASSIC-997-TURBO""]",section: Introduction,Porsche also states 480 PS and a June 2006 market launch.,qualified_only,
MEZGER-W064,997 Turbo model history; generations distinguished as stated in each record,MY2010 Turbo engine,lineage,"Newly developed MY2010 Turbo engine, 500 PS",scope boundary,scope_boundary_comparison,"[""SRC-PORSCHE-MEZGER-CLASSIC-997-TURBO""]",section: Introduction,"Supports separating the 997.2 Turbo / Turbo S from the unchanged water-cooled Mezger 3.6 L family. Scope-boundary comparison only: this is the newer direct-injected 3.8 L 997.2 Turbo architecture, not Mezger material evidence for 993 or 997.1 Turbo / GT2.",qualified_only,
MEZGER-W065,997 Turbo model history; generations distinguished as stated in each record,VTG turbochargers,turbo development,Developed with BorgWarner,,factory_document_verified,"[""SRC-PORSCHE-MEZGER-CLASSIC-997-TURBO""]",section: Introduction,,qualified_only,
MEZGER-W066,997.1 GT3 / GT3 RS naturally aspirated 3.6 L comparison; not Turbo or 993,connecting rods,Published component/architecture statement,Titanium connecting rods explicitly specified in shared engine section.,,factory_document_verified,"[""SRC-PORSCHE-MEZGER-GT3-9971-BROCHURE""]",pdf page: 15; printed page: 36–37,"No titanium grade, supplier, forging process, exact mass, or rod dimensions stated. Cannot apply this to Turbo/993. Naturally aspirated GT3 comparison; no transfer to Turbo or 993 OEM parts.",qualified_only,9971-gt3-rods
MEZGER-W067,997.1 GT3 / GT3 RS naturally aspirated 3.6 L comparison; not Turbo or 993,"pistons, cylinder bore and connecting rods",Published component/architecture statement,"Engine drawing explicitly labels forged piston, Nikasil-coated cylinder bore, titanium connecting rod.",,factory_document_verified,"[""SRC-PORSCHE-MEZGER-GT3-9971-BROCHURE""]",pdf page: 16; printed page: 38–39,No bare cylinder substrate or coating thickness/alloy grade in legend; no piston alloy grade. Naturally aspirated GT3 comparison; no transfer to Turbo or 993 OEM parts.,qualified_only,9971-gt3-pistons-cylinder
MEZGER-W068,997.1 GT3 naturally aspirated comparison; not Turbo or 993,"engine pistons, rods and maximum crankshaft speed",Published component/architecture statement,"Technical data independently reiterates lightweight pistons and titanium connecting rods, maximum speed 8400 rpm.",,factory_document_verified,"[""SRC-PORSCHE-MEZGER-GT3-9971-BROCHURE""]",pdf page: 51; printed page: 110–111,"rpm is engine crankshaft, not a material-dependent design limit for a transferred component. Naturally aspirated GT3 comparison; no transfer to Turbo or 993 OEM parts.",qualified_only,9971-gt3-spec
MEZGER-W069,997.2 GT3 naturally aspirated 3.797 L comparison; not Turbo or 993,"connecting rods, pistons and maximum crankshaft speed",Published component/architecture statement,Titanium connecting rod and lighter pistons; max engine speed 8500 rpm.,,factory_document_verified,"[""SRC-PORSCHE-MEZGER-GT3-9972-BROCHURE""]",pdf page: 9; printed page: 20–21,"No alloy grade, heat treatment or precise masses. Naturally aspirated GT3 comparison; no transfer to Turbo or 993 OEM parts.",qualified_only,9972-gt3-rods
MEZGER-W070,997.2 GT3 naturally aspirated 3.797 L comparison; not Turbo or 993,"pistons, connecting rods and cylinder-bore coating",Published component/architecture statement,"Explicit forged aluminium piston, titanium connecting rod, Nikasil cylinder-bore coating.",,factory_document_verified,"[""SRC-PORSCHE-MEZGER-GT3-9972-BROCHURE""]",pdf page: 10; printed page: 22–23 (not text printed in extracted image spread),"Aluminium family and forging are confirmed for piston; exact alloy, silicon fraction, piston thermal coating, pin material and ring metallurgy unreported. Nikasil does not give the cylinder substrate grade. Naturally aspirated GT3 comparison; no transfer to Turbo or 993 OEM parts.",qualified_only,9972-gt3-pistons-cylinder
MEZGER-W071,997.2 GT3 / GT3 RS naturally aspirated comparison; cutaway caption scope retained; cutaway explicitly captioned 911 GT3 3.8-litre boxer engine,"pistons, connecting rods and cylinder-bore coating",Published component/architecture statement,"Forged aluminium piston, titanium connecting rod, Nikasil cylinder-bore coating; prose in GT3/GT3RS drive section supports lightweight rods/pistons generally.",,factory_document_verified,"[""SRC-PORSCHE-MEZGER-GT3-9972-RS-BROCHURE""]",pdf page: 14; printed page: 34–35,Drawn engine caption is GT3. Avoid assuming identical detailed piston geometry or same OEM part number for GT3 and RS: compression ratios 12.0 and 12.2 differ (PDF p50). Naturally aspirated GT3 comparison; no transfer to Turbo or 993 OEM parts.,qualified_only,9972-gt3rs-pistons-cylinder
MEZGER-W072,997.2 GT3 / GT3 RS naturally aspirated comparison; cutaway caption scope retained,engine cooling and lubrication,Published component/architecture statement,Water-cooled six-cylinder boxer; external-reservoir dry sump and oil-water heat exchanger.,,factory_document_verified,"[""SRC-PORSCHE-MEZGER-GT3-9972-RS-BROCHURE""]",pdf page: 13; printed page: 32–33,"Does not identify radiator alloy, casting alloy or precise coolant-flow rates. Naturally aspirated GT3 comparison; no transfer to Turbo or 993 OEM parts.",qualified_only,9972-cooling-lube
MEZGER-W073,997.2 GT3 / GT3 RS naturally aspirated comparison; cutaway caption scope retained,"valvetrain, pistons, rods and maximum crankshaft speed",Published component/architecture statement,Titanium rod/lightened pistons and lightweight tappets associated with maximum engine speed 8500 rpm.,,factory_document_verified,"[""SRC-PORSCHE-MEZGER-GT3-9972-RS-BROCHURE""]",pdf page: 14; printed page: 34–35,Not evidence of safe 8500 rpm on another Mezger assembly. Naturally aspirated GT3 comparison; no transfer to Turbo or 993 OEM parts.,qualified_only,9972-rod-rpm
MEZGER-W074,991 GT3 introduced in 2013; non-Mezger scope-boundary comparison only,engine family boundary,Mezger scope boundary,Porsche states the completely redeveloped 3.8L 991 GT3 engine was for the first time no longer based on the legendary Mezger engine.,,scope_boundary_comparison,"[""SRC-PORSCHE-MEZGER-GT3-HISTORY-CURRENT""]",991 generation paragraph,"Modern 991/992 materials should not be back-projected to 996/997 Mezger. Scope-boundary comparison only, not material evidence for Mezger engines.",qualified_only,gt3-mezger-end
MEZGER-M001,MAHLE Motorsport aftermarket POWERPAK range,piston,available forged aluminum alloy families,"[""4032"", ""2618""]",,supplier_declared,"[""SRC-MEZGER-MATERIALS-MAHLE-PORSCHE-GUIDE-2024""]","PDF page 3, The POWERPAK",Generic product range. Not an OEM M64/60 alloy identification.,qualified_only,
MEZGER-M002,MAHLE Motorsport aircooled aftermarket kits,piston,manufacturing and surface processes,"[""machined forging"", ""phosphate treatment"", ""GRAFAL skirt coating""]",,supplier_declared,"[""SRC-MEZGER-MATERIALS-MAHLE-AIRCOOLED-ASSEMBLY-2020""]","PDF page 2, piston construction paragraphs",Modern aftermarket adaptations. Coating thickness and exact heat treatment are not specified.,qualified_only,
MEZGER-M003,"993 Turbo 3.6 to 3.8 L conversion, PP102-012N",piston,aluminum alloy,2618,,supplier_declared,"[""SRC-MEZGER-MATERIALS-MAHLE-PORSCHE-GUIDE-2024""]","PDF page 9 / printed page 5, 993 TURBO row","Specific aftermarket piston, not the stock 100 mm OEM piston.",qualified_only,
MEZGER-M004,"993 Turbo 3.6 to 3.8 L conversion, PP102-012N",piston,bore diameter,102,mm,supplier_declared,"[""SRC-MEZGER-MATERIALS-MAHLE-PORSCHE-GUIDE-2024""]","PDF page 9 / printed page 5, 993 TURBO row",Aftermarket 3.8 L application.,qualified_only,
MEZGER-M005,"993 Turbo 3.6 to 3.8 L conversion, PP102-012N",piston,compression height,31.8,mm,supplier_declared,"[""SRC-MEZGER-MATERIALS-MAHLE-PORSCHE-GUIDE-2024""]","PDF page 9 / printed page 5, 993 TURBO row","Geometric height, not piston crown thickness.",qualified_only,
MEZGER-M006,"993 Turbo 3.6 to 3.8 L conversion, PP102-012N",piston,crown volume,9.6,cm3,supplier_declared,"[""SRC-MEZGER-MATERIALS-MAHLE-PORSCHE-GUIDE-2024""]","PDF page 9 / printed page 5, 993 TURBO row","Volume, not piston crown thickness. Compression ratio is calculated at a stated deck condition.",qualified_only,
MEZGER-M007,"993 Turbo 3.6 to 3.8 L conversion, LN 105-102/109",cylinder,published cylinder height,114.5,mm,supplier_declared,"[""SRC-MEZGER-MATERIALS-MAHLE-PORSCHE-GUIDE-2024""]","PDF page 9 / printed page 5, 993 TURBO application heading","Aftermarket height, not a local wall thickness.",qualified_only,
MEZGER-M008,"993 Turbo 3.6 to 3.8 L conversion, LN 105-102/109",cylinder,machined case register diameter,109,mm,supplier_declared,"[""SRC-MEZGER-MATERIALS-MAHLE-PORSCHE-GUIDE-2024""]","PDF page 9 / printed page 5, 993 TURBO application heading",Register diameter does not establish local cylinder wall thickness.,qualified_only,
MEZGER-M009,"964 Turbo 3.6 to 3.8 L or 993 Carrera turbo conversion, PP102-013",piston,aluminum alloy,4032,,supplier_declared,"[""SRC-MEZGER-MATERIALS-MAHLE-PORSCHE-GUIDE-2024""]","PDF page 9 / printed page 5, 964 TURBO rows",Aftermarket conversion piston. Distinct from the 993 Turbo PP102-012N specification.,qualified_only,
MEZGER-M010,"930 Turbo 3.3 to 3.4 L conversion, PP98-012",piston,aluminum alloy,4032,,supplier_declared,"[""SRC-MEZGER-MATERIALS-MAHLE-PORSCHE-GUIDE-2024""]","PDF page 8 / printed page 4, 930 TURBO 3.3L to 3.4L",Aftermarket 98 mm piston. Does not identify the stock 97 mm piston alloy.,qualified_only,
MEZGER-M011,"930 Turbo 3.0 to 3.2 L conversion, PP98-016",piston,aluminum alloy,4032,,supplier_declared,"[""SRC-MEZGER-MATERIALS-MAHLE-PORSCHE-GUIDE-2024""]","PDF page 8 / printed page 4, 930 TURBO 3.0L to 3.2L",Aftermarket conversion. Not a stock 3.0 L piston material certificate.,qualified_only,
MEZGER-M012,"930T 3.3 to 3.5 L conversion, PP100-010N",piston,aluminum alloy,2618,,supplier_declared,"[""SRC-MEZGER-MATERIALS-MAHLE-PORSCHE-GUIDE-2024""]","PDF page 8 / printed page 4, 930T 3.3L to 3.5L","Aftermarket 100 mm conversion, not all 930 pistons.",qualified_only,
MEZGER-M013,"930T 3.3 to 3.5 L conversion, PP100-010N",piston top ring groove,surface process,hard anodized,,supplier_declared,"[""SRC-MEZGER-MATERIALS-MAHLE-PORSCHE-GUIDE-2024""]","PDF page 8 / printed page 4, PP100-010N double-asterisk note","Thickness, process settings and coating chemistry are not supplied.",qualified_only,
MEZGER-M014,MAHLE Motorsport aircooled aftermarket kits,piston,clearance gauge location interpretation,distance upward from piston skirt bottom,,supplier_declared,"[""SRC-MEZGER-MATERIALS-MAHLE-AIRCOOLED-ASSEMBLY-2020""]","PDF page 2, Piston to Cylinder Wall Clearance","The catalog Meas. values are gauge locations, not crown or wall thickness. Clearance is measured over GRAFAL.",qualified_only,
MEZGER-M015,LN Nickies aftermarket aircooled cylinders,cylinder,material family,proprietary low-silicon extruded aluminum,,supplier_declared,"[""SRC-MEZGER-MATERIALS-LN-NICKIES-MATERIAL-FAQ""]","Case Study, Increased Strength and Increased Cooling",Exact normalized alloy and heat treatment are not disclosed. Do not infer 6061 or 6063.,qualified_only,
MEZGER-M016,LN Nickies aftermarket aircooled cylinders,cylinder,exact normalized alloy designation,,,not_established_in_review,"[""SRC-MEZGER-MATERIALS-LN-NICKIES-MATERIAL-FAQ""]","Case Study, custom extrusion description","Supplier names a proprietary alloy, not a standard alloy grade.",teach_uncertainty_only,
MEZGER-M017,LN Nickies aftermarket aircooled cylinders,cylinder,manufacturing sequence,"[""custom extrusion"", ""CNC turning"", ""CNC milling"", ""NSC electroplating"", ""plateau honing""]",,supplier_declared,"[""SRC-MEZGER-MATERIALS-LN-NICKIES-MANUFACTURING""]",Nickies Billet Aluminum Aircooled Cylinders and Quality Control Process,"Manufacturer description, not original Porsche casting process. Local wall dimensions are not supplied.",qualified_only,
MEZGER-M018,LN NSC process for Nickies aftermarket cylinders,cylinder bore plating,finished thickness per side,"[0.004, 0.005]",inch,supplier_declared,"[""SRC-MEZGER-MATERIALS-LN-NSC-PLATING-FAQ""]",FAQ: difference between Nikasil and NSC cylinder bore platings,"Explicitly after honing and PER SIDE. Generic supplier process range, not an OEM 993 or lot certificate.",qualified_only,
MEZGER-M019,LN NSC process for Nickies aftermarket cylinders,cylinder bore plating,converted finished thickness per side,"[0.1016, 0.127]",mm,calculated_from_supplier_declaration,"[""SRC-MEZGER-MATERIALS-LN-NSC-PLATING-FAQ""]",FAQ: difference between Nikasil and NSC; inch to mm conversion,Calculated as inch times 25.4. Remains a radial per-side value; not diametral buildup.,qualified_only,
MEZGER-M020,LN NSC process for Nickies aftermarket cylinders,cylinder bore plating,SiC particle size,"[1, 3]",um,supplier_declared,"[""SRC-MEZGER-MATERIALS-LN-NSC-PLATING-FAQ""]",FAQ: difference between Nikasil and NSC cylinder bore platings,"Supplier generic process data, not an analysis of original Porsche 993 material.",qualified_only,
MEZGER-M021,LN NSC process for Nickies aftermarket cylinders,cylinder bore plating,SiC volume fraction,"[7, 14]",percent by volume,supplier_declared,"[""SRC-MEZGER-MATERIALS-LN-NSC-PLATING-FAQ""]",FAQ: difference between Nikasil and NSC cylinder bore platings,"Approximate supplier range in a nickel matrix, not exact batch chemistry.",qualified_only,
MEZGER-M022,Nikasil industry range described by LN,cylinder bore plating,general industry thickness range,"[0.003, 0.005]",inch,generic_supplier_context,"[""SRC-MEZGER-MATERIALS-LN-NICKIES-MATERIAL-FAQ""]",Why use our NSC plating?,General statement with less explicit finishing context. Keep separate from final NSC per-side range.,qualified_only,
MEZGER-M023,LN993BCH aftermarket 993RS / 964 / 993 heads,cylinder head,material and manufacturing,"upgraded stress-relieved wrought aluminum billet, CNC machined",,supplier_declared,"[""SRC-MEZGER-MATERIALS-LN-993RS-BILLET-HEADS""]",Visible product heading and SKU LN993BCH; material paragraph,"Exact grade not disclosed. 6061-T6/T651 and A356-T6 are comparison materials. Page metadata title incorrectly repeats 930, but article heading, SKU and 993RS port description are distinct. Not an OEM 993 Turbo head.",qualified_only,
MEZGER-M024,LN993BCH aftermarket 993RS / 964 / 993 heads,cylinder head,exact alloy designation,,,not_established_in_review,"[""SRC-MEZGER-MATERIALS-LN-993RS-BILLET-HEADS""]",Visible SKU LN993BCH; material paragraph,Not disclosed; comparisons cannot identify the material.,teach_uncertainty_only,
MEZGER-M025,LN930BCH aftermarket 3.0 / 3.2 / 3.3 Turbo heads,cylinder head,material and manufacturing,"upgraded stress-relieved wrought aluminum billet, CNC machined",,supplier_declared,"[""SRC-MEZGER-MATERIALS-LN-930-BILLET-HEADS""]",SKU LN930BCH; material paragraph,Exact grade not disclosed. Not an original Porsche casting; no wall dimensions supplied.,qualified_only,
MEZGER-M026,"Xtreme aftermarket Porsche head programs, including 3.6 to 4.0 L Turbo",cylinder head,declared aluminum alloy,RR350,,supplier_declared,"[""SRC-MEZGER-MATERIALS-XTREME-RR350-HEADS""]","Our Programs, general manufacturing paragraph",Supplier declaration. Not an OEM Porsche casting identification; exact chemistry and heat treatment not specified.,qualified_only,
MEZGER-M027,"Xtreme aftermarket Porsche head programs, including 3.6 to 4.0 L Turbo",cylinder head,manufacturing and post-casting process,"[""lost-wax investment casting"", ""HIP""]",,supplier_declared,"[""SRC-MEZGER-MATERIALS-XTREME-RR350-HEADS""]","Our Programs, general manufacturing paragraph","Supplier declaration. HIP conditions, alloy certificate and local wall dimensions not supplied.",qualified_only,
MEZGER-M028,Generic factory Porsche aircooled cylinder/piston discussion,piston,generic supplier alloy statement,4032,,generic_supplier_context,"[""SRC-MEZGER-MATERIALS-LN-AIRCOOLED-PISTON-GUIDE""]","Piston-to-cylinder-clearance discussion, factory cylinder paragraph","No exact M64/60 piston reference, OEM source or certificate. Excluded from exact stock 993 material labeling.",qualified_only,
MEZGER-M029,Historical Alusil 2.7 L / 3.0 SC cylinder discussion,cylinder substrate,historical supplier alloy association,Reynolds A390,,generic_supplier_context,"[""SRC-MEZGER-MATERIALS-LN-AIRCOOLED-PISTON-GUIDE""]",Alusil technology discussion,"Historical Alusil context, not the substrate grade of Nikasil-plated 993 Turbo cylinders.",qualified_only,
MEZGER-M030,"Ferrea 996TT 3.6 L DOHC 24-valve, 2000 to 2005",valve,application exclusion,"996TT, not 993 M64/60",,verified_application_exclusion,"[""SRC-MEZGER-MATERIALS-FERREA-PORSCHE-APPLICATION-EXCLUSION""]",Available applications and F2271P / F2272P rows,Do not transfer these valve dimensions or superalloy labels to 993 SOHC 12-valve engines.,exclude,
MEZGER-M031,Ferrea Competition Plus generic valve range,valve,generic alloy family,EV8-Z18,,generic_supplier_context,"[""SRC-MEZGER-MATERIALS-FERREA-VALVE-GENERIC-MATERIAL""]",Competition Plus Valves description,No specific 993 part mapping and no OEM Porsche valve identification.,qualified_only,
MEZGER-M032,Original Porsche 993 Turbo M64/60,piston,OEM exact alloy and crown/wall thickness,,,not_established_in_review,"[""SRC-MEZGER-MATERIALS-MAHLE-PORSCHE-GUIDE-2024""]",Aftermarket catalog reviewed; original-part data absent,"No exact stock OEM alloy, crown thickness or local wall measurements established by these sources.",teach_uncertainty_only,
MEZGER-M033,Original Porsche 993 Turbo M64/60,cylinder head,OEM exact alloy and chamber/port wall thickness,,,not_established_in_review,"[""SRC-MEZGER-MATERIALS-XTREME-RR350-HEADS""]",Aftermarket program page reviewed; original-part data absent,RR350 aftermarket heads do not identify original Porsche head alloy. No original-part wall dimensions established.,teach_uncertainty_only,
MEZGER-P001,"Pauter aftermarket 993-230-580-1270F, manufacturer-listed 993/993 Turbo application",connecting rod,Declared steel grade,4340 chrome-moly,,manufacturer_declaration,"[""SRC-PAUTER-993-TURBO-ROD-PRIMARY""]",Product description and dimension table,"Aftermarket product declaration, not a measured stock Porsche rod. No engineering tolerances, operating rpm limit or greater-than-550-PS validation is supplied here.",qualified_only,
MEZGER-P002,"Pauter aftermarket 993-230-580-1270F, manufacturer-listed 993/993 Turbo application",connecting rod,Centre-to-centre length,127.0,mm,manufacturer_declaration,"[""SRC-PAUTER-993-TURBO-ROD-PRIMARY""]",Product description and dimension table,"Aftermarket product declaration, not a measured stock Porsche rod. No engineering tolerances, operating rpm limit or greater-than-550-PS validation is supplied here.",qualified_only,
MEZGER-P003,"Pauter aftermarket 993-230-580-1270F, manufacturer-listed 993/993 Turbo application",connecting rod,Big-end bore diameter,58.01,mm,manufacturer_declaration,"[""SRC-PAUTER-993-TURBO-ROD-PRIMARY""]",Product description and dimension table,"Aftermarket product declaration, not a measured stock Porsche rod. No engineering tolerances, operating rpm limit or greater-than-550-PS validation is supplied here.",qualified_only,
MEZGER-P004,"Pauter aftermarket 993-230-580-1270F, manufacturer-listed 993/993 Turbo application",connecting rod,Big-end width,18.75,mm,manufacturer_declaration,"[""SRC-PAUTER-993-TURBO-ROD-PRIMARY""]",Product description and dimension table,"Aftermarket product declaration, not a measured stock Porsche rod. No engineering tolerances, operating rpm limit or greater-than-550-PS validation is supplied here.",qualified_only,
MEZGER-P005,"Pauter aftermarket 993-230-580-1270F, manufacturer-listed 993/993 Turbo application",connecting rod,Small-end bore diameter,23.01,mm,manufacturer_declaration,"[""SRC-PAUTER-993-TURBO-ROD-PRIMARY""]",Product description and dimension table,"Aftermarket product declaration, not a measured stock Porsche rod. No engineering tolerances, operating rpm limit or greater-than-550-PS validation is supplied here.",qualified_only,
MEZGER-P006,"Pauter aftermarket 993-230-580-1270F, manufacturer-listed 993/993 Turbo application",connecting rod,Small-end width,19.58,mm,manufacturer_declaration,"[""SRC-PAUTER-993-TURBO-ROD-PRIMARY""]",Product description and dimension table,"Aftermarket product declaration, not a measured stock Porsche rod. No engineering tolerances, operating rpm limit or greater-than-550-PS validation is supplied here.",qualified_only,
MEZGER-P007,"Pauter aftermarket 993-230-580-1270F, manufacturer-listed 993/993 Turbo application",connecting rod,Declared overall rod mass,535,g,manufacturer_declaration,"[""SRC-PAUTER-993-TURBO-ROD-PRIMARY""]",Product description and dimension table,"Aftermarket product declaration, not a measured stock Porsche rod. No engineering tolerances, operating rpm limit or greater-than-550-PS validation is supplied here.",qualified_only,
MEZGER-P008,"Pauter aftermarket 993-230-580-1270F, manufacturer-listed 993/993 Turbo application",connecting rod,Declared big-end mass,373,g,manufacturer_declaration,"[""SRC-PAUTER-993-TURBO-ROD-PRIMARY""]",Product description and dimension table,"Aftermarket product declaration, not a measured stock Porsche rod. No engineering tolerances, operating rpm limit or greater-than-550-PS validation is supplied here.",qualified_only,
MEZGER-P009,"Pauter aftermarket 993-230-580-1270F, manufacturer-listed 993/993 Turbo application",connecting rod,Set quantity,6,rods,manufacturer_declaration,"[""SRC-PAUTER-993-TURBO-ROD-PRIMARY""]",Product description and dimension table,"Aftermarket product declaration, not a measured stock Porsche rod. No engineering tolerances, operating rpm limit or greater-than-550-PS validation is supplied here.",qualified_only,
MEZGER-P010,Pauter general steel connecting-rod product family,connecting rod,Steel manufacturing routes,Most rods use 4340 steel forgings; special applications outside forging dimensions use 4340 billet,,manufacturer_declaration,"[""SRC-PAUTER-ROD-MATERIALS-PRIMARY""]",4340 Chrome-Moly Connecting Rods,The general statement does not authenticate the manufacturing route of a particular delivered 993 rod. No heat-treatment recipe or hardness is given.,qualified_only,
MEZGER-P011,Pauter custom titanium connecting-rod product family,connecting rod,Titanium grade and stock form,6AL4V titanium bar stock,,manufacturer_declaration,"[""SRC-PAUTER-ROD-MATERIALS-PRIMARY"", ""SRC-PAUTER-ROD-TECHNICAL-PRIMARY""]",Pauter Titanium Connecting Rods,"General custom product offering. No individually confirmed titanium 993 part number, mass, heat treatment or endurance evidence is supplied; the standard 993-230-580-1270F product is 4340 steel.",qualified_only,
MEZGER-P012,Pauter custom titanium connecting-rod product family,connecting rod,Claimed average mass reduction,33,% versus steel counterpart,manufacturer_declaration,"[""SRC-PAUTER-ROD-MATERIALS-PRIMARY""]",Pauter Titanium Connecting Rods,Manufacturer average across products. Do not apply this percentage to the 535 g 993 rod to create a purported measured titanium rod mass.,qualified_only,
MEZGER-P013,Pauter catalogue product nomenclature,connecting rod,F suffix meaning,Factory dimensions rather than custom dimensions,,manufacturer_declaration,"[""SRC-PAUTER-ROD-TECHNICAL-PRIMARY""]",Pauter Rod Naming Convention,This is supplier nomenclature and does not make the part a Porsche factory-made rod or authenticate every stock dimensional tolerance.,qualified_only,
MEZGER-P014,Pauter standard rod-fastener product family,connecting rod bolt,Standard fastener material designation,ARP 2000,,manufacturer_declaration,"[""SRC-PAUTER-ROD-BOLT-FAQ-PRIMARY""]",What is the difference between ARP 625 and ARP 2000 bolts?,Generic Pauter declaration; supplied hardware must be identified for the exact purchased set. No bolt diameter or torque is inferred for the 993 product.,qualified_only,
MEZGER-P015,Pauter description of ARP 2000 rod-fastener material,connecting rod bolt,Material family and treatment,"Heavily alloyed martensitic steel, quenched and tempered",,manufacturer_declaration,"[""SRC-PAUTER-ROD-BOLT-FAQ-PRIMARY""]",ARP 625 versus ARP 2000 FAQ,"Supplier description, not chemical composition or a material certificate for a specific bolt.",qualified_only,
MEZGER-P016,Pauter description of ARP 2000 rod-fastener material,connecting rod bolt,Typical hardness range,"[44, 47]",HRC,manufacturer_declaration,"[""SRC-PAUTER-ROD-BOLT-FAQ-PRIMARY""]",ARP 625 versus ARP 2000 FAQ,"Published typical material figure, not a hardness measurement on an installed fastener.",qualified_only,
MEZGER-P017,Pauter description of ARP 2000 rod-fastener material,connecting rod bolt,Declared tensile strength,220000,psi,manufacturer_declaration,"[""SRC-PAUTER-ROD-BOLT-FAQ-PRIMARY""]",ARP 625 versus ARP 2000 FAQ,"Supplier material rating, not an allowable stress or load rating for an engine assembly.",qualified_only,
MEZGER-P018,Pauter description of optional ARP Custom Age 625+ rod fasteners,connecting rod bolt,Declared tensile strength,260000,psi,manufacturer_declaration,"[""SRC-PAUTER-ROD-BOLT-FAQ-PRIMARY""]",ARP 625 versus ARP 2000 FAQ,"Optional supplier fastener-family rating. Not original Porsche hardware, not Inconel 625 exhaust alloy; exact chemistry and bolt dimensions are not established here.",qualified_only,
MEZGER-P019,Kline Innovation aftermarket Inconel exhaust for Porsche 993 Turbo,exhaust system,Declared alloy,Inconel 625,,manufacturer_declaration,"[""SRC-KLINE-993-TURBO-IN625-MANIFOLDS""]",The Specifics / Materials / Inconel 625,"Manufacturer product declaration. Original Porsche exhaust alloy, tube wall thickness, bore diameters, weld process and heat treatment are not specified.",qualified_only,
MEZGER-P020,Kline Innovation aftermarket Inconel exhaust for Porsche 993 Turbo,exhaust manifold with heat exchanger,Declared mass per manifold,2.9,kg,manufacturer_declaration,"[""SRC-KLINE-993-TURBO-IN625-MANIFOLDS""]",The Specifics / Materials / Inconel 625,"Manufacturer product declaration. Original Porsche exhaust alloy, tube wall thickness, bore diameters, weld process and heat treatment are not specified.",qualified_only,
MEZGER-P021,Kline Innovation aftermarket Inconel exhaust for Porsche 993 Turbo,silencer section,Declared mass,7.2,kg,manufacturer_declaration,"[""SRC-KLINE-993-TURBO-IN625-MANIFOLDS""]",The Specifics / Materials / Inconel 625,"Manufacturer product declaration. Original Porsche exhaust alloy, tube wall thickness, bore diameters, weld process and heat treatment are not specified.",qualified_only,
MEZGER-P022,Kline Innovation aftermarket Inconel exhaust for Porsche 993 Turbo,100-cell X-pipe,Declared mass,8.4,kg,manufacturer_declaration,"[""SRC-KLINE-993-TURBO-IN625-MANIFOLDS""]",The Specifics / Materials / Inconel 625,"Manufacturer product declaration. Original Porsche exhaust alloy, tube wall thickness, bore diameters, weld process and heat treatment are not specified.",qualified_only,
MEZGER-P023,Kline Innovation aftermarket Inconel exhaust for Porsche 993 Turbo,exhaust system downstream of manifolds,Declared total mass,15.6,kg,manufacturer_declaration,"[""SRC-KLINE-993-TURBO-IN625-MANIFOLDS""]",The Specifics / Materials / Inconel 625,"Manufacturer product declaration. Original Porsche exhaust alloy, tube wall thickness, bore diameters, weld process and heat treatment are not specified.",qualified_only,
MEZGER-P024,Kline Innovation aftermarket Inconel exhaust for Porsche 993 Turbo,exhaust system including manifolds,Declared total mass,21.4,kg,manufacturer_declaration,"[""SRC-KLINE-993-TURBO-IN625-MANIFOLDS""]",The Specifics / Materials / Inconel 625,"Manufacturer product declaration. Original Porsche exhaust alloy, tube wall thickness, bore diameters, weld process and heat treatment are not specified.",qualified_only,
MEZGER-P025,Swindon aftermarket 24-valve conversion for air-cooled M64 964/993 engines,intake valve,Diameter,40,mm,manufacturer_declaration,"[""SRC-SWINDON-M64-24V-PRODUCT-SHEET""]",PDF p.4 / Specifications,"Supplier conversion-kit specification, not the original two-valve M64/60. The reviewed product sheet does not give head aluminium grade, valve material, component wall thickness or turbo endurance qualification.",qualified_only,
MEZGER-P026,Swindon aftermarket 24-valve conversion for air-cooled M64 964/993 engines,intake valve,Maximum lift,11.5,mm,manufacturer_declaration,"[""SRC-SWINDON-M64-24V-PRODUCT-SHEET""]",PDF p.4 / Specifications,"Supplier conversion-kit specification, not the original two-valve M64/60. The reviewed product sheet does not give head aluminium grade, valve material, component wall thickness or turbo endurance qualification.",qualified_only,
MEZGER-P027,Swindon aftermarket 24-valve conversion for air-cooled M64 964/993 engines,intake cam profile,Duration at 1 mm lift,255,degrees,manufacturer_declaration,"[""SRC-SWINDON-M64-24V-PRODUCT-SHEET""]",PDF p.4 / Specifications,"Supplier conversion-kit specification, not the original two-valve M64/60. The reviewed product sheet does not give head aluminium grade, valve material, component wall thickness or turbo endurance qualification.",qualified_only,
MEZGER-P028,Swindon aftermarket 24-valve conversion for air-cooled M64 964/993 engines,exhaust valve,Diameter,33,mm,manufacturer_declaration,"[""SRC-SWINDON-M64-24V-PRODUCT-SHEET""]",PDF p.4 / Specifications,"Supplier conversion-kit specification, not the original two-valve M64/60. The reviewed product sheet does not give head aluminium grade, valve material, component wall thickness or turbo endurance qualification.",qualified_only,
MEZGER-P029,Swindon aftermarket 24-valve conversion for air-cooled M64 964/993 engines,exhaust valve,Maximum lift,9.6,mm,manufacturer_declaration,"[""SRC-SWINDON-M64-24V-PRODUCT-SHEET""]",PDF p.4 / Specifications,"Supplier conversion-kit specification, not the original two-valve M64/60. The reviewed product sheet does not give head aluminium grade, valve material, component wall thickness or turbo endurance qualification.",qualified_only,
MEZGER-P030,Swindon aftermarket 24-valve conversion for air-cooled M64 964/993 engines,exhaust cam profile,Duration at 1 mm lift,245,degrees,manufacturer_declaration,"[""SRC-SWINDON-M64-24V-PRODUCT-SHEET""]",PDF p.4 / Specifications,"Supplier conversion-kit specification, not the original two-valve M64/60. The reviewed product sheet does not give head aluminium grade, valve material, component wall thickness or turbo endurance qualification.",qualified_only,
MEZGER-P031,Swindon aftermarket 24-valve conversion for air-cooled M64 964/993 engines,cylinder-head kit,Compatible bore range,"[95, 102.7]",mm,manufacturer_declaration,"[""SRC-SWINDON-M64-24V-PRODUCT-SHEET""]",PDF p.4 / Specifications,"Supplier conversion-kit specification, not the original two-valve M64/60. The reviewed product sheet does not give head aluminium grade, valve material, component wall thickness or turbo endurance qualification.",qualified_only,
MEZGER-P032,Swindon aftermarket 24-valve conversion for air-cooled M64 964/993 engines,cylinder-head kit with Swindon pistons,Published nominal compression-ratio range,11.5:1 to 12:1,,manufacturer_declaration,"[""SRC-SWINDON-M64-24V-PRODUCT-SHEET""]",PDF p.4 / Specifications,"Supplier conversion-kit specification, not the original two-valve M64/60. The reviewed product sheet does not give head aluminium grade, valve material, component wall thickness or turbo endurance qualification.",qualified_only,
MEZGER-P033,Swindon aftermarket 24-valve conversion for air-cooled M64 964/993 engines,cylinder head,Published chamber volume,16.6,cm3,manufacturer_declaration,"[""SRC-SWINDON-M64-24V-PRODUCT-SHEET""]",PDF p.4 / Specifications,"Supplier conversion-kit specification, not the original two-valve M64/60. The reviewed product sheet does not give head aluminium grade, valve material, component wall thickness or turbo endurance qualification.",qualified_only,
MEZGER-P034,Swindon aftermarket 24-valve conversion for air-cooled M64 964/993 engines,valvetrain,Claimed designed engine-speed capability,12000,rpm,manufacturer_declaration,"[""SRC-SWINDON-M64-24V-PRODUCT-SHEET""]",PDF p.2 and p.4,"Supplier valvetrain design figure. It is not a verified rpm limit for a stock M64/60 crankshaft, rods, turbochargers or completed boosted engine.",qualified_only,
MEZGER-P035,Swindon aftermarket 24-valve conversion for air-cooled M64 964/993 engines,cylinder-head kit,Claimed mass reduction versus standard 993 heads,3.5,kg,manufacturer_declaration,"[""SRC-SWINDON-M64-24V-PRODUCT-SHEET""]",PDF p.2,Supplier kit comparison with an unspecified measurement convention. It does not establish the individual head mass or the OEM head alloy.,qualified_only,
