path,url,title,publisher,accessed_on,capture_sha256,capture_representation,source_id,acquisition_status,edition,research_source_id,document_code,authorship_verified,source_authenticity,published_at,reviewed_capture_url,capture_url_verification
catalog/sources/src-kline-993-turbo-in625-manifolds.json,https://www.kline-innovation.com/exhaust-collection/porsche/993-2/porsche-993-turbo/,Kline Innovation Porsche 993 Turbo exhaust: Inconel 625 weights,Kline Innovation,2026-10-03,6156d32c811eda2007bd4f452ecfa4922f4b66f2408458fa3d82af4a66cd47c7,HTML converted to text; scripts/styles removed; whitespace normalized,SRC-KLINE-993-TURBO-IN625-MANIFOLDS,,,,,,,,,
catalog/sources/src-mezger-aircooled-gt2-road-coppa-florio-2024.json,https://newsroom.porsche.com/en/2024/scene-passion/porsche-911-993-gt2-coppa-florio-36266.html,,,,7715766e2722b503484d40589fdaacbb9c5603e180e63750c6b7d8d1f3a8f56c,,SRC-MEZGER-AIRCOOLED-GT2-ROAD-COPPA-FLORIO-2024,,,,,,,,,
catalog/sources/src-mezger-aircooled-gt2-road-jan-2019.json,https://newsroom.porsche.com/en/2019/history/porsche-911-gt2-whatsapp-founder-jan-koum-walter-roehrl-frank-troche-14804.html,,,,3714ef47c05386b62cb996fd5ccc8ac0d9a5672cc7831199b224ee518d2279f0,,SRC-MEZGER-AIRCOOLED-GT2-ROAD-JAN-2019,,,,,,,,,
catalog/sources/src-mezger-materials-ferrea-porsche-application-exclusion.json,https://www.ferrea.com/porsche-super-alloy-engine-valves/p536,,,2026-10-03,0b2461e22a1a9b7e20759c1bf23da01f25515e694c4c6cab8c9b545382e47a91,,SRC-MEZGER-MATERIALS-FERREA-PORSCHE-APPLICATION-EXCLUSION,HTTP 200,,,,,,,,
catalog/sources/src-mezger-materials-ferrea-valve-generic-material.json,https://www.ferrea.com/competition-plus-valves/c167,,,2026-10-03,ce193895a8fa8d0e3f11db56b2243a65e4dac86a0b3918cf0293f1d404ecfce7,,SRC-MEZGER-MATERIALS-FERREA-VALVE-GENERIC-MATERIAL,HTTP 200,,,,,,,,
catalog/sources/src-mezger-materials-ln-930-billet-heads.json,https://lnengineering.com/ln-engineering-billet-porsche-3-0-3-2-3-3-930-cylinder-heads/,,,2026-10-03,56e5889356d4a067e6ce57de2989abd8954f1c2aee25b927c4a13caf1c6055ca,,SRC-MEZGER-MATERIALS-LN-930-BILLET-HEADS,HTTP 200,,,,,,,,
catalog/sources/src-mezger-materials-ln-993rs-billet-heads.json,https://lnengineering.com/ln-engineering-billet-porsche-993rs-cylinder-heads/,,,2026-10-03,ae617e380d1cbb4f782ff5b62297b42de4980c4d7e4d875cfdbacfabe3ef0d34,,SRC-MEZGER-MATERIALS-LN-993RS-BILLET-HEADS,HTTP 200,,,,,,,,
catalog/sources/src-mezger-materials-ln-aircooled-piston-guide.json,https://lnengineering.com/porsche-pistons-and-porsche-cylinders-the-ultimate-guide-for-air-cooled-911-engines/,,,2026-10-03,eeb208d8ef33578dd54115a9254776dad209464105090b8cb0858291bea59db8,,SRC-MEZGER-MATERIALS-LN-AIRCOOLED-PISTON-GUIDE,HTTP 200,,,,,,,,
catalog/sources/src-mezger-materials-ln-nickies-manufacturing.json,https://lnengineering.com/products/porsche-and-vw-aircooled-cylinders-and-pistons/how-are-nickies-made/,,,2026-10-03,a71011cf52bd19fa74599a7f71568b62099da42cb39747cd26b25c085ffdd672,,SRC-MEZGER-MATERIALS-LN-NICKIES-MANUFACTURING,HTTP 200,,,,,,,,
catalog/sources/src-mezger-materials-ln-nickies-material-faq.json,https://lnengineering.com/products/porsche-and-vw-aircooled-cylinders-and-pistons/,,,2026-10-03,91c0b4f0cbbc99a1425d838b7d5736445a77c2d9b907c7fcf5b86428784a6664,,SRC-MEZGER-MATERIALS-LN-NICKIES-MATERIAL-FAQ,HTTP 200,,,,,,,,
catalog/sources/src-mezger-materials-ln-nsc-plating-faq.json,https://lnengineering.com/products/nickel-silicon-carbide-nsc-cylinder-reconditioning-and-plating-process-for-porsche-nikasil-cylinders/,,,2026-10-03,6da3c4cdadc794d715acb5980f47ff370eefb38abcaaf364b107f1bae696dc2d,,SRC-MEZGER-MATERIALS-LN-NSC-PLATING-FAQ,HTTP 200,,,,,,,,
catalog/sources/src-mezger-materials-mahle-aircooled-assembly-2020.json,https://www.us.mahle.com/media/usa/motorsports/porsche-air-cooled-and-cylinder-assembly-instructions-2020.pdf,,,2026-10-03,3a700fce00df46f038cdf3370dce730c43c797a15d247775656f8ca3686db8b5,,SRC-MEZGER-MATERIALS-MAHLE-AIRCOOLED-ASSEMBLY-2020,HTTP 200,2020-05 (5/20 on final page),,,,,,,
catalog/sources/src-mezger-materials-mahle-porsche-guide-2024.json,https://www.us.mahle.com/media/usa/motorsports/2024-mahle-motorsport-porsche-application-guide-2.pdf,,,2026-10-03,dc0fac40e5d44bb7ebd8c5d84a4d3b8cca4931044c58d94ec48895c87730dfe2,,SRC-MEZGER-MATERIALS-MAHLE-PORSCHE-GUIDE-2024,HTTP 200,2024 (filename; publication day not shown),,,,,,,
catalog/sources/src-mezger-materials-xtreme-rr350-heads.json,https://www.xtremecylinderheads.com/programs,,,2026-10-03,c214ae36fbaf9fd03f40cdf9ccb18980a185693687e71149d3db68eebe31f4a9,,SRC-MEZGER-MATERIALS-XTREME-RR350-HEADS,HTTP 200,,,,,,,,
catalog/sources/src-mezger-root-pauter-993-turbo-rod-primary.json,https://pauter.com/shop/rods/porsche/porsche-993-993-turbo-rods/,Pauter 993-230-580-1270F connecting rods for Porsche 993 and 993 Turbo,Pauter Machine Company,2026-10-03,1531780b429c5bad3bdcf0284af0f9756a7f43439744c1c245c05c90d387dbc9,HTML converted to text; scripts/styles removed; whitespace normalized,SRC-PAUTER-993-TURBO-ROD-PRIMARY,,,,,,,,,
catalog/sources/src-mezger-root-pauter-rod-bolt-faq-primary.json,https://pauter.com/parts/technical/faq/rods/,Pauter Rod FAQ: ARP 2000 and Custom Age 625+ fasteners,Pauter Machine Company,2026-10-03,9f59eb76ec30c41b0a8f51b4924704f605183d44e1843d0107caf155bdd23730,HTML converted to text; scripts/styles removed; whitespace normalized,SRC-PAUTER-ROD-BOLT-FAQ-PRIMARY,,,,,,,,,
catalog/sources/src-mezger-root-pauter-rod-materials-primary.json,https://pauter.com/parts/rods/,Pauter connecting rods: 4340 steel and 6AL4V titanium product families,Pauter Machine Company,2026-10-03,d4288ca38f2b66293c7495d3f21dae289a1fe815fa91089dadc3fb402d70ecf6,HTML converted to text; scripts/styles removed; whitespace normalized,SRC-PAUTER-ROD-MATERIALS-PRIMARY,,,,,,,,,
catalog/sources/src-mezger-root-pauter-rod-technical-primary.json,https://pauter.com/parts/technical/rod-info/,Pauter Rod Info: manufacture and product nomenclature,Pauter Machine Company,2026-10-03,c375dce5bbdb8b6681cd236fe8583fa38100966e6571c27db0afe4634c092dc6,HTML converted to text; scripts/styles removed; whitespace normalized,SRC-PAUTER-ROD-TECHNICAL-PRIMARY,,,,,,,,,
catalog/sources/src-porsche-air-cooled-engine-repair-pubstack.json,https://raw.githubusercontent.com/pubstack/pubstack.github.io/master/static/993/Technical%20-%20After%20Sales%20Training%20-%20Air%20Cooled%20Engine%20Repair.pdf,,,,b6144b5f23865d6e39b393b73f42505b618030115a3ff928c40b5d7fd62e9444,,SRC-PORSCHE-AIR-COOLED-ENGINE-REPAIR-PUBSTACK,,,,,,,,,
catalog/sources/src-mezger-watercooled-porsche-997-gt2-brochure-2008.json,https://www.auto-brochures.com/makes/Porsche/911/997/Porsche_int%20911GT2_2008.pdf,,,,f6f5059d3f170952c754e0de12ba587832f057bf41680ff29fe0668d515a4fd0,,SRC-PORSCHE-MEZGER-997-GT2-BROCHURE-2008,,03/2008,porsche-997-gt2-brochure-2008,WVK 235 320 09 GB/WW,PDF page54 colophon,,,,
catalog/sources/src-mezger-watercooled-porsche-997-gt2rs-brochure-2010.json,https://www.auto-brochures.com/makes/Porsche/911/997/Porsche_int%20911GT2_2010.pdf,,,,20b9f5a3af45f5ff7e85555cd8333d9e254ac4ae40195d31433f537d54cd0c6b,,SRC-PORSCHE-MEZGER-997-GT2RS-BROCHURE-2010,,01/2010,porsche-997-gt2rs-brochure-2010,WSLC 1001000320 GB/WW,PDF page34 colophon,,,,
catalog/sources/src-mezger-watercooled-porsche-997-turbo-brochure-2006.json,https://www.auto-brochures.com/makes/Porsche/911/997/Porsche_int%20911Turbo_2006.pdf,,,,eee8f3b19ce5002c4bd713190265563ab474b78c8add321c3f9771aa7b52f2d8,,SRC-PORSCHE-MEZGER-997-TURBO-BROCHURE-2006,,12/2005,porsche-997-turbo-brochure-2006,WVK 220 820 06 E/WW,PDF page60 colophon,,,,
catalog/sources/src-mezger-watercooled-porsche-997-turbo-brochure-2010-boundary.json,https://www.auto-brochures.com/makes/Porsche/911/997/Porsche_int%20911Turbo_2010.pdf,,,,91454b8083ef05f6ff338b62f254be23798c451f3862ad0ae4549e1aa7071c43,,SRC-PORSCHE-MEZGER-997-TURBO-BROCHURE-2010-BOUNDARY,,11/2009,porsche-997-turbo-brochure-2010-boundary,WSLP1101000225 GB/UK,PDF page58 colophon,,,,
catalog/sources/src-mezger-watercooled-porsche-classic-996-turbo.json,https://www.porsche.com/international/accessoriesandservice/classic/models/996/996-turbo/,,,,d289c7ade47536ad4211c873afa99248a3444dd814c392e24456d776b8b60368,,SRC-PORSCHE-MEZGER-CLASSIC-996-TURBO,,,porsche-classic-996-turbo,,,,,,
catalog/sources/src-mezger-watercooled-porsche-classic-997-turbo.json,https://www.porsche.com/international/accessoriesandservice/classic/models/997/997-turbo/,,,,781e582df4cd0c5a357d85cb323f436076ad6204e5153fe49ca62af86af79d08,,SRC-PORSCHE-MEZGER-CLASSIC-997-TURBO,,,porsche-classic-997-turbo,,,,,,
catalog/sources/src-mezger-watercooled-gt3-9971-brochure.json,https://www.auto-brochures.com/makes/Porsche/911/997/Porsche_US%20911GT3_2007.pdf,,,,43e7bd5e228521f6e4f659255c2fa992f369bf4a8c96c3c6a3b5b186f31cd6b2,,SRC-PORSCHE-MEZGER-GT3-9971-BROCHURE,,07/06,gt3-9971-brochure,WVK 227 020 07 E/WW,,"Original Porsche publication identified by colophon (PDF p54); mirror file name US is not the publication market, which is E/WW",,,
catalog/sources/src-mezger-watercooled-gt3-9972-brochure.json,https://www.auto-brochures.com/makes/Porsche/911/997/Porsche_int%20911GT3_2009.pdf,,,,96a3aeb25e1263012e35bcf26b2b86546c3ffa6637bfdf2bbae640cb94d7ed4a,,SRC-PORSCHE-MEZGER-GT3-9972-BROCHURE,,12/08,gt3-9972-brochure,WSLC0901123720 GB/WW,,Original Porsche publication identified by colophon (PDF p50),,,
catalog/sources/src-mezger-watercooled-gt3-9972-rs-brochure.json,https://www.auto-brochures.com/makes/Porsche/911/997/Porsche_int%20911GT3_2010.pdf,,,,812ef85d4bc6adb21861be444617202a501369023ba65a9abc7ab5d309e64e74,,SRC-PORSCHE-MEZGER-GT3-9972-RS-BROCHURE,,09/09,gt3-9972-rs-brochure,WSLG1001000120 GB/WW,,Original Porsche publication identified by colophon (PDF p52),,,
catalog/sources/src-mezger-watercooled-gt3-history-current.json,https://newsroom.porsche.com/en/press-kits/911-GT3/History--911-GT3.html,,,,d11cbcd19a0919a8b3e31d79492cfc3e0951cee319921eda25a87d8fbe8e9d82,,SRC-PORSCHE-MEZGER-GT3-HISTORY-CURRENT,,,gt3-history-current,,,,,,
catalog/sources/src-mezger-watercooled-porsche-history-996-2018.json,https://newsroom.porsche.com/en/history/porsche-911-seven-generations-part-5-typ-996-16487.html,,,,ed7b7bfc7ec57d9d328f22a0a6170ead4a35a60a370142e3a5d239aa1d69be1d,,SRC-PORSCHE-MEZGER-HISTORY-996-2018,,,porsche-history-996-2018,,,,2018-11-25,,
catalog/sources/src-mezger-watercooled-porsche-history-997-2018.json,https://newsroom.porsche.com/en/history/porsche-911-seven-generations-part-6-type-997-16489.html,,,,89ee7cffda8137d9a1fef1edafa67ffbdb2cde7c6d5dbf4df031a972c41ba64a,,SRC-PORSCHE-MEZGER-HISTORY-997-2018,,,porsche-history-997-2018,,,,2018-11-26,,
catalog/sources/src-mezger-watercooled-porsche-museum-gt1-98.json,https://newsroom.porsche.com/en/press-kits/Porsche-Museum/Porsche-911-GT1-%E2%80%9898.html,,,,0a903939d0d952e7a47c8932da1cb3f3c15be2687d215099041fc53740a6ba56,,SRC-PORSCHE-MEZGER-MUSEUM-GT1-98,,,porsche-museum-gt1-98,,,,,,
catalog/sources/src-mezger-racing-930-road-history.json,https://newsroom.porsche.com/en/press-kits/50-years-porsche-turbo/The-911-Turbo-generations.html,,,,81fec230ed79ce0145dd21f5ea6db9b5a635e230d5ecd0891d1300243b28562d,,SRC-PORSCHE-MEZGER-RACING-930-ROAD-HISTORY,,,,,,,,,
catalog/sources/src-mezger-racing-959-alloy-cooling.json,https://newsroom.porsche.com/en/history/porsche-history-959-iaa-cut-away-model-12386.html,,,,6e7e1745648f0ab78d4d3e32885d8da099983ea484387a59fce8ad06385032eb,,SRC-PORSCHE-MEZGER-RACING-959-ALLOY-COOLING,,,,,,,,,
catalog/sources/src-mezger-racing-959-s-turbos.json,https://newsroom.porsche.com/en/2022/history/porsche-classic-959-s-factory-restoration-nick-heidfeld-28934.html,,,,099958a1a7c722dc68a2316fc19fec99a2ea519ff36d1ad41d53fe3bc44b2d97,,SRC-PORSCHE-MEZGER-RACING-959-S-TURBOS,,,,,,,,,
catalog/sources/src-mezger-racing-mezger-original-lineage.json,https://newsroom.porsche.com/en/2020/company/porsche-mourns-death-of-hans-mezger-21199.html,,,,41a0382c997f195e70f3d0010f0e6464b81d61d8d926f57db70edeb99e362c2a,,SRC-PORSCHE-MEZGER-RACING-MEZGER-ORIGINAL-LINEAGE,,,,,,,,,
catalog/sources/src-mezger-racing-museum-93578.json,https://newsroom.porsche.com/en/press-kits/Porsche-Museum/Porsche-935-78-„Moby-Dick“.html,,,,b9a12e7cac3c50db9b30411086b910bbdff512c4368d06c225b624c6158757b8,,SRC-PORSCHE-MEZGER-RACING-MUSEUM-93578,,,,,,,,,
catalog/sources/src-mezger-racing-museum-956.json,https://newsroom.porsche.com/en/press-kits/Porsche-Museum/Porsche-956.html,,,,1cf7fb7da034daabfc793102774e540526bd7130f879db2f90b0e0fe63986d47,,SRC-PORSCHE-MEZGER-RACING-MUSEUM-956,,,,,,,,,
catalog/sources/src-mezger-racing-museum-959.json,https://newsroom.porsche.com/en/press-kits/Porsche-Museum/Porsche-959-Coupé.html,,,,703eb9a2ddea15356b07b760296a34cc1aa9b48734a4d7f37726d1d3783ae678,,SRC-PORSCHE-MEZGER-RACING-MUSEUM-959,,,,,,,,,
catalog/sources/src-mezger-racing-sae780718-abstract-lead.json,https://saemobilus.sae.org/papers/turbocharging-engines-racing-passenger-cars-780718,,,,5f3d1321cb50994747ddf3ec8247c5d8fc01f44bd118b1d4629df8d4e5a232db,,SRC-PORSCHE-MEZGER-RACING-SAE780718-ABSTRACT-LEAD,,,,,,,,,
catalog/sources/src-mezger-racing-sae830004-alloy390-lead.json,https://doi.org/10.4271/830004,,,,9853ca3432a5bbe1bafe2812dbbbcb427cdb9db84335e036041286ab3d03b211,,SRC-PORSCHE-MEZGER-RACING-SAE830004-ALLOY390-LEAD,,,,,,,,,
catalog/sources/src-mezger-racing-turbo-motorsport-history.json,https://newsroom.porsche.com/en/press-kits/50-years-porsche-turbo/Porsche-and-turbo-technology-in-motorsport--from-pioneer-to-world-champion.html,,,,4f5fc8251d934d037cafe465ba6056e88bfc12992c549c8ecf791c022793fda8,,SRC-PORSCHE-MEZGER-RACING-TURBO-MOTORSPORT-HISTORY,,,,,,,,,
catalog/sources/src-porsche-pet-993.json,https://a.storyblok.com/f/332100/f97ce31af4/kat017-e-911-98-katalog.pdf,,,,b67cf3586f9a92bee5ccc8e84462515231c84ddd23c610e4a2e739fedb1166aa,,SRC-PORSCHE-PET-993,,,,,,,,,
catalog/sources/src-porsche-uk-993-turbo-brochure-1995.json,https://raw.githubusercontent.com/pubstack/pubstack.github.io/master/static/993/Brochure%20-%20Porsche%20UK%20993%20-%20the%20Turbo%20%5B1995%5D.pdf,,,,1311fc0a3b993f13ad265024b535f26814e92ed25d3b9dc27aae94e6fb20f64e,,SRC-PORSCHE-UK-993-TURBO-BROCHURE-1995,,,,,,,,,
catalog/sources/src-porsche-workshop-manual-993.json,https://www.pelicanparts.com/More_Info/WKD483121.htm?pn=WKD-483-121-OEM,,,,3f691ded1ab781c5d9912a7920e62f5c9000e57f4a23e2a737f508a85037f4ca,,SRC-PORSCHE-WORKSHOP-MANUAL-993,,,,,,,,https://raw.githubusercontent.com/pubstack/pubstack.github.io/master/static/993/Porsche_993_Workshop_Repair_Manual_I.pdf,Inspected public Volume I; canonical source URL remains the existing literature product record.
catalog/sources/src-mezger-root-swindon-m64-24v-product-sheet.json,https://swindonpowertrain.com/wp-content/uploads/2025/10/M64-24V-Cylinder-Head-Kit-Product-Sheet-0923.pdf,"Swindon Powertrain 24-valve air-cooled cylinder-head kit for M64 engines, product sheet 0923",Swindon Powertrain,2026-10-03,bdca4c05a989fbeb49c9517813561cbe955d4d87ebe8e464cff43fd9772adbfa,Original PDF,SRC-SWINDON-M64-24V-PRODUCT-SHEET,,,,,,,,,
