sujet;fichier;ancien;constat;action
Rapport volumétrique;catalog/sources/src-porsche-uk-993-turbo-brochure-1995.json;9,5:1;S01 PDF p.22 : 8,0:1 pour Turbo 408 ch.;"Corriger à 8,0:1 dans cette fiche ; conserver la variante."
Pression de suralimentation;Même fiche;"1,0 bar ; 350 kPa absolus";S01 p.6 et S04 : 0,8 bar. 1,0 bar relatif + ambiance 1,0 = 200 kPa absolus, pas 350.;"Corriger et distinguer relatif/absolu ; aucune valeur 350 kPa acceptée."
Lien brochure;Même fiche;https://anstack.github.io/porsche/pdfs/993/993-turbo.pdf;"HTTP 404 le 02/10/2026 ; copie pubstack fonctionne.";Remplacer le lien documentaire, conserver la provenance Porsche.
Masse moteur / capacité huile;Même fiche;"232 kg à sec ; 12 L";S01 p.22 ne fournit ni cette masse moteur ni cette capacité. 232 kg apparaît dans la fiche Carrera S17.;"Retirer attribution à la brochure Turbo ; rechercher une fiche M64.60 spécifique."
Source Engine Specifications;catalog/sources/src-porsche-993-obd-supplement-engine-specifications-1996.json;Lien Hydraulic lifters_1997_610297.pdf présenté comme spécifications moteur;"Le PDF lié est le bulletin poussoirs S08 ; il ne contient ni le débit 1010 L/s ni le rapport ventilateur.";Corriger le titre / URL et citer S06 uniquement comme Carrera.
Données Carrera étendues à Turbo;Même fiche et registres manuel Carrera;"Rapport fan 1,6 ; débit 1010 L/s ; autres valeurs communes";La brochure Turbo dit +15 % et le PET identifie des pièces de ventilateur Turbo distinctes.;"Limiter l’application à Carrera ; calcul Turbo absolu laissé à confirmer."
Allumage;Toute synthèse 993 issue de données Carrera;Risque de copie double allumage / 12 bougies;S02 p.596 : un allumeur, une bobine, six bougies M64.60.;Fiche Turbo spécifique : allumage simple.
Ventilateur et carter;Sources fan-wheel Carrera et fan-housing 99310666703;96410601531 / 99310666703 généralisés à la Turbo;"S02 p.78 : Turbo 96410601521/22 ; carter 99310666750.";Ne pas transférer masses / alliages commerciaux Carrera à la Turbo.
Goujons M8 × 22;catalog/sources/src-porsche-993-us-parts-guide-engine-cylinders.json;12 goujons M8x22 par culasse;"S02 p.54 : quantité 12 dans la nomenclature modèle, pas 12 par culasse ; goujons de maintien culasse séparés, quantité 24.";"Corriger le niveau de quantité ; ne pas transformer la nomenclature en plan de fixation."
Nuance des pistons;Toute reprise des données MAHLE Motorsport 3,8 L;2618 / 468 g attribués au piston OEM 3,6 L;"S19 décrit un kit MAHLE PP102-012N aftermarket distinct de la série ; sa fiche n’a pas été relue ici.";"Garder cette distinction ; OEM composition inconnue."
Température turbo;catalog/sources/src-borgwarner-993-k16-performance-catalog.json;950 / 980 °C repris comme contraintes K16;"S03 p.56 est le tableau des turbos upgrade ; aucune mesure de température sur K16 de série.";Conserver seulement la déclaration fabricant dans son contexte upgrade.
Ratio A/R;Sources TurboMaster K16;A/R 8.00;Affichage confirmé, mais convention KKK non clarifiée.;"Conserver transcription avec réserve ; ne pas calculer une géométrie sur cette valeur."
Gicleur court;Comparaison S09 / S02;"S09 : 21,5 mm ; PET : 22,5 mm pour 96410102000";"Désaccord documentaire non résolu ; gicleur long Turbo 33,5 mm concordant.";"Pas de normalisation du court ; aucune fabrication depuis cette cote."
Vis support moteur;S14 bulletin supports;"Corps M12×1,5×125 ; tableau M12×1,2×125";Discordance interne du document.;Recouper le numéro 90008211809 dans le PET avant usage atelier.
Fiche S06 elle-même;Technical - Engine Specifications.pdf;Carrera M64/23–24, 285 PS, mais Bi-Turbo écrit sur D-2 et couple à 6300 rpm sur D-1;Plusieurs anomalies du document source, pas seulement de l’OCR.;"Document de contexte ; ne pas le promouvoir comme fiche Turbo de référence."
