id;categorie;parametre;valeur;unite;statut;application;source;localisation;commentaire
D001;Identité et géométrie;Code moteur;M64.60;;Usine vérifié;M64/60 — Turbo 408 ch;S05;Index modèles PDF p.6;"M64/60 est l’identifiant usine utile ; « Mezger » désigne sa filiation technique."
D002;Identité et géométrie;Architecture;Boxer, six cylindres opposés;;Usine vérifié;M64/60 — Turbo 408 ch;S01;PDF p.22;
D003;Identité et géométrie;Cycle;4 temps, essence;;Usine vérifié;M64/60 — Turbo 408 ch;S01;PDF p.22;
D004;Identité et géométrie;Nombre de cylindres;6;;Usine vérifié;M64/60 — Turbo 408 ch;S01;PDF p.22;
D005;Identité et géométrie;Bancs;2;;Usine vérifié;M64/60 — Turbo 408 ch;S01;PDF p.22;Comptage dérivé de la configuration publiée.
D006;Identité et géométrie;Cylindres par banc;3;;Usine vérifié;M64/60 — Turbo 408 ch;S01;PDF p.22;Comptage dérivé de la configuration publiée.
D007;Identité et géométrie;Alésage nominal;100;mm;Usine vérifié;M64/60 — Turbo 408 ch;S01;PDF p.22;
D008;Identité et géométrie;Course;76.4;mm;Usine vérifié;M64/60 — Turbo 408 ch;S01;PDF p.22;
D009;Identité et géométrie;Cylindrée publiée;3600;cm³;Usine vérifié;M64/60 — Turbo 408 ch;S01;PDF p.22;
D010;Identité et géométrie;Rapport volumétrique;8;à 1;Usine vérifié;M64/60 — Turbo 408 ch;S01;PDF p.22;
D011;Identité et géométrie;Soupapes par cylindre;2;;Usine vérifié;M64/60 — Turbo 408 ch;S01;PDF p.22;
D012;Identité et géométrie;Soupapes totales;12;;Usine vérifié;M64/60 — Turbo 408 ch;S01;PDF p.22;Comptage dérivé de la configuration publiée.
D013;Performance et électricité;Puissance nominale;300;kW;Usine vérifié;M64/60 — Turbo 408 ch;S01;PDF p.22;
D014;Performance et électricité;Puissance nominale métrique;408;ch / PS;Usine vérifié;M64/60 — Turbo 408 ch;S01;PDF p.22;"La brochure écrit 408 hp ; 300 kW correspond à environ 408 PS et 402 hp mécaniques."
D015;Performance et électricité;Régime de puissance nominale;5750;tr/min;Usine vérifié;M64/60 — Turbo 408 ch;S01;PDF p.22;
D016;Performance et électricité;Couple maximal;540;N·m;Usine vérifié;M64/60 — Turbo 408 ch;S01;PDF p.22;
D017;Performance et électricité;Régime du couple maximal;4500;tr/min;Usine vérifié;M64/60 — Turbo 408 ch;S01;PDF p.22;
D018;Performance et électricité;Carburant prescrit dans la brochure;98;RON;Usine vérifié;M64/60 — Turbo 408 ch;S01;PDF p.22;
D019;Performance et électricité;Alternateur;115;A;Usine vérifié;M64/60 — Turbo 408 ch;S01;PDF p.22;
D020;Performance et électricité;Puissance électrique annoncée;1610;W;Usine vérifié;M64/60 — Turbo 408 ch;S01;PDF p.22;
D021;Performance et électricité;Puissance démarreur;1.7;kW;Usine vérifié;M64/60 — Turbo 408 ch;S01;PDF p.22;
D022;Performance et électricité;Vitesse maximale de la voiture;290;km/h;Usine vérifié;M64/60 — Turbo 408 ch;S01;PDF p.22;Vitesse du véhicule, pas d’une pièce moteur.
D023;Performance et électricité;0–100 km/h;4.5;s;Usine vérifié;M64/60 — Turbo 408 ch;S01;PDF p.22;
D024;Performance et électricité;Embrayage;240;mm;Usine vérifié;M64/60 — Turbo 408 ch;S01;PDF p.22;Diamètre publié, volant bimasse.
D025;Variantes;Augmentation de puissance usine;430;ch / PS;Usine vérifié;Turbo avec augmentation de puissance, dès MY1996 selon S22;S22;Section Engines;Ne pas attribuer les valeurs de couple / calibration de cette variante au 408 ch sans document spécifique.
D026;Variantes;Turbo S / pack 450 ch;450;ch / PS;Usine vérifié;Turbo S / pack 450 selon marché et millésime;S22;Section Engines;"S22 cite MY1998 ; vérifier millésime et marché pour une voiture donnée."
D027;Suralimentation et admission;Disposition des turbos;Parallèle;;Usine vérifié;M64/60 — Turbo 408 ch;S04;Section 911 Turbo (993);
D028;Suralimentation et admission;Nombre de turbos;2;;Usine vérifié;M64/60 — Turbo 408 ch;S04;Section 911 Turbo (993);
D029;Suralimentation et admission;Turbos par banc;1;;Usine vérifié;M64/60 — Turbo 408 ch;S04;Section 911 Turbo (993);
D030;Suralimentation et admission;Wastegates;Intégrées aux turbos;;Usine vérifié;M64/60 — Turbo 408 ch;S04;Section 911 Turbo (993);
D031;Suralimentation et admission;Pression de suralimentation maximale;0.8;bar relatif;Usine vérifié;M64/60 — Turbo 408 ch;S04;Section 911 Turbo (993);
D032;Suralimentation et admission;Refroidissement de charge;Deux intercoolers / circuits air-air;;Usine vérifié;M64/60 — Turbo 408 ch;S01;PDF p.6;La présentation en deux circuits ne constitue pas deux références PET distinctes pour l’ensemble échangeur.
D033;Suralimentation et admission;Bypass;Deux soupapes de bypass;;Usine vérifié;M64/60 — Turbo 408 ch;S01;PDF p.6;La présentation en deux circuits ne constitue pas deux références PET distinctes pour l’ensemble échangeur.
D034;Suralimentation et admission;Catalyseurs;Deux;;Usine vérifié;M64/60 — Turbo 408 ch;S01;PDF p.6;La présentation en deux circuits ne constitue pas deux références PET distinctes pour l’ensemble échangeur.
D035;Suralimentation et admission;Débitmètre;Un capteur de masse d’air à film chaud;;Usine vérifié;M64/60 — Turbo 408 ch;S01;PDF p.6;La présentation en deux circuits ne constitue pas deux références PET distinctes pour l’ensemble échangeur.
D036;Suralimentation et admission;Injection;Séquentielle, gestion électronique;;Usine vérifié;M64/60 — Turbo 408 ch;S01;PDF p.22;
D037;Suralimentation et admission;Gestion;"Motronic ; régulation anti-cliquetis";;Usine vérifié;M64/60 — Turbo 408 ch;S01;PDF p.7 et p.22;
D038;Suralimentation et admission;Réaction au cliquetis;Retard d’allumage et réduction de pression de suralimentation;;Usine vérifié;M64/60 — Turbo 408 ch;S01;PDF p.7;
D039;Suralimentation et admission;Surveillance émissions;OBD II, sondes d’oxygène additionnelles après catalyseurs;;Usine vérifié;M64/60 — Turbo 408 ch;S01;PDF p.7;"Équipement/calibration à vérifier par marché et millésime ; brochure UK février 1995."
D040;Refroidissement et lubrification;Refroidissement principal;"Air forcé ; cylindres à ailettes";;Usine vérifié;M64/60 — Turbo 408 ch;S01;PDF p.7;
D041;Refroidissement et lubrification;Trajet air moteur;Grille d’aileron → échangeur → ventilateur → ailettes → évacuation vers le sol;;Usine vérifié;M64/60 — Turbo 408 ch;S01;PDF p.7;
D042;Refroidissement et lubrification;Régime du ventilateur par rapport à la référence de Porsche;Augmenté de 15;%;Usine vérifié;M64/60 — Turbo 408 ch;S01;PDF p.7;La brochure ne donne pas ici le rapport absolu vilebrequin/ventilateur ni la référence de comparaison chiffrée.
D043;Refroidissement et lubrification;Matériaux du système de refroidissement;"Aluminium pour éléments fortement sollicités ; composites synthétiques ou magnésium pour éléments moins sollicités";;Usine vérifié;M64/60 — Turbo 408 ch;S01;PDF p.7;"Déclaration globale ; aucune cartographie pièce → nuance précise."
D044;Refroidissement et lubrification;Graissage;Carter sec, réservoir séparé;;Architecture recoupée;M64/60 — Turbo 408 ch;"S02; S06";"PET groupes huile ; S06 D-3";"Les capacités, débits et pressions exacts doivent venir d’un document M64.60 ; la fiche S06 est Carrera."
D045;Refroidissement et lubrification;Gicleurs de refroidissement piston;6 longs;;Usine vérifié;M64/60 — Turbo 408 ch;S09;PDF p.2;Bulletin : ne pas réusiner l’alésage. Le millésime est MY1996 et suivants.
D046;Refroidissement et lubrification;Longueur gicleur long;33.5;mm;Usine vérifié;M64/60 — Turbo 408 ch;S09;PDF p.2;Bulletin : ne pas réusiner l’alésage. Le millésime est MY1996 et suivants.
D047;Refroidissement et lubrification;Diamètre gicleur standard;6.3;mm;Usine vérifié;M64/60 — Turbo 408 ch;S09;PDF p.2;Bulletin : ne pas réusiner l’alésage. Le millésime est MY1996 et suivants.
D048;Refroidissement et lubrification;Diamètre gicleur surcote;6.7;mm;Usine vérifié;M64/60 — Turbo 408 ch;S09;PDF p.2;Bulletin : ne pas réusiner l’alésage. Le millésime est MY1996 et suivants.
D049;Refroidissement et lubrification;Profondeur d’alésage exigée pour gicleur long;33;mm;Usine vérifié;M64/60 — Turbo 408 ch;S09;PDF p.2;Bulletin : ne pas réusiner l’alésage. Le millésime est MY1996 et suivants.
D050;Refroidissement et lubrification;Gicleur long standard;993 101 018 51;;Usine vérifié;M64/60 — Turbo 408 ch;S09;PDF p.2;Bulletin : ne pas réusiner l’alésage. Le millésime est MY1996 et suivants.
D051;Refroidissement et lubrification;Gicleur long surcote;993 101 018 60;;Usine vérifié;M64/60 — Turbo 408 ch;S09;PDF p.2;Bulletin : ne pas réusiner l’alésage. Le millésime est MY1996 et suivants.
D052;Refroidissement et lubrification;Petit filtre Turbo historique;993 107 203 02;;Usine vérifié;M64/60 — Turbo 408 ch;S10;PDF p.1;"Références datées ; ce dossier n’établit pas la disponibilité ni la dernière substitution."
D053;Refroidissement et lubrification;Grand filtre historique;993 207 201 01;;Usine vérifié;M64/60 — Turbo 408 ch;S10;PDF p.1;"Références datées ; ce dossier n’établit pas la disponibilité ni la dernière substitution."
D054;Refroidissement et lubrification;Petit filtre Turbo PET 2017;993 107 203 04;;Usine vérifié;M64/60 — Turbo 408 ch;S02;PDF p.120;"Références datées ; ce dossier n’établit pas la disponibilité ni la dernière substitution."
D055;Refroidissement et lubrification;Erreur de petit filtre;Mauvaise référence susceptible de fumée au démarrage à froid;;Usine vérifié;M64/60 — Turbo 408 ch;S10;PDF p.1;
D056;Refroidissement et lubrification;Soufflet remplissage huile;993 207 363 50;;Usine vérifié;M64/60 — Turbo 408 ch;S13;PDF p.1;Nouvelle version à partir de production juin 1996.
D057;Refroidissement et lubrification;Allongement du nouveau soufflet;40;mm;Usine vérifié;M64/60 — Turbo 408 ch;S13;PDF p.1;Nouvelle version à partir de production juin 1996.
D058;Refroidissement et lubrification;Longueur annoncée étirée;210–225;mm;Usine vérifié;M64/60 — Turbo 408 ch;S13;PDF p.1;Nouvelle version à partir de production juin 1996.
D059;Références des turbos;Turbocompresseur gauche Porsche;993 123 013 51 / 52 / CX;;Usine vérifié;M64/60 — Turbo 408 ch;S02;PDF p.144 / planche 202-16;Le catalogue ne définit pas à lui seul le débit ni la vitesse de pompe.
D060;Références des turbos;Turbocompresseur droit Porsche;993 123 014 51 / 52 / DX;;Usine vérifié;M64/60 — Turbo 408 ch;S02;PDF p.144 / planche 202-16;Le catalogue ne définit pas à lui seul le débit ni la vitesse de pompe.
D061;Références des turbos;Collecteur huile turbo gauche;993 107 127 51;;Usine vérifié;M64/60 — Turbo 408 ch;S02;PDF p.144 / planche 202-16;Le catalogue ne définit pas à lui seul le débit ni la vitesse de pompe.
D062;Références des turbos;Collecteur huile turbo droit;993 107 128 51;;Usine vérifié;M64/60 — Turbo 408 ch;S02;PDF p.144 / planche 202-16;Le catalogue ne définit pas à lui seul le débit ni la vitesse de pompe.
D063;Références des turbos;Conduites huile gauche;"993 107 125 53 ; 993 107 339 53";;Usine vérifié;M64/60 — Turbo 408 ch;S02;PDF p.144 / planche 202-16;Le catalogue ne définit pas à lui seul le débit ni la vitesse de pompe.
D064;Références des turbos;Conduites huile droite;"993 107 126 53 ; 993 107 338 53";;Usine vérifié;M64/60 — Turbo 408 ch;S02;PDF p.144 / planche 202-16;Le catalogue ne définit pas à lui seul le débit ni la vitesse de pompe.
D065;Références des turbos;Support avec pompe huile turbo;993 107 005 52 / 53;;Usine vérifié;M64/60 — Turbo 408 ch;S02;PDF p.144 / planche 202-16;Le catalogue ne définit pas à lui seul le débit ni la vitesse de pompe.
D066;Références des turbos;K16 gauche BorgWarner;5316-988-6736;;Fabricant / vendeur vérifié;M64/60 — Turbo 408 ch;"S03; S20; S21";"S03 PDF p.56 ; pages TurboMaster";Latéralité recoupée avec références Porsche. La nomenclature n’est pas un plan géométrique.
D067;Références des turbos;K16 droit BorgWarner;5316-988-6735;;Fabricant / vendeur vérifié;M64/60 — Turbo 408 ch;"S03; S20; S21";"S03 PDF p.56 ; pages TurboMaster";Latéralité recoupée avec références Porsche. La nomenclature n’est pas un plan géométrique.
D068;Références des turbos;Famille modèle TurboMaster;K16-2467GGA/8.88;;Fabricant / vendeur vérifié;M64/60 — Turbo 408 ch;"S03; S20; S21";"S03 PDF p.56 ; pages TurboMaster";Latéralité recoupée avec références Porsche. La nomenclature n’est pas un plan géométrique.
D069;Références des turbos;CHRA catalogué;5316-710-0520;;Fabricant / vendeur vérifié;M64/60 — Turbo 408 ch;"S03; S20; S21";"S03 PDF p.56 ; pages TurboMaster";Latéralité recoupée avec références Porsche. La nomenclature n’est pas un plan géométrique.
D070;Références des turbos;Roue turbine cataloguée;5316-120-5000;;Fabricant / vendeur vérifié;M64/60 — Turbo 408 ch;"S03; S20; S21";"S03 PDF p.56 ; pages TurboMaster";Latéralité recoupée avec références Porsche. La nomenclature n’est pas un plan géométrique.
D071;Références des turbos;Roue compresseur cataloguée;5324-123-2006;;Fabricant / vendeur vérifié;M64/60 — Turbo 408 ch;"S03; S20; S21";"S03 PDF p.56 ; pages TurboMaster";Latéralité recoupée avec références Porsche. La nomenclature n’est pas un plan géométrique.
D072;Références des turbos;Carter de palier gauche;5316-151-0008;;Fabricant / vendeur vérifié;M64/60 — Turbo 408 ch;"S03; S20; S21";"S03 PDF p.56 ; pages TurboMaster";Latéralité recoupée avec références Porsche. La nomenclature n’est pas un plan géométrique.
D073;Références des turbos;Carter de palier droit;5316-151-0002;;Fabricant / vendeur vérifié;M64/60 — Turbo 408 ch;"S03; S20; S21";"S03 PDF p.56 ; pages TurboMaster";Latéralité recoupée avec références Porsche. La nomenclature n’est pas un plan géométrique.
D074;Références des turbos;Actionneur catalogué;5825-110-4006;;Fabricant / vendeur vérifié;M64/60 — Turbo 408 ch;"S03; S20; S21";"S03 PDF p.56 ; pages TurboMaster";Latéralité recoupée avec références Porsche. La nomenclature n’est pas un plan géométrique.
D075;Références des turbos;A/R affiché par TurboMaster;8.00;;Vendeur — convention à clarifier;M64/60 — Turbo 408 ch;"S20; S21";;Ne pas traiter 8.00 comme une valeur A/R automobile normalisée de 0,xx.
D076;Références des turbos;Limite commerciale stock turbo;500;hp selon catalogue;Fabricant — limite commerciale;M64/60 — Turbo 408 ch;S03;PDF p.56;Valeur de capacité du système turbo, pas de résistance validée du moteur.
D077;Références des turbos;Upgrade BorgWarner;5324-988-7003 + 7004;;Fabricant — aftermarket;K24 upgrade;S03;PDF p.56;
D078;Références des turbos;Limite commerciale upgrade;555;hp selon catalogue;Fabricant — aftermarket;K24 upgrade;S03;PDF p.56;
D079;Références des turbos;Max. T3 continu / temporaire;950 / 980;°C;Fabricant — tableau upgrade;Ligne upgrade 993 du catalogue;S03;PDF p.56;Ni température réelle mesurée sur K16 de série, ni température métal, ni certificat de matériau.
D080;Allumage et distribution;Allumeur Turbo;Un : 993 602 016 00;;Usine vérifié;M64/60 — Turbo 408 ch;S02;PDF p.596 / planche 901-01;Allumage simple : ne pas copier les 12 bougies de la Carrera atmosphérique.
D081;Allumage et distribution;Bobine Turbo;Une : 993 602 073 00;;Usine vérifié;M64/60 — Turbo 408 ch;S02;PDF p.596 / planche 901-01;Allumage simple : ne pas copier les 12 bougies de la Carrera atmosphérique.
D082;Allumage et distribution;Nombre de bougies Turbo;6;;Usine vérifié;M64/60 — Turbo 408 ch;S02;PDF p.596 / planche 901-01;Allumage simple : ne pas copier les 12 bougies de la Carrera atmosphérique.
D083;Allumage et distribution;Bougie cataloguée;999 170 195 90 / 14FR 6LDU;;Usine vérifié;M64/60 — Turbo 408 ch;S02;PDF p.596 / planche 901-01;Allumage simple : ne pas copier les 12 bougies de la Carrera atmosphérique.
D084;Allumage et distribution;Ordre d’allumage;1–6–2–4–3–5;;M64 — à confirmer dans manuel Turbo;M64/60 — Turbo 408 ch;S06;D-4;"S06 concerne Carrera ; aucune fiche d’ordre d’allumage M64.60 distincte obtenue."
D085;Allumage et distribution;Arbres à cames;Un par banc, entraînement par chaînes doubles;;Architecture recoupée;M64/60 — Turbo 408 ch;"S02; S05";"Groupes distribution ; S05 p.56 imprimée";Les levées et angles de la Carrera ne sont pas transposés au M64.60.
D086;Allumage et distribution;Rattrapage du jeu;Hydraulique;;Usine vérifié;M64/60 — Turbo 408 ch;S01;PDF p.7;
D087;Allumage et distribution;Poussoir Turbo standard;993 105 141 03;;Usine vérifié;M64/60 — Turbo 408 ch;S08;PDF p.1;
D088;Allumage et distribution;Poussoir Turbo taille 1;993 105 141 50;;Usine vérifié;M64/60 — Turbo 408 ch;S08;PDF p.1;
D089;Allumage et distribution;Poussoir Turbo taille 2;993 105 141 60;;Usine vérifié;M64/60 — Turbo 408 ch;S08;PDF p.1;
D090;Allumage et distribution;Exception calage AAC MY1996;Moteurs 61T00500 à 61T00657 : contrôle au comparateur;;Usine vérifié;M64/60 — Turbo 408 ch;S11;PDF p.1;"Erreur possible de position de rainure ; manuel Turbo p.15-13 à 15-18. Pas de valeur de calage chiffrée dans ce bulletin."
D091;Entraînements;Rapport alternateur / vilebrequin;2.68;:1;Usine vérifié;M64/60 — Turbo 408 ch;S07;PDF p.1;Rapport théorique, glissement de courroie non inclus.
D092;Entraînements;Courroie alternateur révisée;999 192 372 50;;Usine vérifié;M64/60 — Turbo 408 ch;S07;PDF p.1;Rapport théorique, glissement de courroie non inclus.
D093;Entraînements;Longueur courroie alternateur révisée;757;mm;Usine vérifié;M64/60 — Turbo 408 ch;S07;PDF p.1;Rapport théorique, glissement de courroie non inclus.
D094;Entraînements;Demi-poulies alternateur révisées;993 106 268 01;;Usine vérifié;M64/60 — Turbo 408 ch;S07;PDF p.1;Rapport théorique, glissement de courroie non inclus.
D095;Entraînements;Épaisseurs de cales disponibles;0,5 / 0,7;mm;Usine vérifié;M64/60 — Turbo 408 ch;S07;PDF p.1;Rapport théorique, glissement de courroie non inclus.
D096;Entraînements;Ventilateur Turbo;964 106 015 21 / 22;;Usine vérifié;M64/60 — Turbo 408 ch;S02;PDF p.78 / planche 105-00;"Pièces spécifiques M64.60 ; 96410601531 et 99310666703 concernent d’autres affectations dans ce PET."
D097;Entraînements;Carter ventilateur Turbo;993 106 667 50;;Usine vérifié;M64/60 — Turbo 408 ch;S02;PDF p.78 / planche 105-00;"Pièces spécifiques M64.60 ; 96410601531 et 99310666703 concernent d’autres affectations dans ce PET."
D098;Entraînements;Demi-poulie ventilateur intérieure Turbo;993 106 509 50;;Usine vérifié;M64/60 — Turbo 408 ch;S02;PDF p.78 / planche 105-00;"Pièces spécifiques M64.60 ; 96410601531 et 99310666703 concernent d’autres affectations dans ce PET."
D099;Entraînements;Demi-poulie ventilateur extérieure Turbo;993 106 510 50;;Usine vérifié;M64/60 — Turbo 408 ch;S02;PDF p.78 / planche 105-00;"Pièces spécifiques M64.60 ; 96410601531 et 99310666703 concernent d’autres affectations dans ce PET."
D100;Entraînements;Courroie ventilateur Turbo;999 192 343 50 — 9,5 × 760 mm;;Usine vérifié;M64/60 — Turbo 408 ch;S02;PDF p.78 / planche 105-00;"Pièces spécifiques M64.60 ; 96410601531 et 99310666703 concernent d’autres affectations dans ce PET."
D101;Entraînements;Accès à la courroie;Console climatisation parfois à reprendre pour dégagement;;Usine vérifié;M64/60 — Turbo 408 ch;S12;PDF p.1;"Bulletin MY1996 ; contient une illustration de la zone, pas de cote de reprise."
D102;Équipage mobile et cylindres;Vilebrequin catalogue à partir de 1995;993 102 021 02;;Usine vérifié;M64/60 — Turbo 408 ch;S02;PDF p.43–52;
D103;Équipage mobile et cylindres;Volant bimasse M64.60;996 114 012 50;;Usine vérifié;M64/60 — Turbo 408 ch;S02;PDF p.43–52;
D104;Équipage mobile et cylindres;Bielle, familles révisées;993 103 020 64 à 69;;Usine vérifié;M64/60 — Turbo 408 ch;S02;PDF p.43–52;
D105;Équipage mobile et cylindres;Classes de masse bielles révisées;534–540 / 540–546 / 546–552 / 552–558 / 558–564 / 564–570 g;;Usine vérifié;M64/60 — Turbo 408 ch;S02;PDF p.43–52;
D106;Équipage mobile et cylindres;Seuil moteur de bielle révisée pour Turbo;M 61T 00932 >>;;Usine vérifié;M64/60 — Turbo 408 ch;S02;PDF p.43–52;
D107;Équipage mobile et cylindres;Ensemble cylindre/piston Turbo groupe 5 jusqu’à MY1996;993 103 915 51 / 52;;Usine vérifié;M64/60 — Turbo 408 ch;S02;PDF p.43–52;
D108;Équipage mobile et cylindres;Ensemble cylindre/piston Turbo groupe 5 dès MY1997;993 103 915 56 / 57;;Usine vérifié;M64/60 — Turbo 408 ch;S02;PDF p.43–52;
D109;Équipage mobile et cylindres;Classes de masse piston Turbo cataloguées;576–584 / 584–592 g;;Usine vérifié;M64/60 — Turbo 408 ch;S02;PDF p.43–52;Les classes de masse de l’ensemble vendu ne définissent pas une pesée de piston nu. Les références dépendent du groupe et du millésime.
D110;Équipage mobile et cylindres;Joint de pied cylindre;999 707 152 40 — 102 × 2 mm;;Usine vérifié;M64/60 — Turbo 408 ch;S02;PDF p.43–52;
D111;Équipage mobile et cylindres;Joint de culasse;964 104 115 20 — quantité 6;;Usine vérifié;M64/60 — Turbo 408 ch;S02;PDF p.43–52;
D112;Équipage mobile et cylindres;Guide-air Turbo;993 106 257 51 — quantité 6;;Usine vérifié;M64/60 — Turbo 408 ch;S02;PDF p.43–52;
D113;Culasses et matériaux;Culasse M64.60;993 104 033 52 / 993 104 053 52;;Usine vérifié;M64/60 — Turbo 408 ch;S02;PDF p.35 et 54;
D114;Culasses et matériaux;Soupape admission M64.60;993 105 409 02 — quantité 6;;Usine vérifié;M64/60 — Turbo 408 ch;S02;PDF p.35 et 54;
D115;Culasses et matériaux;Soupape échappement M64.60;993 105 419 52 — quantité 6;;Usine vérifié;M64/60 — Turbo 408 ch;S02;PDF p.35 et 54;
D116;Culasses et matériaux;Jeu ressorts de soupape;993 105 901 51 — quantité 12;;Usine vérifié;M64/60 — Turbo 408 ch;S02;PDF p.35 et 54;
D117;Culasses et matériaux;Écrou culasse M64.60;993 104 382 53 — quantité 24;;Usine vérifié;M64/60 — Turbo 408 ch;S02;PDF p.35 et 54;
D118;Culasses et matériaux;Goujons de culasse M64.60;993 101 170 51 / 53 — quantité 24;;Usine vérifié;M64/60 — Turbo 408 ch;S02;PDF p.35 et 54;
D119;Culasses et matériaux;Goujons Dilavar;"Famille Dilavar ; substitution 93010117002 → 99310117051";;Usine recoupé;M64/60 — Turbo 408 ch;"S02; S16";"PET p.35 ; bulletin p.1";Nuance chimique et propriétés métallurgiques exactes non publiées dans ces documents.
D120;Culasses et matériaux;Carter moteur;Alliage aluminium–silicium, deux demi-carters;;Architecture M64 recoupée;M64/60 — Turbo 408 ch;"S02; S05";S05 PDF p.57 / page imprimée 53;"Chapitre Carrera ; le PET partage les familles carter. Nuance OEM et procédé exact Turbo non établis ici."
D121;Culasses et matériaux;Vilebrequin / bielles;Forgeage documenté dans la famille M64;;Architecture M64 — recoupement;M64/60 — Turbo 408 ch;"S05; S06; S02";"S06 D-2 ; PET 102-00";La composition exacte de l’acier, le traitement et la dureté d’origine Turbo restent à obtenir.
D122;Culasses et matériaux;Cylindres Turbo;"Cylindres pressés selon brochure ; alliage léger";;Usine / architecture recoupée;M64/60 — Turbo 408 ch;"S01; S05";S01 PDF p.7;Brochure « pressed cylinders ». Nikasil explicitement documenté sur Carrera dans S05, pas confirmé ici par une fiche spécifique Turbo.
D123;Culasses et matériaux;Couvre-arbres polyamide renforcé fibre de verre;Documenté pour Carrera 993;;Contexte Carrera uniquement;Carrera 993;S05;PDF p.63 / imprimée p.59;Ne permet pas de qualifier tous les couvercles de la Turbo.
D124;Culasses et matériaux;Sorties optionnelles XLB;Acier inoxydable chromé;;Usine vérifié;993 Turbo, option XLB;S23;PDF p.1;"Références gauche 99311198103, droite 99311198203 ; nuance inox non précisée."
D125;Culasses et matériaux;Soupape admission de remplacement;"Tête 49 ; queue 8";mm;Déclaration vendeur existante;FVD 99310540902EQ1, remplacement M64.60;SRC-FVD-993-INLET-VALVE-DIMENSIONS;;"Le produit est explicitement non refroidi au sodium ; ne pas assimiler son matériau ou sa masse à l’OEM."
D126;Culasses et matériaux;Soupape échappement de remplacement;"Longueur 108,9 ; tête 43,5 ; queue 8";mm;Déclaration vendeur existante;SM Motorenteile / partworks pour Turbo 408 ch;SRC-PARTWORKS-993-EXHAUST-VALVE-DIMENSIONS;;Pas de tolérances ni de preuve métallurgique. Diffère de la soupape Carrera tête 42,5 mm.
D127;Culasses et matériaux;Piston MAHLE 3,8 L;"2618 ; 468 g ; axe 23 mm";;Aftermarket déjà référencé;PP102-012N / LN105-102/109, alésage 102 mm;S19;;Aucune de ces valeurs ne prouve l’alliage ni la masse du piston 3,6 L de série.
D128;Supports et essais;Support moteur révisé;"964 375 043 81 ; remplacement par paire";;Usine vérifié;Turbo S / Turbo X73 MY1997–1998;S14;PDF p.1;
D129;Supports et essais;Rondelles support moteur révisé;45.5;mm;Usine vérifié;Turbo S / Turbo X73 MY1997–1998;S14;PDF p.1;"Ancienne rondelle 34 mm ; ne pas extrapoler aux interfaces de fixation."
D130;Supports et essais;Vis support moteur version X73 / S;M12 × 1,5 × 125;mm;Usine vérifié;Turbo S / Turbo X73 MY1997–1998;S14;PDF p.1;"Corps du bulletin ; table de pièces comporte 1,2 au lieu de 1,5, contradiction conservée dans l’audit."
D131;Supports et essais;Banc à rouleaux — bulletin historique;Porsche déconseille le test de la nouvelle Turbo;;Usine vérifié;M64/60 — Turbo 408 ch;S15;PDF p.1;"Air de charge insuffisamment refroidi → baisse puissance et surchauffe ; transmission / glissement des pneus. Ce n’est pas une certification d’un banc moderne."
D132;Calculs mécaniques;Cylindrée géométrique;3600.2652;cm³;Calcul;M64/60 — Turbo 408 ch;"S01; S04";Formule dans commentaire;π/4 × 100² × 76,4 × 6, unités mm.
D133;Calculs mécaniques;Cylindrée unitaire;600.0442;cm³;Calcul;M64/60 — Turbo 408 ch;"S01; S04";Formule dans commentaire;Cylindrée géométrique / 6.
D134;Calculs mécaniques;Rayon de manivelle;38.2;mm;Calcul;M64/60 — Turbo 408 ch;"S01; S04";Formule dans commentaire;Course / 2.
D135;Calculs mécaniques;Volume résiduel théorique à 8:1;85.7206;cm³ / cylindre;Calcul;M64/60 — Turbo 408 ch;"S01; S04";Formule dans commentaire;"Vd/(r−1) ; volume total au PMH, pas le volume nu de la culasse."
D136;Calculs mécaniques;Puissance spécifique;83.3333;kW/L;Calcul;M64/60 — Turbo 408 ch;"S01; S04";Formule dans commentaire;Puissance nominale / cylindrée publiée.
D137;Calculs mécaniques;Couple spécifique;150.0;N·m/L;Calcul;M64/60 — Turbo 408 ch;"S01; S04";Formule dans commentaire;Couple maximal / cylindrée publiée.
D138;Calculs mécaniques;Pression moyenne effective au couple maximal;18.8496;bar;Calcul;M64/60 — Turbo 408 ch;"S01; S04";Formule dans commentaire;"BMEP = 4πT/V pour moteur 4 temps ; ce n’est pas la pression maximale de combustion."
D139;Calculs mécaniques;Couple correspondant à 300 kW et 5750 tr/min;498.2242;N·m;Calcul;M64/60 — Turbo 408 ch;"S01; S04";Formule dans commentaire;T = P/ω.
D140;Calculs mécaniques;Puissance à 540 Nm et 4500 tr/min;254.469;kW;Calcul;M64/60 — Turbo 408 ch;"S01; S04";Formule dans commentaire;"P = Tω ; n’est pas la puissance maximale."
D141;Calculs mécaniques;Pression admission absolue avec 0,8 bar de boost;1.8;bar;Calcul;M64/60 — Turbo 408 ch;"S01; S04";Formule dans commentaire;"Hypothèse ambiance 1,0 bar ; la vraie pression dépend de l’ambiante."
D142;Calculs mécaniques;Intervalle moyen entre combustions;120;degrés vilebrequin;Calcul;M64/60 — Turbo 408 ch;"S01; S04";Formule dans commentaire;720° / 6 pour allumage régulier.
D143;Calculs de vitesses;Alternateur à 1000 tr/min moteur;2680.0;tr/min;Calcul;M64/60 — Turbo 408 ch;"S01; S07; S02";;"Sans glissement de courroie ; distribution 4 temps, architecture M64"
D144;Calculs de vitesses;Arbres à cames à 1000 tr/min moteur;500.0;tr/min;Calcul;M64/60 — Turbo 408 ch;"S01; S07; S02";;"Sans glissement de courroie ; distribution 4 temps, architecture M64"
D145;Calculs de vitesses;Allumeur à 1000 tr/min moteur;500.0;tr/min;Calcul;M64/60 — Turbo 408 ch;"S01; S07; S02";;"Sans glissement de courroie ; distribution 4 temps, architecture M64"
D146;Calculs de vitesses;Vitesse moyenne piston à 1000 tr/min moteur;2.5467;m/s;Calcul;M64/60 — Turbo 408 ch;"S01; S07; S02";;"Sans glissement de courroie ; distribution 4 temps, architecture M64"
D147;Calculs de vitesses;Combustions de tout le moteur à 1000 tr/min moteur;50.0;Hz;Calcul;M64/60 — Turbo 408 ch;"S01; S07; S02";;"Sans glissement de courroie ; distribution 4 temps, architecture M64"
D148;Calculs de vitesses;Alternateur à 4500 tr/min moteur;12060.0;tr/min;Calcul;M64/60 — Turbo 408 ch;"S01; S07; S02";;"Sans glissement de courroie ; distribution 4 temps, architecture M64"
D149;Calculs de vitesses;Arbres à cames à 4500 tr/min moteur;2250.0;tr/min;Calcul;M64/60 — Turbo 408 ch;"S01; S07; S02";;"Sans glissement de courroie ; distribution 4 temps, architecture M64"
D150;Calculs de vitesses;Allumeur à 4500 tr/min moteur;2250.0;tr/min;Calcul;M64/60 — Turbo 408 ch;"S01; S07; S02";;"Sans glissement de courroie ; distribution 4 temps, architecture M64"
D151;Calculs de vitesses;Vitesse moyenne piston à 4500 tr/min moteur;11.46;m/s;Calcul;M64/60 — Turbo 408 ch;"S01; S07; S02";;"Sans glissement de courroie ; distribution 4 temps, architecture M64"
D152;Calculs de vitesses;Combustions de tout le moteur à 4500 tr/min moteur;225.0;Hz;Calcul;M64/60 — Turbo 408 ch;"S01; S07; S02";;"Sans glissement de courroie ; distribution 4 temps, architecture M64"
D153;Calculs de vitesses;Alternateur à 5750 tr/min moteur;15410.0;tr/min;Calcul;M64/60 — Turbo 408 ch;"S01; S07; S02";;"Sans glissement de courroie ; distribution 4 temps, architecture M64"
D154;Calculs de vitesses;Arbres à cames à 5750 tr/min moteur;2875.0;tr/min;Calcul;M64/60 — Turbo 408 ch;"S01; S07; S02";;"Sans glissement de courroie ; distribution 4 temps, architecture M64"
D155;Calculs de vitesses;Allumeur à 5750 tr/min moteur;2875.0;tr/min;Calcul;M64/60 — Turbo 408 ch;"S01; S07; S02";;"Sans glissement de courroie ; distribution 4 temps, architecture M64"
D156;Calculs de vitesses;Vitesse moyenne piston à 5750 tr/min moteur;14.6433;m/s;Calcul;M64/60 — Turbo 408 ch;"S01; S07; S02";;"Sans glissement de courroie ; distribution 4 temps, architecture M64"
D157;Calculs de vitesses;Combustions de tout le moteur à 5750 tr/min moteur;287.5;Hz;Calcul;M64/60 — Turbo 408 ch;"S01; S07; S02";;"Sans glissement de courroie ; distribution 4 temps, architecture M64"
D158;Calculs de vitesses;Alternateur à 6500 tr/min moteur;17420.0;tr/min;Calcul;M64/60 — Turbo 408 ch;"S01; S07; S02";;6500 tr/min est un exemple de calcul, pas un régime limite confirmé
D159;Calculs de vitesses;Arbres à cames à 6500 tr/min moteur;3250.0;tr/min;Calcul;M64/60 — Turbo 408 ch;"S01; S07; S02";;6500 tr/min est un exemple de calcul, pas un régime limite confirmé
D160;Calculs de vitesses;Allumeur à 6500 tr/min moteur;3250.0;tr/min;Calcul;M64/60 — Turbo 408 ch;"S01; S07; S02";;6500 tr/min est un exemple de calcul, pas un régime limite confirmé
D161;Calculs de vitesses;Vitesse moyenne piston à 6500 tr/min moteur;16.5533;m/s;Calcul;M64/60 — Turbo 408 ch;"S01; S07; S02";;6500 tr/min est un exemple de calcul, pas un régime limite confirmé
D162;Calculs de vitesses;Combustions de tout le moteur à 6500 tr/min moteur;325.0;Hz;Calcul;M64/60 — Turbo 408 ch;"S01; S07; S02";;6500 tr/min est un exemple de calcul, pas un régime limite confirmé
D163;Calculs de vitesses;Rapport de vitesse ventilateur conditionnel;1.84;:1;Hypothèse non validée;M64/60 — Turbo 408 ch;"S01; S06";;"1,6 × 1,15 ; seulement si la référence du +15 % est exactement la Carrera à 1,6. Ne pas publier 1,84 comme ratio usine Turbo."
D164;Calculs de vitesses;Arbre turbo;Turbine et compresseur du même turbo : même régime;;Relation mécanique;M64/60 — Turbo 408 ch;"S20; S21";;Aucun rapport fixe au vilebrequin. Les deux turbos ne sont pas mécaniquement synchronisés.
