id;titre;url;application;verification;origine;limite
S01;Porsche UK — the Turbo, février 1995;https://raw.githubusercontent.com/pubstack/pubstack.github.io/master/static/993/Brochure%20-%20Porsche%20UK%20993%20-%20the%20Turbo%20%5B1995%5D.pdf;993 Turbo 408 ch;Contenu consulté le 02/10/2026;Porsche / archive communautaire;"27 pages PDF. Pages 6, 7 et 22 contrôlées visuellement ; OCR des autres pages. La page PDF 7 contient les courbes puissance/couple."
S02;Porsche PET Kat 017, édition du 24/07/2017;https://a.storyblok.com/f/332100/f97ce31af4/kat017-e-911-98-katalog.pdf;993, lignes M64.60;Contenu consulté le 02/10/2026;Porsche AG;"674 pages PDF ; références et quantités, pas de plans de fabrication. Pages 35–37, 43–54, 78–79, 144–145, 596 consultées pour le moteur."
S03;BorgWarner — Performance Turbocharger Catalog;https://www.borgwarner.com/docs/default-source/iam/boosting-technologies/bw_turbo-performance-catalog.pdf;993 Turbo / upgrades;Contenu consulté le 02/10/2026;BorgWarner;"65 pages PDF ; tableau PDF p.56. Les colonnes de température appartiennent au tableau des upgrades, pas à une mesure de la voiture."
S04;Porsche Christophorus 394 — Irrésistible ascension;https://newsroom.porsche.com/christophorus/fr/2020/394/turbo-engines.html;993 Turbo, comparaison des générations;Contenu consulté le 02/10/2026;Porsche AG;
S05;Technical - After Sales Training - Air Cooled Engine Repair;https://raw.githubusercontent.com/pubstack/pubstack.github.io/master/static/993/Technical%20-%20After%20Sales%20Training%20-%20Air%20Cooled%20Engine%20Repair.pdf;"964 / Carrera 993 ; index M64.60";Contenu consulté le 02/10/2026;Porsche / archive communautaire;"72 pages ; les chapitres détaillés sont principalement Carrera. Aucune extension automatique des dimensions à la Turbo."
S06;Technical - Engine Specifications;https://raw.githubusercontent.com/pubstack/pubstack.github.io/master/static/993/Technical%20-%20Engine%20Specifications.pdf;Carrera M64/23–24;Contenu consulté le 02/10/2026;Porsche / archive communautaire;"5 pages ; document ambigu : titre Carrera et données atmosphériques, mais mention Bi-Turbo sur D-2. Ne pas traiter comme fiche M64.60."
S07;Technical Bulletin - Mechanical - New Alternator Pulley and Belt;https://raw.githubusercontent.com/pubstack/pubstack.github.io/master/static/993/Technical%20Bulletin%20-%20Mechanical%20-%20New%20Alternator%20Pulley%20and%20Belt.pdf;993 Turbo / Carrera;Contenu consulté le 02/10/2026;Porsche / archive communautaire;"Bulletin 7/97a, 1378 ; daté 05/02/1998 ; le rapport 2,68:1 est explicitement conservé."
S08;Technical Bulletin - Mechanical - Hydraulic Valve lifters;https://raw.githubusercontent.com/pubstack/pubstack.github.io/master/static/993/Technical%20Bulletin%20-%20Mechanical%20-%20Hydraulic%20Valve%20lifters.pdf;M64.60 et Carrera;Contenu consulté le 02/10/2026;Porsche / archive communautaire;"Bulletin 9702, 1559, 28/01/1997 ; corrige les affectations de la microfiche."
S09;Technical Bulletin - Mechanical - Piston Spray Jets;https://raw.githubusercontent.com/pubstack/pubstack.github.io/master/static/993/Technical%20Bulletin%20-%20Mechanical%20-%20Piston%20Spray%20Jets.pdf;M64.60, autres M64;Contenu consulté le 02/10/2026;Porsche / archive communautaire;"Bulletin 1/97, 1013, 30/09/1997 ; p.2 spécifique Turbo."
S10;Technical Bulletin - Turbo - Engine Oil Filter;https://raw.githubusercontent.com/pubstack/pubstack.github.io/master/static/993/Technical%20Bulletin%20-%20Turbo%20-%20Engine%20Oil%20Filter.pdf;Turbo MY1996;Contenu consulté le 02/10/2026;Porsche / archive communautaire;"Bulletin 9503, 1731, 11/07/1995 ; références historiques, comparer au PET plus récent."
S11;Technical Bulletin - Turbo - Adjusting Camshaft Timing;https://raw.githubusercontent.com/pubstack/pubstack.github.io/master/static/993/Technical%20Bulletin%20-%20Turbo%20-%20Adjusting%20Camshaft%20Timing.pdf;Turbo MY1996;Contenu consulté le 02/10/2026;Porsche / archive communautaire;"Bulletin 9504, 1505, 26/09/1995 ; renvoie au manuel Turbo p.15-7 à 15-18."
S12;Technical Bulletin - Turbo - Fan Belt Mod;https://raw.githubusercontent.com/pubstack/pubstack.github.io/master/static/993/Technical%20Bulletin%20-%20Turbo%20-%20Fan%20Belt%20Mod.pdf;Turbo MY1996;Contenu consulté le 02/10/2026;Porsche / archive communautaire;"Bulletin 9505, 1903, 21/11/1995 ; dégagement de console de climatisation."
S13;Technical Bulletin - Turbo - Oil Fill Pipe Bellows;https://raw.githubusercontent.com/pubstack/pubstack.github.io/master/static/993/Technical%20Bulletin%20-%20Turbo%20-%20Oil%20Fill%20Pipe%20Bellows.pdf;Turbo MY1996;Contenu consulté le 02/10/2026;Porsche / archive communautaire;Bulletin 9603, 1715, 27/08/1996.
S14;Technical Bulletin - Turbo - Rear Engine Mounts;https://raw.githubusercontent.com/pubstack/pubstack.github.io/master/static/993/Technical%20Bulletin%20-%20Turbo%20-%20Rear%20Engine%20Mounts.pdf;Turbo S / Turbo X73 MY1997–1998;Contenu consulté le 02/10/2026;Porsche / archive communautaire;"Bulletin 1/99, 1035, daté 20/01/2000 ; ne couvre pas toutes les Turbo."
S15;Technical Bulletin - Turbo - Chassis Dynamometer Testing;https://raw.githubusercontent.com/pubstack/pubstack.github.io/master/static/993/Technical%20Bulletin%20-%20Turbo%20-%20Chassis%20Dynamometer%20Testing.pdf;Turbo MY1996 et suivantes;Contenu consulté le 02/10/2026;Porsche / archive communautaire;"Bulletin 9502, 0000, 07/06/1995 ; restrictions historiques de mesure sur banc à rouleaux."
S16;Technical Bulletin - Mechanical - Crankcase Cylinder Studs;https://raw.githubusercontent.com/pubstack/pubstack.github.io/master/static/993/Technical%20Bulletin%20-%20Mechanical%20-%20Crankcase%20Cylinder%20Studs.pdf;911 avec goujons Dilavar;Contenu consulté le 02/10/2026;Porsche / archive communautaire;"Bulletin 9604, 1012 ; la table de hauteur est Carrera, ne pas reprendre comme cote Turbo."
S17;Technical - 993 Technical Specification Booklet;https://raw.githubusercontent.com/pubstack/pubstack.github.io/master/static/993/Technical%20-%20993%20Technical%20Specification%20Booklet.pdf;Carrera / Carrera RS 1994–1995;Contenu consulté le 02/10/2026;Porsche / archive communautaire;"68 pages ; aucun M64.60 trouvé dans le texte. Écarter ses valeurs atmosphériques des fiches Turbo."
S18;Technical - Fluid Capacities;https://raw.githubusercontent.com/pubstack/pubstack.github.io/master/static/993/Technical%20-%20Fluid%20Capacities.pdf;993, application à lire par ligne;Contenu consulté le 02/10/2026;Porsche / archive communautaire;"Valeurs de remplissage à vérifier avec le manuel Turbo exact ; pas de capacité moteur Turbo retenue ici."
S19;MAHLE Motorsport — Porsche 3.6L air-cooled;https://www.us.mahle.com/media/usa/motorsports/5-porsche-3-6l.pdf;Kit 3,8 L aftermarket;"Déjà référencé dans engine-reference-data.json ; PDF non reconsulté pendant cette recherche";MAHLE;2618, 468 g et axe 23 mm concernent le kit PP102-012N, pas le piston Porsche 3,6 L d’origine.
S20;TurboMaster — 5316-988-6735;https://www.turbomaster.com/eng/turbo/borgwarner/5316-988-6735/;K16 droit;Contenu consulté le 02/10/2026;TurboMaster;"Nomenclature commerciale ; A/R 8.00 à ne pas exploiter sans définition de la convention KKK."
S21;TurboMaster — 5316-988-6736;https://www.turbomaster.com/eng/turbo/borgwarner/5316-988-6736/;K16 gauche;Contenu consulté le 02/10/2026;TurboMaster;"Carter de palier gauche différent du droit ; références communes ne prouvent pas des géométries symétriques."
S22;Porsche — Thirty years of the 993-generation 911 Carrera;https://newsroom.porsche.com/en/press-kits/60-Years-Porsche-911/30-Jahre-911-Carrera-der-Generation-993-%E2%80%93-Der-letzte-seiner-Art.html;993 / variantes de puissance;Contenu consulté le 02/10/2026;Porsche AG;
S23;Technical Bulletin - Turbo - Installing Dual Exhaust Pipes;https://raw.githubusercontent.com/pubstack/pubstack.github.io/master/static/993/Technical%20Bulletin%20-%20Turbo%20-%20Installing%20Dual%20Exhaust%20Pipes.pdf;993 Turbo MY1996–1997;Contenu consulté le 02/10/2026;Porsche / archive communautaire;"Bulletin 1/98, 2635, 10/09/1998 ; matériau inox chromé pour les sorties optionnelles XLB."
R02;cluster2600/porscheparts — registre manuel Carrera;https://github.com/cluster2600/porscheparts/blob/main/catalog/manual/993-workshop-manual-measurements.json;"Carrera ; contexte technique";Contenu consulté le 02/10/2026;Dépôt utilisateur;"2 496 enregistrements dont 2 190 occurrences OCR ; pas 2 496 données Turbo vérifiées."
R03;cluster2600/porscheparts — données déclarées des pièces;https://github.com/cluster2600/porscheparts/blob/main/catalog/reference/993-declared-part-data.json;Diverses pièces / fournisseurs;Contenu consulté le 02/10/2026;Dépôt utilisateur;"Masses et encombrements commerciaux ; plusieurs articles sont aftermarket ou Carrera."
SRC-BORGWARNER-MATCHBOT-993-INPUTS-OUTPUTS;BorgWarner MatchBot - parametres et sorties de dimensionnement turbo;https://www.borgwarner.com/aftermarket/boosting-technologies/performance-turbochargers/matchbot;generic;"Déjà dans porscheparts ; contenu externe non reconsulté ici";BorgWarner;"Le calculateur officiel accepte notamment cylindree, temperature et altitude ambiantes, carburant, regime, rendement volumetrique, pression de suralimentation, efficacite et perte de charge de l'echangeur, restriction filtre, contre-pression d'echappement, rendements compresseur/turbine, temperature d'entree turbine et rapport d'expansion. Il sort notamment rapport de pression, temperatures et densites d'admission, debit reel/corrige, puissance/couple, pression collecteur d'echappement, debit turbine et estimation d'ouverture de wastegate. L'outil ne fournit pas une carte publique identifiee du K16 993 ; ses rendements et pertes doivent donc rester des parametres a justifier."
SRC-CARPARTS-993-FAN-HOUSING-ALUMINIUM;CarParts - Declared Aluminium 993 Carrera Fan Housing;https://www.carparts.com/details/fan-shroud/genuine-porsche/gxl99310666703;993_fitment_declared;"Déjà dans porscheparts ; contenu externe non reconsulté ici";CarParts.com;Supplier declares aluminium for 99310666703. Exact alloy, manufacturing route, material certificate and geometry are absent. PET identifies Turbo M64.60 fan housing as 99310666750, so this declaration is not evidence for the stock Turbo housing material. AlSi10Mg LPBF remains a separate candidate, not a demonstrated equivalent.
SRC-CARPASSION-993-TURBO-BOOST-HOSE-FORUM;Carpassion - retours 993 Turbo sur pression affichee et durites de charge;https://www.carpassion.com/forum/thema/26748-ladedruckanzeige/;993_Turbo / modified_993_Turbo;"Déjà dans porscheparts ; contenu externe non reconsulté ici";Carpassion.com;"Des proprietaires rapportent que l'affichage de pression du combiné est plafonne a 0,8 bar, ce qui est une limite d'affichage et non une mesure de pression reelle. La discussion mentionne aussi, sur des vehicules modifies, des pressions de 1,3-1,4 bar et des durites qui se decrochent ; ces vehicules ne sont pas des references de cas stock. Le retour exploitable est une piste de maintenance : inspecter le siege des durites, les colliers et les raccords apres demontage. Aucun essai instrumente reproductible, plan ou debit n'est fourni."
SRC-ELFERCLASSIC-993-TURBO-TECHNICAL-DATA;elferclassic - donnees techniques allemandes du 993 Turbo;https://www.elferclassic.de/technik/techdaten/993-turbo-95-98-techdat.php;993_Turbo;"Déjà dans porscheparts ; contenu externe non reconsulté ici";elferclassic.de;La page allemande compile pour le M64/60 : six cylindres, alesage 100 mm, course 76,4 mm, cylindree 3 600 cm3, rapport volumetrique 8,0:1, 300 kW/408 PS a 5 750 tr/min, 540 Nm a 4 500 tr/min, limiteur 6 720 +/- 20 tr/min, masse moteur 268 kg, ralenti 800 +/- 40 tr/min et pression du circuit de carburant 3,6-4,0 bar. Elle mentionne aussi la mesure de masse d'air par HFM et 1 210 l/s pour le ventilateur de refroidissement moteur a 5 750 tr/min : cette derniere valeur est un debit de refroidissement du moteur, pas le debit d'admission et ne doit pas servir de condition CFD turbo. La page ne donne ni courbe de boost, ni debit d'admission, ni carte K16.
SRC-ELFERSZENE-993-VALVE-SPRING-INSTALLATION-LENGTH;Elferszene - Procedure et longueurs montees de ressorts de soupapes 993;https://www.elferszene.de/showthread.php?mode=linear&nojs=1&p=47356;M64.05 / M64.06 / M64.07 / M64.08 / M64.20_RS;"Déjà dans porscheparts ; contenu externe non reconsulté ici";Elferszene / participant Roadrunner-Thomas;"Le resultat indexe du fil allemand decrit une methode de mesure : mesurer B au pied a coulisse de profondeur entre la surface de la coupelle et l'appui du ressort, mesurer C a la coupelle (C = 1,5 +/- 0,2 mm), puis calculer A = B - C. Il declare pour M64.05/.06/.07/.08 une longueur montee d'admission A = 36,7 + 0,3 mm et d'echappement A = 35,7 + 0,3 mm; pour le M64/20 RS, 37,2 + 0,3 mm et 35,8 + 0,3 mm. La page n'a pas pu etre relue (timeout) et ces nombres sont issus de l'index, sans instrument, repetition, dessin ni validation independante. La distribution est fortement chargee : piste documentaire seulement, aucune reproduction ou liberation sans revue d'ingenierie professionnelle, caracterisation matiere et plan de validation fatigue approuve."
SRC-FVD-993-BILLET-VALVE-COVER-SET;FVD - jeu complet de couvre-culasses aluminium billet 993;https://www.fvd.net/en-us/shop/complete-upper-and-lower-valve-cover-set-993-carrera-rs-billet-aluminum-made-in-germany-fvd105993cset~p312212;993_Carrera / 993_RS / 993_RSR;"Déjà dans porscheparts ; contenu externe non reconsulté ici";FVD Brombacher GmbH;La fiche décrit un jeu fabriqué en Allemagne de deux couvre-culasses supérieurs, deux inférieurs, joints et visserie, en aluminium billet haute résistance, pour 993 Carrera/RS. Elle annonce 400 x 150 x 200 mm et 3,32 kg pour le produit complet. Ces valeurs sont une enveloppe et une masse de kit, pas les dimensions d'un couvre-culasse individuel. Aucun datum, entraxe, planéité, épaisseur, nuance, tolérance, charge, température ou CAO n'est publié.
SRC-FVD-993-ENGINE-CARRIER;FVD - Engine suspension bracket / carrier 993 Turbo, 99311502153;https://www.fvd.net/en-us/shop/;993_Turbo;"Déjà dans porscheparts ; contenu externe non reconsulté ici";FVD Brombacher;Fiche produit du berceau Turbo neuf, piece d'origine Porsche, vendue a l'unite, une par vehicule. Prix affiche 1788 USD hors port, disponibilite annoncee « available soon ». Dimensions produit : 600 x 50 x 50 mm, masse 1,96 kg. Quatre photographies montrent une piece monobloc en forme de lame incurvee, a section variable, percee de deux grands trous d'allegement et de plusieurs trous de fixation, terminee a chaque extremite par un bossage cylindrique, avec une finition doree caracteristique d'une zingaison passivee jaune. Page consultee via capture transmise par le proprietaire du projet, non ouverte en automatise.
SRC-FVD-993-ENGINE-INSULATION-COVER-DIMENSIONS;FVD - Cache de bord de matelas d'insonorisation moteur GFK pour 993;https://www.fvd.net/de-ch/shop/abdeckung-motordaemmmatte-schwarz-gfk-fuer-993-inkl-5x-plastikdruckknopf-fvd286993001abd~p304787;993;"Déjà dans porscheparts ; contenu externe non reconsulté ici";FVD Brombacher;La fiche allemande présente une pièce GFK développée par FVD pour retenir le bord supérieur détaché du matelas d'insonorisation moteur d'une 993, avec cinq boutons de pression en plastique. L'encombrement annoncé est de 840 x 100 x 50 mm et la masse de 0,24 kg. Ces dimensions sont celles du produit vendeur et ne définissent pas les perçages, rayons, clips, tolérances, tenue thermique ou géométrie OEM. Piste non critique pour acquisition d'un échantillon et comparaison, sous réserve de caractériser le matériau et la température du compartiment moteur.
SRC-FVD-993-FAN-HOUSING-DIMENSIONS;FVD - Declared 993 Carrera Fan Housing Envelope;https://www.fvd.net/en-us/shop/fan-housing-993-99310666703~p248872;993_1994_to_1998 / Carrera / Carrera_4 / Carrera_S / Carrera_4S / RS;"Déjà dans porscheparts ; contenu externe non reconsulté ici";FVD Brombacher;Listing for 99310666703 declares 300 x 300 x 170 mm and 1.9 kg. Measurement protocol, tolerances, functional diameter, interfaces and material are absent. Commercial product envelope is not a dimensioned definition. Stock Turbo PET housing 99310666750 is a separate application.
SRC-FVD-993-INLET-VALVE-DIMENSIONS;FVD - Dimensions déclarées de soupape d'admission 993;https://www.fvd.net/de/shop/einlassventil-49mm-993-94-95-turbo-95-98-m64-05-06-07-08-60-nicht-natrium-gekuehlt-99310540902eq1-99310540902~p306501;993_C2 / 993_C4 / 993_Turbo;"Déjà dans porscheparts ; contenu externe non reconsulté ici";FVD Brombacher GmbH;"La fiche allemande FVD 99310540902EQ1 annonce une soupape d'admission pour 993 C2/C4 1994-1998 et 993 Turbo 1995-1998, avec queue de 8 mm, diamètre de tête de 49 mm et masse de 120 g. L'encombrement produit indiqué est de 50 x 110 x 50 mm et 0,11 kg. La page ne donne ni longueur fonctionnelle complète, angles, matière, traitement thermique, tolérances, état de surface, contrôle ou plan CAO; les valeurs sont une déclaration commerciale, sans mesure indépendante. La soupape et la chaîne de distribution sont fortement chargées : cette fiche est documentaire uniquement et n'autorise ni reproduction, ni montage, ni libération sans revue d'ingénierie professionnelle, caractérisation matière et plan de validation fatigue approuvé."
SRC-FVD-993-K16-24-SPORT-TURBO-DATA;FVD Brombacher - K16/24 Hybrid Sport Turbocharger for 993;https://www.fvd.net/fr/shop/turbocompr-sport-k16-24-g-pour-993-fvd123013~p262679;993_Turbo;"Déjà dans porscheparts ; contenu externe non reconsulté ici";FVD Brombacher GmbH;"Supplier describes a K16/24 hybrid with a 47.5 mm compressor-wheel inlet, extended-tip compressor, CNC-reprofiled housing, modified backplate, strengthened thrust bearing and trimmed turbine. The standard wastegate pressure actuator is retained; the earlier vacuum-actuator wording is superseded by the 2026-10-02 product-page review. The 555 hp claim requires FVD software, intercoolers and supporting tuning components. High-speed core balancing up to 100,000 rpm is a balancing condition, not an operating-speed limit. Product envelope 290 x 230 x 230 mm and mass 5.63 kg are supplier declarations, not OEM wheel geometry. Oil-line adapters may be required. No compressor/turbine map or complete wheel alloy/geometry is published."
SRC-FVD-993-TURBO-HEAT-SHIELD-DIMENSIONS;FVD Brombacher - couvercle de protection thermique du turbo 993 gauche;https://www.fvd.net/en-ch/shop/cover-heat-protection-turbo-loader-left-99312311351~p248974;993_Turbo / 993_GT2;"Déjà dans porscheparts ; contenu externe non reconsulté ici";FVD Brombacher GmbH;La fiche FVD de la reference 99312311351 indique pour le couvercle gauche une hauteur de 105 mm, une longueur de 160 mm, une largeur de 110 mm et une masse de 0,23 kg. Ce sont des donnees produit declarees par le vendeur, utiles pour l'encombrement et la masse, pas un releve metrologique ni une definition de l'epaisseur, des points de fixation ou de la face cote chaud. Le PET Porsche Fanatics confirme la reference dans le groupe 202-16, sans cote.
SRC-KLINE-993-TURBO-IN625-MANIFOLDS;Kline Innovation - Porsche 993 Turbo exhaust;https://www.kline-innovation.com/exhaust-collection/porsche/993-2/porsche-993-turbo/;993_Turbo;"Déjà dans porscheparts ; contenu externe non reconsulté ici";Kline Innovation;Kline déclare l'IN625 et 2,9 kg par collecteur, échangeur de chaleur inclus, pour son offre 993 Turbo. La page ne publie ni diamètres, épaisseurs, longueurs, trajectoires, brides, tolérances, méthode de fabrication ou dessin. La masse ne peut donc pas valider un noyau d'écoulement dépourvu d'échangeur.
SRC-MAHLE-VALVETRAIN-TECHNICAL-2025;MAHLE - Valve Train Components, technical information 2025;https://www.mahle-aftermarket.com/media/homepage/facelift/media-center/product-catalogs/mahle_valve_train_components_catalog_2025_screen_v002.pdf;internal_combustion_engine_valvetrain;"Déjà dans porscheparts ; contenu externe non reconsulté ici";MAHLE Aftermarket GmbH;La documentation distingue les soupapes mono- et bimetalliques ainsi que les soupapes creuses, et relie les choix de matiere aux sollicitations thermiques, mecaniques et d'usure. Elle confirme qu'une simple substitution de densite ne suffit pas a definir une soupape. Elle ne fournit pas une definition Porsche 993 ni une validation du titane pour cette application.
SRC-MAHLERETAIL-OC229-993-FILTER-INTERFACE;MHTeile - interface publiée du filtre MAHLE OC 229 pour 993;https://www.mhteile.com/en/p/1100-crankcase-mahle-oil-filter-for-porsche-993-1993-97-oc-229-99310720303-993170101;993_Coupe / 993_Cabrio / 993_Targa;"Déjà dans porscheparts ; contenu externe non reconsulté ici";MHTeile;"La fiche associe MAHLE OC 229 aux références Porsche 993 107 203 02/03 et publie hauteur 101 mm, diamètre 76 mm et filetage M20 x 1,5. Des catalogues de distribution donnent aussi un diamètre de base 72 mm, une portée de joint déclarée à 62 mm, un couple filtre de 20 Nm et une masse nette autour de 333 g. Ces valeurs décrivent le filtre, pas la console ; la portée, le filetage mâle, les jeux et l'étanchéité de la console doivent être mesurés sur pièces appariées."
SRC-MOTOR-TALK-993-TURBO-FORUM-TECHNICAL-LEADS;Motor-Talk - compilation communautaire sur le 993 Turbo;https://www.motor-talk.de/forum/993-turbo-fragen-zum-kauf-t1226876.html;993_Turbo / WLS_I / WLS_II / Turbo_S;"Déjà dans porscheparts ; contenu externe non reconsulté ici";Motor-Talk;"La discussion compile des pistes sur les versions 408/430/450 ch, l'usage des K16/K24, les modifications WLS, la limite possible du refroidissement de charge et du debitmetre lors de preparations puissantes. Les affirmations de puissance, de pression ou de seuil ne sont pas accompagnees d'un protocole, d'une configuration complete ou d'un rapport de banc ; elles restent des leads de recherche et ne doivent pas alimenter une condition limite."
SRC-PARTWORKS-993-EXHAUST-VALVE-DIMENSIONS;partworks - Dimensions declarees de soupapes d'echappement 993;https://partworks.de/Porsche/993-Ersatzteile_s2;993_Carrera / 993_Turbo;"Déjà dans porscheparts ; contenu externe non reconsulté ici";"partworks; SM Motorenteile";Le catalogue allemand partworks associe une soupape d'echappement 993 Carrera 272 ch (OE 99310541901) a une longueur de 109 mm, un diametre de tete de 42,5 mm et un diametre de queue de 8 mm. Pour la 993 Turbo 408 ch, il declare 108,9 mm, 43,5 mm et 8 mm, avec les references OE 99310541984, 99310541952 et 99310541953. Ce sont des declarations commerciales de produits SM Motorenteile/partworks, sans tolerance, angles, matiere, traitement thermique, geometrie de gorge, etat de surface, controle ou plan CAO, et sans mesure independante. La soupape et la distribution sont fortement chargees : cette fiche est documentaire uniquement et n'autorise ni reproduction, ni montage, ni liberation sans revue d'ingenierie professionnelle, caracterisation matiere et plan de validation fatigue approuve.
SRC-PATRICKMOTORSPORTS-993-TURBO-OIL-RETURN-PIPES;Patrick Motorsports - conduites de retour d'huile turbo 993;https://patrickmotorsports.com/products/tur99310733853pms;993_Turbo_1996_1997;"Déjà dans porscheparts ; contenu externe non reconsulté ici";Patrick Motorsports USA;"La page décrit un jeu gauche/droit fabriqué en interne pour 993 Turbo 1996-1997, entre pompe à huile et réservoir, avec forme optimisée contre le retour d'huile. Elle prescrit de monter d'abord côté carter puis d'ajuster la ligne vers le turbo. Elle ne publie ni dimensions, matériau, épaisseur, pression, température, débit, tolérances ni plan ; TUR 993 107 338 53 PMS est une référence commerciale alternative, pas une preuve de numéro Porsche OEM."
SRC-PELICAN-993-FAN-SHROUD-DELETE-CAD-LEAD;Pelican Parts - Demande de CAO pour couvercle de carter ventilateur 964/993;https://forums.pelicanparts.com/porsche-911-technical-forum/1123849-diy-3d-printing-tools-parts-thread-19.html;993 / 964_shared_component;"Déjà dans porscheparts ; contenu externe non reconsulté ici";"Pelican Parts Forums; utilisateur Falk930";Dans un fil consacre aux outils et pieces imprimees, l'utilisateur Falk930, qui indique l'Allemagne comme localisation, demande si quelqu'un possede un fichier ou une CAO pour le couvercle de suppression de carter de ventilateur 964/993. La page ne fournit ni reponse, ni fichier, ni cote, ni licence. C'est une piste de mise en relation avec un hobbyiste ou un concepteur, pas une geometrie reutilisable. Le role exact de la piece dans le refroidissement et le compartiment moteur doit etre clarifie avant toute fabrication.
SRC-PET-993-202-16-TURBO-OIL-CIRCUIT;Catalogue d'usine 993, planche 202-16 Turbocharger : inventaire du circuit d'huile;https://porschefanatics.com/oem/993/202-16/;993_Turbo;"Déjà dans porscheparts ; contenu externe non reconsulté ici";Porsche PET, releve transcrit par porschefanatics.com;La planche 202-16 identifie le circuit d'huile des deux K16. Quatre references portent la designation oil pipe, en deux positions : position 18 pour la paire 993 107 125 53 et 993 107 126 53, positions 20 et 21 pour 993 107 339 53 et 993 107 338 53. S'y ajoutent trois vent line, 993 107 311 53, 993 107 312 52 et 993 107 312 54, deux oil collection container, 993 107 127 51 et 993 107 128 51, et deux bracket, 993 107 005 52 et 993 107 005 53. Soit onze pieces de fluide ou de maintien, sans compter la visserie, les joints et les o-rings de la meme planche. Ce que la planche n'etablit PAS : quelle paire est l'alimentation et quelle paire est le retour, les dimensions, la matiere et les interfaces. Le catalogue identifie, il ne cote pas.
SRC-PFF-993-BITURBO-VARIANT-FORUM;PFF - retours communautaires sur les variantes 993 biturbo K16/K24;https://www.pff.de/thread/2651537-993-biturbo-408-430-450-ps-unterschiede/;993_Turbo / WLS_I / WLS_II / Turbo_S / GT2;"Déjà dans porscheparts ; contenu externe non reconsulté ici";Porsche Freunde Forum (PFF);La discussion allemande distingue les versions 408/430 ch avec K16 de la version 450 ch avec K24 et evoque les modifications WLS. Ce sont des retours et compilations de membres, utiles pour rechercher une configuration mais sans preuve de VIN, de plaque turbo, de banc ou de document Porsche. Aucune cote, carte compresseur ou mesure de debit n'est fournie.
SRC-PORSCHE-993-AIR-FILTER-TEILEGUTACHTEN;Porsche AG / TÜV - Dossier allemand du boîtier de filtre à air 993;https://www.pff.de/wcf/attachment/857534-993-luftfilter-4-pdf/;Carrera / model_year_1994_1996 / model_year_1996;"Déjà dans porscheparts ; contenu externe non reconsulté ici";"Dr. Ing. h.c. F. Porsche AG; TÜV Automotive GmbH / TÜV Süddeutschland";"Le PDF allemand de quatre pages comprend un Teilegutachten TÜV et une Herstellerbescheinigung Porsche datée du 19.11.2002. Il identifie le boîtier à couvercle perforé par la référence Porsche 993.110.030.06, le distingue par ses perforations latérales et son manchon d'admission chromé, et couvre les types 993 G484 et les variantes de modèle indiquées. Il impose une exécution conforme aux indications constructeur et une confirmation par un Porsche Zentrum. Aucune cote, coupe, CAO ou scan n'est publié; référence de configuration et de provenance uniquement, sans reproduction du document."
SRC-PORSCHE-993-DME-REFERENCE-SENSOR-GAP;Porsche AG - Jeu de capteur de référence DME 993;https://www.pff.de/wcf/file-download/612185/;Carrera;"Déjà dans porscheparts ; contenu externe non reconsulté ici";"Dr. Ing. h.c. F. Porsche AG; copie hébergée par PFF";"Le document technique allemand Porsche « DME-Diagnose 911 Carrera (993) » indique que l'écart réglable entre le capteur de régime/référence et la couronne du volant moteur doit être de 1,0 ± 0,2 mm. C'est une valeur de réglage de service, sans définition complète des datums, de la géométrie du capteur, de la couronne ou des tolérances de fabrication. Le PDF reste sous droits et n'est pas copié dans le dépôt; cette cote peut servir à contrôler une pièce ou une procédure, pas à reconstruire un capteur, un volant moteur ou une interface sans vérification indépendante."
SRC-PORSCHE-993-OBD-SUPPLEMENT-ENGINE-SPECIFICATIONS-1996;Porsche bulletin 9702 - Hydraulic Valve Lifters (legacy source ID retained);https://raw.githubusercontent.com/pubstack/pubstack.github.io/master/static/993/Technical%20Bulletin%20-%20Mechanical%20-%20Hydraulic%20Valve%20lifters.pdf;993_Carrera / 993_Turbo;"Déjà dans porscheparts ; contenu externe non reconsulté ici";Porsche AG (document technique usine, archive communautaire hebergeante);"Legacy record corrected on 2026-10-02: the linked publication is bulletin 9702, group 1559, dated 1997-01-28, about hydraulic valve lifters. It is not the OBD Engine Specifications document. Turbo standard lifter is 99310514103; size 1 is 99310514150 and size 2 is 99310514160. Earlier firing-order, 1.6 fan ratio, 1010 L/s cooling airflow and dry-sump specifications attributed to this bulletin are withdrawn. The separate Carrera Engine Specifications source is SRC-PORSCHE-993-ENGINE-SPECIFICATIONS-PUBSTACK; its numerical fan data are not accepted as M64.60 values. Historical source ID remains stable for existing references."
SRC-PORSCHE-993-US-PARTS-GUIDE-ENGINE-CYLINDERS;Porsche 993 Parts Guide - Engine, Cylinders and Cylinder Heads;https://www.porscheknowledge.com/wp-content/uploads/2023-03-911-993-1994-1998.pdf;993_Turbo / 993_Carrera;"Déjà dans porscheparts ; contenu externe non reconsulté ici";Porsche AG (leves de catalogue de pieces, archive publique);"Parts-catalogue metadata, corrected with 2017 PET review on 2026-10-02. The listed M8 x 22 stud quantity 12 is at model/catalogue level, not twelve per cylinder head. Separate M64.60 cylinder-head retaining studs total 24. Cylinder-base seal is 102 x 2 mm; six head gaskets and six air guides are listed per engine. PET quantities and references do not define a measured attachment pattern or manufacturing drawing. References and fitment require exact model-year/engine lines."
SRC-PORSCHE-AUSTRIA-993-107-45-PET;Porsche Austria PET - groupe 107-45, echangeur d'air 993;https://www.porsche.at/media/Kwc_Basic_DownloadTag_Component/4740-45397-124814-downloadTag/default/f5000535/1729608718/kat017-d-911-98-katalog.pdf;993_Turbo;"Déjà dans porscheparts ; contenu externe non reconsulté ici";Porsche Austria / Porsche AG;La planche 107-45 (KAT 17, modele Turbo) confirme les references OEM du circuit de suralimentation : echangeur 993 110 330 53, conduits 993 110 340 53/54, supports 993 110 110 50/52, sonde de temperature 993 606 114 00, durites gauche/droite 993 110 633 56 et 993 110 632 56, joints, O-rings 30 x 3, et colliers 60-80/12 et 40-60/9. La planche fournit une nomenclature et des quantites, pas des cotes de passage, une epaisseur, une perte de charge ou une CAO. Elle ne doit pas etre recopiee comme catalogue dans ce depot.
SRC-PORSCHE-CLASSICSHOP-USA;Porsche Classic Shop USA - 993 manuals section (legacy URL);https://www.classicshop.porsche.com/pcos-usa/technical-literature/manuals/993/;993_manuals_listing;"Déjà dans porscheparts ; contenu externe non reconsulté ici";Porsche AG;"Host does not resolve (DNS failure on 2026-08-28). Recorded so the dead official URL is not chased again; superseded by SRC-PORSCHE-SHOP-TECHLIT."
SRC-PORSCHE-NEWSROOM-993;The 993: Pinnacle of the air-cooled era and the last of its kind;https://newsroom.porsche.com/en/history/porsche-911-seven-generations-part-4-type-993-16486.html;model_range_overview;"Déjà dans porscheparts ; contenu externe non reconsulté ici";Porsche Newsroom;"Official historical and model-range reference; not a manufacturing drawing source."
SRC-PORSCHE-ORIGINALE-993-PRODUCT-DIMENSIONS;Porsche Classic Originale - Cotes produit publiees pour pieces 993;https://www.porsche.at/media/Kwc_Basic_DownloadTag_Component/4747-17426-26143-link-linkTag-child/default/340c65cc/1729604192/originale-01-teilekatalog.pdf;1994-1998 / model_range;"Déjà dans porscheparts ; contenu externe non reconsulté ici";Porsche AG / Porsche Classic;"Le catalogue allemand Porsche Classic Originale pour le type 993 (1994-1998) publie quelques dimensions de produits, notamment une nappe d'isolation de 1 000 x 500 x 2,3 mm et une bague de 12 x 14 x 15 mm, avec les references Porsche correspondantes. Ces dimensions sont des donnees de fiche constructeur pour identifier un produit, pas un plan de fabrication, une cote d'interface ou une mesure independante d'une piece deposee. Le PDF est protege par les droits Porsche et ne doit pas etre copie dans le depot; conserver uniquement l'URL, la reference, la valeur et la limite d'usage."
SRC-PORSCHE-PET-993-TURBO-HEAT-EXCHANGER-202-10;Porsche PET 993 - échappement et échangeurs Turbo, illustration 202-10;https://assets-v2.porsche.com/us/-/media/Project/PCOM/SharedSite/PorscheClassic/Original-Parts-Catalogue/PDF-EN-US/KAT517_USA_911_98_KATALOG;993_Turbo;"Déjà dans porscheparts ; contenu externe non reconsulté ici";Porsche AG;L'illustration 202-10 identifie notamment l'échangeur gauche 993 211 039 55 et droit 993 211 040 55, leurs bagues d'étanchéité, écrous M8 et tube de chauffage. Le PET établit identité, latéralité et voisinage d'assemblage, pas les dimensions, la matière, les tolérances ou les surfaces CAO. Aucun extrait ou dessin Porsche n'est redistribué.
SRC-PORSCHE-ROISSY-993-FAN-HOUSING-MASS;Porsche Roissy - Declared 993 Carrera Fan Housing Mass;https://www.boutiqueporscheroissy.fr/produit/99310666703-boitier-de-la-soufflerie-porsche/;993_fitment_declared;"Déjà dans porscheparts ; contenu externe non reconsulté ici";Centre Porsche Roissy;"Commercial listing relates 99310666703 to 99310666701 and gives 1.86 kg. Agreement with FVD 1.9 kg is not independent project weighing. Turbo M64.60 PET housing is 99310666750; no mass or alloy equivalence is demonstrated."
SRC-PORSCHE-UK-993-TURBO-BROCHURE-1995;Porsche UK - The Turbo, February 1995, M64/60;https://raw.githubusercontent.com/pubstack/pubstack.github.io/master/static/993/Brochure%20-%20Porsche%20UK%20993%20-%20the%20Turbo%20%5B1995%5D.pdf;993_Turbo;"Déjà dans porscheparts ; contenu externe non reconsulté ici";Porsche AG (archive statique publique consultee);"Corrected against the visually checked brochure, PDF pages 6, 7 and 22, on 2026-10-02: bore 100 mm, stroke 76.4 mm, published displacement 3600 cm3, compression ratio 8.0:1, 300 kW (408 hp printed; approximately 408 PS), 540 Nm, maximum boost 0.8 bar gauge. Previous 9.5:1, 1.0 bar / 350 kPa absolute, 232 kg dry engine mass and 12 L oil capacity attribution is withdrawn. This brochure does not establish those engine mass/oil-capacity figures. At assumed 1.0 bar ambient, 0.8 bar gauge is 1.8 bar absolute. The former anstack URL returned HTTP 404; this archive copy was reviewed. No manufacturing drawing or exact alloy/shaft-speed map supplied."
SRC-PORSCHE-WORKSHOP-MANUAL-964-VOL4-CHASSIS;Porsche 911 Carrera 4 / Carrera 2 (964) — Manuel d'atelier, Volume IV, Train roulant;;Carrera_2 / Carrera_4 / Turbo_Look / America_Roadster / Carrera_RS / Carrera_RS_America / Speedster;"Déjà dans porscheparts ; contenu externe non reconsulté ici";Porsche AG;Volume IV « Chassis » du manuel d'atelier 964, 183 pages, meme compilation PDF « Ultimate Tech Resource » que le volume V, scan sans couche texte exploitable. Le fichier n'est pas verse au depot, meme traitement que SRC-PORSCHE-WORKSHOP-MANUAL-964-VOL5-BODY : seules les valeurs sont reportees avec leur emplacement. Sommaire : suspension avant et arbre de roue groupe 40, suspension arriere groupe 42, roues pneus et geometrie groupe 44, ABS groupe 45, puis l'addendum Carrera 2 avec une pagination commencant a 100. Pages exploitees : 44-01 pressions de gonflage, 44-02 reglages de train avant, 44-03 reglages de train arriere, 44-04 fiche de mesure type. Interet particulier pour le jumeau de caisse : les hauteurs de reglage y sont definies depuis l'aire de contact de la roue au sol jusqu'a un point de CAISSE — a l'avant le boulon exterieur « Crossmember to body », qui est le point de datum P5 du volume V. Le volume IV apporte donc une cote verticale rattachee au plan de sol pour un point que le volume V ne cotait que transversalement. Le volume IV ne publie en revanche ni coordonnee de point d'ancrage de suspension, ni tableau de jantes et deports, ce dernier etant renvoye a l'Information Technique groupe 4, non consultee.
SRC-PORSCHE-WORKSHOP-MANUAL-993;Porsche - manuel d'atelier 911 (993), WKD 483 121;https://www.pelicanparts.com/More_Info/WKD483121.htm?pn=WKD-483-121-OEM;Carrera_1995_1998 / Carrera_4;"Déjà dans porscheparts ; contenu externe non reconsulté ici";Porsche AG;"Manuel d'atelier d'usine en huit volumes et 1481 pages, vendu sous la référence WKD 483 121 ; une référence WKD 483 150 apparaît également. Les index publics consultés le 2026-08-29 confirment que le volume IV couvre le train roulant et que le volume V contient les dimensions de construction, de réparation de caisse et du plancher. Un exemplaire numérisé de provenance non documentée a été consulté localement le 2026-08-28 sans être versé au dépôt ; seules des valeurs factuelles sont reportées avec leur emplacement. La table « Tightening torques: Removing and installing the engine », groupe 10, donne berceau moteur vers support moteur M12 à 85 Nm, support de boîte vers caisse M12 à 46 Nm et traverse arrière vers panneaux latéraux M12x1,5 à 120 Nm. Aucun volume Turbo : la référence 993 115 021 53 n'y est pas traitée. Les cotes du manuel ne constituent pas une géométrie CAO et les copies intégrales circulant en ligne restent écartées faute de droit de rediffusion démontrable."
SRC-PORSCHEFANATICS-993-ADDITIVE-PISTON-PRECEDENT;PorscheFanatics - précédent piston additif et pistons 993;https://porschefanatics.com/parts/c/engine-internals/;993 / 993_Turbo / 991_GT2_RS_method_precedent;"Déjà dans porscheparts ; contenu externe non reconsulté ici";PorscheFanatics;"Le registre recoupe le piston Porsche/MAHLE/TRUMPF moderne fabriqué par lit de poudre, annoncé environ 10 % plus léger et doté d'un conduit fermé sous calotte, et liste séparément des ensembles de pistons forgés en alliage d'aluminium pour la famille 993. Il sert au choix du candidat et au précédent DfAM uniquement. Le piston additif concerne une 991 GT2 RS, pas une 993 ; le registre ne fournit aucune surface, cote de piston 993, jeu, galerie, masse, nuance CP1 ou autorisation de transfert."
SRC-PORSCHEFANATICS-993-ENGINE-COOLING-IMPELLER-CANDIDATE;PorscheFanatics - turbine de refroidissement moteur 964/993;https://porschefanatics.com/parts/c/cooling/;993 / 964_shared_component;"Déjà dans porscheparts ; contenu externe non reconsulté ici";Porsche Fanatics;Le catalogue refroidissement PorscheFanatics identifie la turbine Porsche AG 964 106 015 31 pour 964/993 et la page moteur la situe dans l'entraînement de ventilateur. Il ne fournit ni diamètre fonctionnel, ni nombre/forme de pales, ni matière, ni régime, ni courbe, ni preuve additive.
SRC-PORSCHEFANATICS-993-FAN-HOUSING-CANDIDATE;PorscheFanatics - carter et flux du ventilateur moteur 993;https://porschefanatics.com/engine/993/;993_air_cooled / M64_research;"Déjà dans porscheparts ; contenu externe non reconsulté ici";Porsche Fanatics;La page moteur 993 explique que le carter dirige l'air de refroidissement et que son ajustement et son étanchéité sont fonctionnels. Le catalogue OEM 993 contient le groupe 105-00 air cooling. Cette source établit le rôle et la famille, mais ne fournit ni géométrie, ni matière, ni débit, ni charge, ni validation additive.
SRC-PORSCHEFANATICS-993-IN625-EXHAUST-REGISTER;PorscheFanatics - registre matière IN625 pour échappements 993;https://porschefanatics.com/materials/;993_Turbo;"Déjà dans porscheparts ; contenu externe non reconsulté ici";PorscheFanatics;"Le registre matière indique des offres 993 Turbo déclarées en IN625 pour système d'échappement, collecteurs avec échangeur, X-pipe et silencieux. PorscheFanatics précise que la matière n'est conservée que lorsqu'un fabricant la publie. Cette page établit un précédent matière et aide au criblage ; elle ne prouve ni la matière d'un embout FVD, ni sa géométrie, ni son aptitude LPBF."
SRC-PORSCHEFANATICS-993-LIGHTWEIGHT-BUMPER-SUPPORT;PorscheFanatics - support de pare-chocs avant allégé 993;https://porschefanatics.com/993/;993_Carrera / 993_Turbo / 993_GT2;"Déjà dans porscheparts ; contenu externe non reconsulté ici";PorscheFanatics;"Le registre 993 révisé nomme le Lightweight Bumper Support 993 avant gauche ou droit de FVD et conserve la masse fabricant de 0,145 kg. Cette page aide à sélectionner la pièce et à recouper la masse ; elle ne publie ni alliage, géométrie, trous, courbe effort-course, absorption d'énergie, crash test ou homologation. Pièce liée au choc : aucune reconstruction ou substitution ne peut être libérée à partir de ce registre."
SRC-PORSCHEFANATICS-993-MANUAL-DATA;Porsche Fanatics - index et donnees derivees du manuel d'atelier 993;https://porschefanatics.com/993/manual/;Carrera_1995_1998 / Carrera_4 / Carrera_4S_Turbo_Look / Carrera_RS / Tiptronic;"Déjà dans porscheparts ; contenu externe non reconsulté ici";Porsche Fanatics;"Le projet Porsche Fanatics publie un index de 235 procedures, 195 lignes de couples de serrage et 111 donnees techniques, chaque element renvoyant a une page du manuel. Les valeurs sont derivees d'une impression 2001 du manuel Porsche par OCR puis controlees dans le projet; elles restent des specifications constructeur et non des mesures du present depot. Les pages publiques utiles sont /993/manual/, /993/technical-data/ et /993/torques/. La fiche sert de pont de provenance et de point d'acces; aucun PDF, texte OCR brut, planche ou image protegee n'est copie ici. Les pages signalent elles-memes que l'index ne remplace pas le manuel et que les procedures, avertissements et vues eclatees doivent etre lues dans l'exemplaire autorise du lecteur. Les valeurs de freinage, de suspension, de direction, de roue et de moteur ne peuvent pas autoriser une fabrication sans mesure, revue d'ingenierie et plan de validation appropries."
SRC-PORSCHEFANATICS-993-OIL-FILTER-CONSOLE-CANDIDATE;PorscheFanatics - console et filtre à huile moteur 993;https://porschefanatics.com/oem/993/101-10/;993 / M64;"Déjà dans porscheparts ; contenu externe non reconsulté ici";Porsche Fanatics;Le groupe 101-10 identifie les consoles 993 107 057 00 et 993 107 057 01 à la position 44, ainsi que les filtres 993 107 203 00/03 à la position 48 avec une réponse MAHLE OC 229. Cette transcription établit l'identité et la proximité d'assemblage, mais ne publie ni surface, matière, galerie, interface, tolérance, pression, débit ou preuve d'interchangeabilité.
SRC-PORSCHEFANATICS-993-TECH-DATA;PorscheFanatics - 993 technical data;https://porschefanatics.com/993/technical-data/;993_Carrera / 993_Carrera_4 / 993_RS;"Déjà dans porscheparts ; contenu externe non reconsulté ici";PorscheFanatics;"111 valeurs issues d'une transcription OCR du manuel 993. Les pages sont conservees pour verification. Plusieurs unites et chaines montrent des artefacts OCR; aucune valeur n'est une mesure instrumentee ni une cote de fabrication validee."
SRC-PORSCHEFANATICS-993-TORQUES;PorscheFanatics - 993 tightening torques;https://porschefanatics.com/993/torques/;993_Carrera / 993_Carrera_4 / 993_RS;"Déjà dans porscheparts ; contenu externe non reconsulté ici";PorscheFanatics;195 couples ou angles issus d'une transcription OCR. Un couple ne remplace jamais la procedure, l'ordre de serrage, l'etat de lubrification ou les exigences de vis a usage unique. Verification primaire obligatoire avant intervention.
SRC-PORSCHEFANATICS-993-TURBO-IN625-MANIFOLDS;PorscheFanatics - collecteurs IN625 avec échangeur pour 993 Turbo;https://porschefanatics.com/parts/c/exhaust/;993_Turbo;"Déjà dans porscheparts ; contenu externe non reconsulté ici";PorscheFanatics;"Le catalogue recoupe l'offre Kline 993 Turbo en IN625 à 2,9 kg par côté avec échangeur et une offre Fabspeed inox décrite comme collecteur 3-en-1. Il sert à choisir le candidat et à recouper identité, matière, masse et topologie de famille ; il ne fournit aucune géométrie réutilisable et ne prouve pas que le produit Kline emploie le même collecteur 3-en-1."
SRC-PORSCHEFANATICS-PMO-964-993-46MM-INTAKE-MANIFOLD;PorscheFanatics - collecteur PMO 46 mm pour moteur 964/993;https://porschefanatics.com/parts/g/964/;964_shared_fitment / 993_3.6L;"Déjà dans porscheparts ; contenu externe non reconsulté ici";PorscheFanatics;"Le catalogue PorscheFanatics reprend le collecteur PMO 46 x 42 x 100 mm, trois boulons, finition aluminium brute et fitment moteur 964/993. Il sert à recouper identité, matière déclarée et sélection du candidat ; il ne publie aucune surface CAO, mesure indépendante ou preuve de performance."
SRC-PROTOMOTIVE-993-UPPER-VALVE-COVER-6061;Protomotive - couvre-culasses supérieurs 993 en 6061-T6;https://www.protomotive.com/wp422/product/993-turbo-and-carrera-upper-valve-covers/;993_Carrera / 993_Turbo;"Déjà dans porscheparts ; contenu externe non reconsulté ici";Protomotive;La fiche confirme une paire de couvre-culasses supérieurs 993 Carrera/Turbo, conçus en CAO, usinés dans du billet 6061-T6 et anodisés pour remplacer les caches plastiques sujets à fusion, déformation et fuite. Les 16 x 8 x 4 pouces et 8 lb affichés sont des données de colis/produit, pas une définition par pièce. Aucun plan, interface, entraxe, tolérance, planéité, charge ou donnée thermique n'est publié.
SRC-RENNLINE-TUBULAR-ENGINE-CARRIER;Rennline - tubular engine carrier for Porsche 964 and 993 non turbo;https://www.rennline.com/tubular-engine-carrier-sku-m19/;964_993_non_turbo;"Déjà dans porscheparts ; contenu externe non reconsulté ici";Rennline;Precedent commercial d'un berceau moteur de remplacement redessine en tubulaire, utile comme point de comparaison pour la phase 3. Retrieval automatise refuse (HTTP 403) le 2026-08-28 : matiere, masse, raideur et justification technique non verifiees. L'existence d'un produit du marche ne vaut pas validation d'ingenierie.
SRC-RENNLIST-993-K16-K24-COMPARATIVE-ENGINE-DYNO;Rennlist - comparaison moteur K16 hybride et K24RS sur 993;https://rennlist.com/forums/993-turbo-forum/394756-500hp-993-a-4.html;993_Turbo / K16_hybrid / K24RS;"Déjà dans porscheparts ; contenu externe non reconsulté ici";Rennlist community / TB993tt;"Le message compare sur le meme moteur une configuration K24RS de type K24/26, donnee a 522 PS DIN, et des hybrides K16 Stage 3, donnes a 471 hp ; il indique un essai moteur selon la meme methode DIN et une bande K16 proche de 470 hp de 5000 a 6800 tr/min. La configuration comprend aussi arbres a cames, culasses, echappement et moteur prepare. Les feuilles de banc ne sont pas reproduites ici et les regimes des pics ne sont pas tous fournis ; comparaison de niveau, pas carte turbo."
SRC-RENNLIST-993-RUF-TURBO-R-ENGINE-DYNO;Rennlist - points de banc moteur du RUF Turbo R 993 rapportes;https://rennlist.com/forums/993-turbo-forum/230177-k24-turbo-lag-2.html;993_Turbo / RUF_Turbo_R;"Déjà dans porscheparts ; contenu externe non reconsulté ici";Rennlist community / TB993tt;"Un message recopie des points de couple en lb-ft d'un banc moteur attribue a un client RUF Turbo R et indique une publication dans 911 & Porsche World de septembre 1998 : 267 a 2000 tr/min, 375 a 2500, 404 a 3000, 411 a 3500, 449 a 4000, 535 a 4500, 523 a 5000, 468 a 5500 et 395 a 6000. Le meme message annonce 506 hp a 5500 et 460 hp a 6000, ce qui n'est pas parfaitement coherent avec les points couple. Aucun scan du banc, protocole, pression, temperature, carburant ou correction n'est publie ; donnees d'ancrage, pas calibration complete."
SRC-SHINING3D-JULIA-993-REVERSE-ENGINEERING;Juliá Automobile — reverse engineering of a 1995 Porsche 993;https://www.shining3d.com/de/juli%C3%A1-automobile-shining-3d-when-passion-meets-3d-scanning-technology-classic-porsche-rebor;993_Coupe_1995;"Déjà dans porscheparts ; contenu externe non reconsulté ici";SHINING 3D and Juliá Automobile;Étude de cas allemande datée du 27 juin 2025 : une 993 Coupé 1995 est numérisée pour une reconstruction de châssis, carrosserie et pièces sur mesure avec un FreeScan Trak ProW. La précision métrologique de 0,02 mm citée est celle du système, pas une incertitude démontrée du modèle complet. Les fichiers restent privés. Source prioritaire pour identifier un détenteur de géométrie professionnelle et solliciter un partenariat ou des mesures ciblées.
SRC-TEILE-COM-993-ENGINE-CARRIER;teile.com - Motortraeger, 911 993, groupe 109-00 Motoraufhaengung;https://teile.com/de/porsche-ersatzteile-onlineshop/modell-911-993/2/Motor-Kuehlung/109-Motoraufhaengung/5/109-00-Motoraufhaengung/Motortraeger/1503;993_model_range;"Déjà dans porscheparts ; contenu externe non reconsulté ici";teile.com;Seule source rencontrée situant la reference 99311502153 dans le groupe Motortraeger du 993. Retrieval automatise refuse (HTTP 403) le 2026-08-28 : l'information vient du titre indexe, la page n'a pas ete lue. A confirmer sur le catalogue officiel avant d'etre traitee comme un fait.
SRC-TTH-993-K24-750-TURBO-PROCESSING;TTH - usinage de turbocompresseurs K24 993 jusqu'a 750 PS;https://www.turbo-technik-hamburg.de/shop/porsche/911/993/436/porsche-911-993-gt2-wls-i-ii-turbo-s-3-6-t-k24-750ps;993_Turbo / 993_GT2 / Turbo_S / WLS_II;"Déjà dans porscheparts ; contenu externe non reconsulté ici";Turbo Technik Hamburg;TTH decrit une preparation de K24 OEM/Porsche avec carter d'echappement 10, roue compresseur Extended Tip fraisee, carter compresseur usine CNC pour optimiser le jeu, turbine retouchee pour reduire la contre-pression, paliers et capsules de pression renforces, puis equilibriage fin jusqu'a 0,05 g. La fiche annonce jusqu'a 750 PS avec composants moteur et logiciel adaptes et exige des turbocompresseurs fournis en etat de fonctionnement. Aucun profil, jeu, vitesse, carte, materiau ou protocole d'essai n'est publie. Cette offre concerne K24 et non le K16 stock.
SRC-TTP-993-TURBO-TUNING-STAGES;TTP Automotive - niveaux de preparation biturbo 993;https://t-t-p.de/motortuning-porsche/;993_Carrera / 993_Turbo / 993_GT2;"Déjà dans porscheparts ; contenu externe non reconsulté ici";TTP Automotive GmbH / Turbo Technik Pietz;"TTP annonce des niveaux avec K16 a 450 PS, K16 modifies a 500 PS et K24 a 550 PS, ainsi qu'une conversion biturbo avec echangeur eau-air integre au compartiment moteur, refroidissement d'huile additionnel et gestion moteur programmable. La page donne aussi des cibles 450 PS/580 Nm, 500 PS/620 Nm et 550 PS/640 Nm, et indique des niveaux jusqu'a 600 PS avec expertise TÜV. Les chiffres sont des objectifs de preparation du tuner ; aucun rapport de banc, point de fonctionnement, carte turbo, pression ou temperature n'est publie."
SRC-TURBOMAP-COMPRESSOR-MAP-METHODOLOGY;Turbomap.ch - methodologie et conditions de cartes compresseur;https://www.turbomap.ch/Home/CompressorMaps;generic;"Déjà dans porscheparts ; contenu externe non reconsulté ici";Turbomap.ch;"Le site explique que ses cartes peuvent combiner donnees mesurees et calculees et indique des conditions de mesure de reference pour l'essence : T3 600 degres C, T1 20 degres C, huile a 100 degres C et 4 bar, liquide a 80 degres C. Aucune carte publique K16-6735/6736 exploitable n'a ete identifiee lors de la collecte ; cette page sert a definir les conditions a demander, pas a fournir une carte du turbo Porsche."
L01;Porsche workshop manual 993 WKD 483 121;https://www.pelicanparts.com/More_Info/WKD483121.htm?pn=WKD-483-121-OEM;Manuel Carrera, vérifier supplément Turbo;"Référence existante ; achat / accès atelier, non consulté intégralement.";Piste / index;
L02;Porsche PCSS / information technique service;https://pcss.porsche.com/;Documentation de service;"Accès professionnel ; point d’entrée, pas preuve d’accès au corpus M64.60.";Piste / index;
L03;Archive publique 993 — pubstack;https://github.com/pubstack/pubstack.github.io/tree/master/static/993;Manuels, brochures, bulletins;"Index API consulté ; les fichiers dont le contenu a été lu sont S01 et S05–S18, S23.";Piste / index;
L04;FIA Historic Database;https://historicdb.fia.com/;GT2 / homologations potentielles;"Accès de recherche refusé HTTP 403 ; aucun document GT2 spécifique retenu.";Piste / index;
L05;Ancien lien brochure anstack;https://anstack.github.io/porsche/pdfs/993/993-turbo.pdf;Ancienne fiche du dépôt;HTTP 404 confirmé le 02/10/2026.;Piste / index;
