groupe,id,titre,url,verification,type,limites
hybrides,FVD-K16-24,"FVD K16/24 left, FVD123013",https://www.fvd.net/fr/shop/turbocompr-sport-k16-24-g-pour-993-fvd123013~p262679,HTTP 200,primary_supplier_specification,"100,000 rpm is a balancing condition, not a maximum operating-speed specification | No exducer, turbine diameters, wheel alloy, complete profile, pressure-ratio, corrected flow, efficiency, or shaft-speed curve"
hybrides,TTH-K16-650,"TTH 993 Turbo K16 650PS, TTH-993-650B",https://www.turbo-technik-hamburg.de/shop/porsche/911/993/435/porsche-911-993-turbo-k16-650ps,HTTP 200,primary_supplier_specification,"No wheel diameter, pressure-ratio, corrected flow, speed, efficiency, temperature data or dyno configuration | 0.05g balance statement does not identify radius or balance quality grade"
hybrides,TTE-K16-650,"TTE650 5050 Porsche 993, TTE10488.1",https://tteglobal.com/porsche/911/993-turbo/490/tte650-5050-porsche-993-upgrade-turbochargers,HTTP 200,primary_supplier_specification,"No compressor exducer/turbine inducer, wheel material grade, design profile, shaft speed map, thermal limits or actual 993 dyno graph | General up-to-250,000 rpm VSR statement is application dependent and not an operating-speed declaration for this 993 product | Download Media Pack links to filename TTE650-996-20181217T091152Z-001.zip; do not treat 996 media as 993 evidence"
hybrides,TTE-K24-750,"TTE750 5154 Porsche 993, SW10064.1",https://tteglobal.com/porsche/911/993-turbo/65/tte750-5154-porsche-993-upgrade-turbochargers,HTTP 200,primary_supplier_specification,Actuator crack pressure is not full-load commanded boost | No compressor exducer/turbine inducer or operating-point data
hybrides,TTE-K24-800,"TTE800 5154 Porsche 993, SW10065.1",https://tteglobal.com/porsche/911/993-turbo/66/tte800-5154-porsche-993-upgrade-turbochargers,HTTP 200,primary_supplier_specification,"Supplier 800PS+ capacity is not a dyno curve nor guaranteed M64/60 road durability | No pressure-ratio, corrected flow, efficiency, compressor exducer or shaft-speed operating envelope"
hybrides,TTH-K24-750,"TTH 993 K24 750PS, TTH-993-750B",https://www.turbo-technik-hamburg.de/shop/porsche/911/993/436/porsche-911-993-gt2-wls-i-ii-turbo-s-3-6-t-k24-750ps,HTTP 200,primary_supplier_specification,"No wheel diameters, operating points, map, shaft speed or thermal data"
hybrides,BORGWARNER-993-UPGRADE,"BorgWarner Turbo Performance catalogue, PDF page 56",https://www.borgwarner.com/docs/default-source/iam/boosting-technologies/bw_turbo-performance-catalog.pdf#page=56,HTTP 200,primary_manufacturer_catalogue,"Catalogue labels hp, not PS; preserve unit as published | This is a product/application limit table, not a measured M64/60 dyno sheet | Catalogue contains other compressor maps, but no map for these K16-6735/6736 or upgrade references is linked on the 993 row"
hybrides,CARGRAPHIC-993-K16-24,Cargraphic Powerkit 2 LKP93T300S2,https://www.cargraphic.de/en/your-vehicle/for-porsche/for-911/for-993/for-turbo-turbo-s-36l/engine-upgrade-kits-porsche-993-turbo-s-36l/power-kit-2-for-porsche-993-turbo-36l/lkp93t300s2/,HTTP 200,primary_tuner_specification,"No plotted dyno trace, boost trace, test atmosphere or turbo map published"
hybrides,TURBO-DYNAMICS-MD433,Turbo Dynamics MD433 product and Porsche category,https://www.turbodynamics.co.uk/Products/Porsche_911_Hybrid_Turbos/MD433,HTTP 200,primary_supplier_page_without_specification,"Product page does not currently establish 993 donor/reference, geometry or capacity; use as supplier contact lead only"
hybrides,TURBO-TECHNICS-GENERAL,Turbo Technics performance turbos,https://turbotechnics.com/performance-turbos/,HTTP 200,primary_supplier_generic_process,"Generic hybrid/bespoke capability page, no verified public 993 product datasheet or map found in this search"
ruf,ruf-uk-turbo-r-current,"RUF Automobile UK – RUF Turbo R, 993 Turbo conversion",https://www.rufautomobile.co.uk/ruf-turbo-r,"HTTP 200, text read",RUF representative specification,"Current rebuild specification must not be projected onto original 1998 Turbo R. | 405 kW corresponds to approximately 550 PS, but approximately 543 bhp: source mixes unit labels. Preserve source wording. | No wheel geometry, pressure-ratio/flow/efficiency/speed map, turbine swallowing map, boost trace, fuel or ECU tables."
ruf,rstrada-turbo-r-historic,Rstrada – Turbo R,https://www.rstrada.com/turbo-r,"HTTP 200, text read",historical commercial specification,"No rpm for power/torque given on page. | No turbo map, wheel identification, boost or dyno protocol."
ruf,rstrada-ctr2,Rstrada – RUF CTR2 and CTR2 Sport,https://www.rstrada.com/ctr2,"HTTP 200, text read",historical commercial specification,"Architecture related to M64 air-cooled engine but configuration and intercoolers differ from stock 993 Turbo. | Exact KKK part numbers and hybrid geometry not provided. | No compressor map, efficiency or shaft-speed data."
ruf,pca-ruf-993-turbo-r,"PCA / Porsche Panorama – RUF: Rare, Unique, Fast: RUF 993 Turbo R",https://www.pca.org/news/ruf-rare-unique-fast-ruf-993-turbo-r,"HTTP 200, text read","technical feature, April 2023 Panorama; June 2023 online",Reported power above 500 hp is not a turbo flow measurement. | No compressor or turbine maps published. | Specific car differs from generic kit.
ruf,rennlist-k24-lag-page1,"Rennlist – K24 turbo lag, original page",https://rennlist.com/forums/993-turbo-forum/230177-k24-turbo-lag.html,"HTTP 200, text read","forum transcription/comparison, September–October 2005","Underlying Porsche or RUF graphs not obtained from primary source. | Mixed hardware, fuels and dynos; crankshaft rpm does not determine turbo shaft rpm. | No corrected flow, compressor inlet/outlet pressure and temperature, or turbo efficiency. | Some comparison plots explicitly contain guessed points."
ruf,rennlist-k24-lag-page2,"Rennlist – K24 turbo lag, page 2",https://rennlist.com/forums/993-turbo-forum/230177-k24-turbo-lag-2.html,"HTTP 200, text read; attachments listed but direct attachments HTTP 403","forum transcription/comparison, October 2005",RUF torque data do not reproduce claimed peak hp exactly. | Do not use secondhand PSI rpm as stock K16 speed limit or measurement. | Attachment bodies blocked and not visually inspected. | Power/torque curves cannot identify full compressor or turbine map.
ruf,rennlist-ruf-turbo-r-dyno,Rennlist – RUF turbo R dyno sheet (before tune up),https://rennlist.com/forums/993-turbo-forum/307359-ruf-turbo-r-dyno-sheet-before-tune-up.html,"HTTP 200, text read; attachments direct HTTP 403","owner dyno record, October 2006","Specific car acknowledged as possibly different from standard Turbo R. | Leak prevents clean baseline. | Dyno image bodies blocked; numerical outputs not read from graph. | No measured boost/airflow/AFR, speed lines or corrected map."
ruf,rennlist-ruf-conversion,Rennlist – Ruf 993 Turbo R Engine Conversion,https://rennlist.com/forums/993-turbo-forum/31130-ruf-993-turbo-r-engine-conversion.html,"HTTP 200, text read","specific conversion owner report, June 2002",Owner account is not manufacturing drawing or proof of wheel codes. | Multiple changes prevent attributing torque/response to turbo alone. | Reported rev limits must not be treated as factory engine rating.
ruf,rennlist-ruf-ctr2-conflict,Rennlist – RUF CTR2 turbo identification,https://rennlist.com/forums/993-turbo-forum/831976-ruf-ctr2.html,"HTTP 200, text read","forum discussion, September 2014",Exact CTR2 turbo part number unverified. | Do not list K26/27 or K24/26 as established CTR2 fact.
ruf,porsche-christophorus-turbo-history,Porsche Christophorus 394 – turbo engines,https://newsroom.porsche.com/christophorus/fr/2020/394/turbo-engines.html,Existing local source from previous research inspected,official overview,No full compressor or turbine map. | Article general statements about turbo temperatures are not unique 993 turbo material/thermal limits.
ruf,porsche-993-turbos-brochure-lead,Porsche 993 Turbo S brochure (archival PDF candidate),https://www.qsm.com.au/q/993TTS/PORSCHE_993_TURBO_S_BROCHURE.pdf,Search indexed; direct HTTP 503; unread,source lead only,Cannot establish chart content until PDF can be read.
ruf,sjm-k16-6717,SJM Autotechnik – K16 with 2467 GGA/GGB compressor,https://www.sjmautotechnik.com/parts_products/turbo/k16.htm,"HTTP 200, title/HTML read; image not inspected by this agent",published KKK map copy,Different part number from 993 stock 5316 988 6735/6736. | A K16 family label is insufficient for identity or flow scaling. | Audi source context; cannot declare it a Porsche stock K16 map.
cartes,map-sjm-k16-2467,SJM Autotechnik – K16 Turbo Map with 2467 GGA/GGB Compressor,https://www.sjmautotechnik.com/parts_products/turbo/k16.htm,"Public, HTTP200 ; carte inspectée visuellement",Vraie carte compresseur,"Scan peu défini, code groupé GGA/GGB ; pas de désignation 6735/6736, pas de preuve que le carter 993 et la configuration testée sont identiques. Pas de carte turbine ni limite mécanique publiée sur cette page. Ne pas utiliser160krpm comme régime limite OEM."
cartes,map-turbomap-porsche-996-k16,"Turbomap.ch – Turbocharger Database, gasoline applications",https://www.turbomap.ch/Home/TCDatabase,"Public catalogue HTTP200 ; jeux de données sur devis, pas acquis","Jeux numériques compresseur et turbine proposés, non téléchargés","Porsche996, moteurM96/70 refroidi par eau, référence complète turbo et pièces internes à demander au fournisseur. Ne pas attribuer cette carte au M64/60 993 sans comparaison. Pas de contact envoyé ni devis demandé."
cartes,map-garrett-g25-550,Garrett G-Series G25-550,https://www.garrettmotion.com/racing-and-performance/performance-catalog/turbo/g-series-g25-550/,"Public HTTP200, cartes inspectées visuellement",Carte compresseur et courbes débit corrigé turbine vs rapport de pression,
cartes,map-garrett-gt2860rs,Garrett GT2860RS,https://www.garrettmotion.com/racing-and-performance/performance-catalog/turbo/gt2860rs/,Public HTTP200 page ; URLs cartes présentes dans page fabricant,Carte compresseur et courbes débit turbine,
cartes,map-borgwarner-efr6258,BorgWarner Performance Turbocharger Catalog – EFR6258,https://www.borgwarner.com/docs/default-source/iam/boosting-technologies/bw_turbo-performance-catalog.pdf,PublicPDF déjà acquis ; page inspectée visuellement,Carte compresseur ; pas de carte turbine complète repérée à cette page,
cartes,map-borgwarner-efr6758,BorgWarner Performance Turbocharger Catalog – EFR6758,https://www.borgwarner.com/docs/default-source/iam/boosting-technologies/bw_turbo-performance-catalog.pdf,PublicPDF déjà acquis ; page inspectée visuellement,Carte compresseur ; pas de carte turbine complète repérée à cette page,
cartes,map-sjm-audi-k24,SJM Audi K24 Turbo Map,https://www.sjmautotechnik.com/parts_products/turbo/k24.html,"PublicHTTP200 page, carte liée",Carte compresseur Audi,Ce K24Audi n'est pas automatiquement le K24Porsche993. Le nomK24 seul est insuffisant.
cartes,map-sjm-audi-rs2,SJM Audi RS2 Turbo Map,https://www.sjmautotechnik.com/parts_products/turbo/rs2.html,"PublicHTTP200 page, carte liée",Carte compresseur AudiRS2,"Moteur différent du993, référence différente ; collaboration historiquePorscheRS2 ne fait pas de cette carte une cartePorsche993."
cartes,method-garrett-tech103,Garrett Turbo Tech103 Expert: Compressor Mapping (2019),https://www.garrettmotion.com/wp-content/uploads/2019/10/GAM_Turbo-Tech-103_Expert-1.pdf,"PublicHTTP200PDF,13pages",Méthodologie de lecture et choix de carte,
cartes,method-garrett-system-optimization,Garrett Turbo System Optimization,https://www.garrettmotion.com/racing-and-performance/choosing-a-turbocharger/turbo-system-optimization/,PublicHTTP200,,
restomod,singer-classic-turbo-2022,Singer presents results of Classic Turbo services,https://singervehicledesign.com/press/singer-presents-results-of-classic-turbo-services/,Contenu officiel consulté le 02/10/2026,Communiqué constructeur / fiche descriptive,"Ce moteur n’est pas le M64/60 3,6 L de série : cylindrée, admission, intercooling et commande de wastegate différents ; aucun fabricant/référence turbo publié dans cette page."
restomod,singer-dls-turbo-2023,Singer presents DLS Turbo services,https://singervehicledesign.com/press/singer-presents-dls-turbo-services/,Contenu officiel consulté le 02/10/2026,Communiqué constructeur / fiche descriptive,"Quatre soupapes par cylindre et 9000 tr/min changent le débit, le rendement volumétrique et les besoins de matching ; ce n’est pas une référence de K16 hybride pour 993 standard."
restomod,singer-sorcerer-2026,"Singer presents Sorcerer, the first Porsche 911 reimagined through DLS Turbo services",https://singervehicledesign.com/press/singer-presents-sorcerer-the-first-porsche-911-reimagined-for-its-owner-through-dls-turbo-services/,Contenu officiel consulté le 02/10/2026,Communiqué constructeur / configuration livrée,"Culasses à eau, quatre soupapes et turbines à géométrie variable constituent une architecture différente des K16 à géométrie fixe du M64/60 ; le nom Mezger ne suffit pas à établir une équivalence."
restomod,guntherwerks-turbo-current,Gunther Werks Turbo - fiche actuelle,https://guntherwerks.com/programs/turbo/,Contenu officiel consulté le 02/10/2026,Fiche constructeur actuelle consultée en octobre 2026,"La base de caisse 993 ne prouve pas la conservation du M64/60 ni des carters K16. Passage à 4,0 L et autre admission/commande ; aucun élément permettant de reconstruire une carte OEM."
base et méthode,P01,"Porsche UK — the Turbo, 1995",https://raw.githubusercontent.com/pubstack/pubstack.github.io/master/static/993/Brochure%20-%20Porsche%20UK%20993%20-%20the%20Turbo%20%5B1995%5D.pdf,Consulté ; PDF p.7 et p.22,Porsche / archive,"Courbe moteur, pas carte compresseur."
base et méthode,P02,TurboMaster — K16 droit 5316-988-6735,https://www.turbomaster.com/eng/turbo/borgwarner/5316-988-6735/,Consulté HTTP 200,Nomenclature distributeur,K16-2467GGA/8.88 ; CHRA 5316-710-0520 ; ne donne pas une carte.
base et méthode,P03,TurboMaster — K16 gauche 5316-988-6736,https://www.turbomaster.com/eng/turbo/borgwarner/5316-988-6736/,Consulté HTTP 200,Nomenclature distributeur,Différences de référence des carters de palier droite/gauche.
base et méthode,M01,BorgWarner — MatchBot,https://www.borgwarner.com/aftermarket/boosting-technologies/performance-turbochargers/matchbot,Consulté HTTP 200,Outil fabricant,Calcul de matching ; ne constitue pas une carte K16 mesurée.
