refs,quantity,candidate_or_value,package_or_type,purpose,status,source,cost_chf
D1-D128,128,APHHS1005LSECK/J3-PF,1.0x0.5mm,LED rouge face optique,candidate_not_released,S01,
U1-U6,6,TLC5947DAP,HTSSOP-32 DAP PowerPAD,Pilotage statique 144 sorties dont 128 utilisees,candidate_not_released,S31,
U7,1,SN74LVC125APW,TSSOP-14 PW,Adaptation logique SIN SCLK XLAT,candidate_not_released,S32,
U8,1,SN74LVC1G04DBVR,SOT-23-5 DBV,BLANK inverse de DISPLAY_EN,candidate_not_released,S33,
R1-R6,6,20.0 kohm 1 percent,0603 min 0.1W,IREF nominal 2.46mA,mpn_to_select,S31,
R7,1,10 kohm 1 percent,0603,Pull-up BLANK,mpn_to_select,design_assumption,
R8-R11,4,100 kohm 1 percent,0603,Pull-down SIN SCLK XLAT DISPLAY_EN cote entree,mpn_to_select,design_assumption,
R12-R14,3,33 ohm,0603,Serie sorties U7 a ajuster a l oscilloscope,mpn_to_select,design_assumption,
C1-C8,8,100 nF X7R 10V,0603,Decouplage local un par circuit,mpn_to_select,design_assumption,
C9,1,10 uF X7R 10V,0805 or larger,VCC reserve capacite effective sous polarisation a verifier,mpn_to_select,design_assumption,
C10,1,10 uF X7R 10V,0805 or larger,VLED reserve limitee pour coupure S1,mpn_to_select,design_assumption,
R15,1,1 kohm 1 percent,0603 min 0.1W,Decharge VLED apres ouverture S1,mpn_to_select,design_assumption,
J1,1,2 pins keyed,Locking connector,Entree 3.3V banc uniquement,mpn_to_select,design_assumption,
J2,1,6 pins keyed,Locking connector,GND SIN SCLK XLAT DISPLAY_EN GND,mpn_to_select,design_assumption,
S1,1,SPST manual switch,DC rating to review,Coupure VLED independante MCU,mpn_to_select,design_assumption,
TP,8,VCC VLED GND SIN SCLK XLAT BLANK SOUT,Test pads,Mesures et analyseur logique,layout_to_define,design_assumption,
PCB,1,Coupon 16x8 pitch 2.5 OR 4mm,FR4 stack-up to review,Empreintes cuivre et contour a dessiner,not_routed,design_assumption,
CTRL,1,nRF52840 DK,External development kit,Controle SPI puis BLE sans alimentation LED depuis DK,revision_to_confirm,S34,
PSU,1,3.3V regulated current-limited,External bench equipment,Pas une source automobile,instrument_to_identify,design_assumption,
