layer,z_mm,cross_section_area_mm2,intersection_segments
0,0.025,2822.5792477858936,245
1,0.07500000000000001,2820.85283868236,245
2,0.12500000000000003,2819.1255772643003,245
3,0.17500000000000004,2817.397463531713,245
4,0.22500000000000003,2815.6684974845994,245
5,0.275,2813.938679122959,245
6,0.32500000000000007,2812.2080084467925,245
7,0.37500000000000006,2810.4764854560976,245
8,0.4250000000000001,2808.744110150878,245
9,0.4750000000000001,2807.01088253113,245
10,0.5250000000000001,2805.2768025968553,245
11,0.5750000000000001,2803.5418703480545,245
12,0.6250000000000001,2801.806085784726,245
13,0.6750000000000002,2800.069448906872,245
14,0.7250000000000001,2798.3319597144896,245
15,0.7750000000000001,2796.5936182075816,245
16,0.8250000000000002,2794.854424386145,245
17,0.8750000000000002,2793.114378250185,245
18,0.9250000000000002,2791.3734797996963,245
19,0.9750000000000002,2789.6317290346797,245
20,1.0250000000000001,2787.8891259551383,245
21,1.0750000000000002,2786.1456705610685,245
22,1.1250000000000002,2784.401362852473,245
23,1.1750000000000003,2782.6562028293506,245
24,1.2250000000000003,2780.9101904917015,245
25,1.2750000000000004,2779.1633258395254,245
26,1.3250000000000002,2777.4156088728214,245
27,1.3750000000000002,2775.6670395915917,245
28,1.4250000000000003,2773.917617995835,245
29,1.4750000000000003,2772.167344085551,245
30,1.5250000000000004,2770.4162178607407,245
31,1.5750000000000004,2768.6642393214047,245
32,1.6250000000000002,2766.91140846754,245
33,1.6750000000000003,2765.157725299149,245
34,1.7250000000000003,2763.403189816232,245
35,1.7750000000000004,2761.6478020187874,245
36,1.8250000000000004,2759.891561906816,245
37,1.8750000000000004,2758.1344694803192,245
38,1.9250000000000003,2756.3765247392944,245
39,1.9750000000000003,2754.6177276837425,245
40,2.0250000000000004,2752.8580783136645,245
41,2.075,2751.0975766290594,245
42,2.1250000000000004,2749.3362226299273,245
43,2.1750000000000003,2747.5740163162695,245
44,2.2250000000000005,2745.810957688084,245
45,2.2750000000000004,2744.0470467453715,245
46,2.3250000000000006,2742.2822834881326,245
47,2.3750000000000004,2740.516667916366,245
48,2.4250000000000003,2738.7502000300738,245
49,2.4750000000000005,2736.9828798292538,245
50,2.5250000000000004,2735.214707313908,245
51,2.5750000000000006,2733.445682484036,245
52,2.6250000000000004,2731.675805339635,245
53,2.6750000000000007,2729.9050758807084,245
54,2.7250000000000005,2728.1334941072555,245
55,2.7750000000000004,2726.361060019275,245
56,2.8250000000000006,2724.5877736167677,245
57,2.8750000000000004,2722.8136348997336,245
58,2.9250000000000007,2721.0386438681726,245
59,2.9750000000000005,2719.262800522086,245
60,3.025000000000001,2717.486104861472,245
61,3.0750000000000006,2715.7085568863304,245
62,3.1250000000000004,2713.930156596663,245
63,3.1750000000000007,2712.1509039924676,245
64,3.2250000000000005,2710.370799073747,245
65,3.275000000000001,2708.5898418404995,245
66,3.3250000000000006,2706.8080322927235,245
67,3.3750000000000004,2705.0253704304223,245
68,3.4250000000000007,2703.2418562535936,245
69,3.4750000000000005,2701.4574897622383,245
70,3.525000000000001,2699.6722709563555,245
71,3.5750000000000006,2697.886199835946,245
72,3.625000000000001,2696.0992764010116,245
73,3.6750000000000007,2694.311500651548,245
74,3.7250000000000005,2692.522872587559,245
75,3.775000000000001,2690.733392209043,245
76,3.8250000000000006,2688.9430595160006,245
77,3.875000000000001,2687.1518745084304,245
78,3.9250000000000007,2685.3598371863336,245
79,3.975000000000001,2683.5669475497107,245
80,4.025,2681.7732055985607,245
81,4.075000000000001,2679.9786113328832,245
82,4.125000000000001,2678.183164752679,245
83,4.175000000000001,2676.386865857949,245
84,4.2250000000000005,2674.589714648692,245
85,4.275000000000001,2672.7917111249076,245
86,4.325000000000001,2670.9928552865963,245
87,4.375000000000001,2669.1931471337584,245
88,4.425000000000001,2667.3925866663944,245
89,4.4750000000000005,2665.591173884503,245
90,4.525000000000001,2663.788908788085,245
91,4.575000000000001,2661.9857913771402,245
92,4.625000000000001,2660.181821651668,245
93,4.675000000000001,2658.3769996116703,245
94,4.7250000000000005,2656.571325257145,245
95,4.775000000000001,2654.764798588092,245
96,4.825000000000001,2652.9574196045132,245
97,4.875000000000001,2651.1491883064077,245
98,4.925000000000001,2649.3401046937747,245
99,4.9750000000000005,2647.530168766616,245
100,5.025000000000001,2645.71938052493,245
101,5.075000000000001,2643.907739968717,245
102,5.125000000000001,2642.0952470979773,245
103,5.175000000000001,2640.28190191271,245
104,5.225000000000001,2638.4677044129176,245
105,5.275000000000001,2636.6526545985976,245
106,5.325000000000001,2634.83675246975,245
107,5.375000000000001,2633.019998026377,245
108,5.425000000000001,2631.2023912684767,245
109,5.475000000000001,2629.383932196049,245
110,5.525000000000001,2627.5646208090952,245
111,5.575000000000001,2625.744457107614,245
112,5.625000000000001,2623.9234410916065,245
113,5.675000000000001,2622.101572761072,245
114,5.725000000000001,2620.27885211601,245
115,5.775000000000001,2618.455279156423,245
116,5.825000000000001,2616.630853882308,245
117,5.875000000000001,2614.8055762936665,245
118,5.925000000000001,2612.9794463904973,245
119,5.975000000000001,2611.152464172803,245
120,6.025000000000001,2609.3246296405805,245
121,6.075000000000001,2607.495942793831,245
122,6.125000000000001,2605.666403632556,245
123,6.175000000000002,2603.8360121567534,245
124,6.225000000000001,2602.0047683664247,245
125,6.275000000000001,2600.172672261569,245
126,6.325000000000001,2598.3397238421853,245
127,6.375000000000001,2596.5059231082764,245
128,6.425000000000002,2594.6712700598396,245
129,6.475000000000001,2592.8357646968766,245
130,6.525000000000001,2590.9994070193866,245
131,6.575000000000001,2589.162197027369,245
132,6.625000000000001,2587.3241347208264,245
133,6.675000000000002,2585.485220099756,245
134,6.725000000000001,2583.645453164158,245
135,6.775000000000001,2581.8048339140346,245
136,6.825000000000001,2579.9633623493837,245
137,6.875000000000002,2578.1210384702053,245
138,6.925000000000002,2576.277862276502,245
139,6.975000000000001,2574.4338337682702,245
140,7.025000000000001,2572.5889529455126,245
141,7.075000000000001,2570.849305789188,210
142,7.125000000000002,2569.192322564943,210
143,7.175000000000002,2567.5357733341193,210
144,7.225000000000001,2565.8796580967146,210
145,7.275000000000001,2564.223976852729,210
146,7.325000000000001,2562.5687296021633,210
147,7.375000000000002,2560.9139163450172,210
148,7.425000000000002,2559.259537081291,210
149,7.475000000000001,2557.605591810984,210
150,7.525000000000001,2555.9520805340967,210
151,7.575000000000001,2554.299003250629,210
152,7.625000000000002,2552.646359960581,210
153,7.675000000000002,2550.9941506639534,210
154,7.725000000000001,2549.3423753607444,210
155,7.775000000000001,2547.6910340509553,210
156,7.825000000000002,2546.040126734586,210
157,7.875000000000002,2544.3896534116357,210
158,7.925000000000002,2542.739614082106,210
159,7.975000000000001,2541.0900087459954,210
160,8.025000000000002,2539.4408374033046,210
161,8.075000000000001,2537.792100054033,210
162,8.125000000000002,2536.143796698181,210
163,8.175,2534.4959273357485,210
164,8.225000000000001,2532.8484919667367,210
165,8.275000000000002,2531.2014905911433,210
166,8.325000000000001,2529.55492320897,210
167,8.375000000000002,2527.908789820217,210
168,8.425000000000002,2526.263090424883,210
169,8.475000000000001,2524.6178250229677,210
170,8.525000000000002,2522.972993614474,210
171,8.575000000000001,2521.328596199398,210
172,8.625000000000002,2519.684632777743,210
173,8.675000000000002,2518.041103349507,210
174,8.725000000000001,2516.398007914691,210
175,8.775000000000002,2514.7553464732937,210
176,8.825000000000001,2513.113119025317,210
177,8.875000000000002,2511.4713255707593,210
178,8.925000000000002,2509.8299661096207,210
179,8.975000000000001,2508.189040641903,210
180,9.025000000000002,2506.548549167604,210
181,9.075000000000001,2504.9084916867255,210
182,9.125000000000002,2503.268868199266,210
183,9.175000000000002,2501.6296787052256,210
184,9.225000000000001,2499.990923204606,210
185,9.275000000000002,2498.3526016974056,210
186,9.325000000000001,2496.7147141836244,210
187,9.375000000000002,2495.0772606632627,210
188,9.425000000000002,2493.4402411363208,210
189,9.475000000000001,2491.8036556028,210
190,9.525000000000002,2490.1675040626965,210
191,9.575000000000001,2488.531786516014,210
192,9.625000000000002,2486.896502962751,210
193,9.675000000000002,2485.261653402907,210
194,9.725000000000001,2483.627237836484,210
195,9.775000000000002,2481.993256263479,210
196,9.825000000000001,2480.3597086838945,210
197,9.875000000000002,2478.726595097729,210
198,9.925000000000002,2477.0939155049837,210
199,9.975000000000001,2475.461669905658,210
200,10.025000000000002,2473.8298582997513,210
201,10.075000000000003,2472.1984806872647,210
202,10.125000000000002,2470.567537068198,210
203,10.175000000000002,2468.93702744255,210
204,10.225000000000001,2467.3069518103225,210
205,10.275000000000002,2465.677310171514,210
206,10.325000000000003,2464.048102526126,210
207,10.375000000000002,2462.4193288741567,210
208,10.425000000000002,2460.790989215607,210
209,10.475000000000001,2459.163083550478,210
210,10.525000000000002,2457.5356118787677,210
211,10.575000000000003,2455.9085742004772,210
212,10.625000000000002,2454.281970515606,210
213,10.675000000000002,2452.6558008241554,210
214,10.725000000000001,2451.0300651261236,210
215,10.775000000000002,2449.4291355138485,246
216,10.825000000000003,2448.2628371266437,246
217,10.875000000000002,2447.6776358292495,246
218,10.925000000000002,2447.6735316216673,246
219,10.975000000000001,2448.250524503898,246
220,11.025000000000002,2449.4086144759385,246
221,11.075000000000003,2451.147801537789,246
222,11.125000000000002,2453.468085689452,246
223,11.175000000000002,2456.3694669309275,246
224,11.225000000000001,2459.851945262212,246
225,11.275000000000002,2463.915520683311,246
226,11.325000000000003,2468.56019319422,246
227,11.375000000000002,2473.78596279494,246
228,11.425000000000002,2479.592829485471,246
229,11.475000000000001,2485.9807932658146,246
230,11.525000000000002,2492.949854135968,246
231,11.575000000000003,2500.5000120959335,246
232,11.625000000000002,2508.6312671457104,246
233,11.675000000000002,2517.343619285298,246
234,11.725000000000001,2526.6370685146994,246
235,11.775000000000002,2536.51161483391,246
236,11.825000000000003,2546.9672582429325,246
237,11.875000000000002,2558.0039987417686,246
238,11.925000000000002,2569.6219370599524,282
239,11.975000000000003,2581.826237480536,282
240,12.025000000000002,2594.5351136543873,300
241,12.075000000000003,2607.3477878475155,300
242,12.125000000000002,2620.2126404098044,300
243,12.175000000000002,2633.1296713412617,300
244,12.225000000000003,2646.098880641878,300
245,12.275000000000002,2659.1202683116567,300
246,12.325000000000003,2672.1938343506013,300
247,12.375000000000002,2685.3195787587047,300
248,12.425000000000002,2698.4975015359755,300
249,12.475000000000003,2711.7276026824056,300
250,12.525000000000002,2725.0098821979986,300
251,12.575000000000003,2738.344340082754,300
252,12.625000000000002,2751.7309763366734,300
253,12.675000000000002,2765.1697909597574,300
254,12.725000000000003,2778.660783952004,300
255,12.775000000000002,2792.203955313411,300
256,12.825000000000003,2805.7993050439813,300
257,12.875000000000002,2819.4468331437156,300
258,12.925000000000002,2833.1465396126105,300
259,12.975000000000003,2846.8984244506714,300
260,13.025000000000002,2860.7024876578917,300
261,13.075000000000003,2874.558729234276,300
262,13.125000000000002,2888.4697836107166,336
263,13.175000000000002,2902.4451223110873,336
264,13.225000000000003,2916.484746845507,336
265,13.275000000000002,2930.584772600419,336
266,13.325000000000003,2944.7447188619526,336
267,13.375000000000002,2958.964585630134,336
268,13.425000000000002,2973.244372904947,336
269,13.475000000000003,2987.5840806863926,336
270,13.525000000000002,3001.9837089744756,336
271,13.575000000000003,3016.4432577691914,336
272,13.625000000000002,3030.9627270705455,336
273,13.675000000000002,3045.5421168785324,336
274,13.725000000000003,3060.181427193156,336
275,13.775000000000002,3074.8806580144114,336
276,13.825000000000003,3089.639809342302,336
277,13.875000000000004,3104.4588811768303,336
278,13.925000000000002,3119.337873517994,336
279,13.975000000000003,3134.276786365796,336
280,14.025000000000002,3149.2756197202243,336
281,14.075000000000003,3164.334373581293,336
282,14.125000000000004,3179.453048109111,336
283,14.175000000000002,3194.6316432387343,336
284,14.225000000000003,3209.8701588738995,336
285,14.275000000000002,3225.1685950145975,336
286,14.325000000000003,3240.3122741307325,363
287,14.375000000000004,3254.976789616965,363
288,14.425000000000002,3269.1585690713073,363
289,14.475000000000003,3282.851348048621,363
290,14.525000000000002,3296.0525202587164,363
291,14.575000000000003,3308.7620857015854,363
292,14.625000000000004,3320.9800443772283,363
293,14.675000000000002,3332.7063962856478,363
294,14.725000000000003,3343.941141426846,363
295,14.775000000000002,3354.684279800811,363
296,14.825000000000003,3364.935811407562,363
297,14.875000000000004,3374.695736247084,363
298,14.925000000000002,3383.9640543193755,363
299,14.975000000000003,3392.7407656244523,363
300,15.025000000000002,3401.0258701622997,363
301,15.075000000000003,3408.819367932928,363
302,15.125000000000004,3416.121258936324,363
303,15.175000000000002,3422.9315431725054,363
304,15.225000000000003,3429.250220641451,363
305,15.275000000000002,3435.0772913431792,363
306,15.325000000000003,3440.41275527768,363
307,15.375000000000004,3445.2566124449604,363
308,15.425000000000002,3449.608862845016,363
309,15.475000000000003,3453.4695064778402,363
310,15.525000000000002,3456.8385433434505,363
311,15.575000000000003,3459.7159734418283,363
312,15.625000000000004,3462.101796772984,363
313,15.675000000000002,3464.134532048197,354
314,15.725000000000003,3466.157433166302,354
315,15.775000000000004,3468.18249907083,354
316,15.825000000000003,3470.1996264517975,354
317,15.875000000000004,3472.2083390304283,354
318,15.925000000000002,3474.208636806711,354
319,15.975000000000003,3476.2005197806593,354
320,16.025000000000002,3478.183987952255,354
321,16.075000000000003,3480.1590413215154,354
322,16.125000000000004,3482.125679888438,354
323,16.175000000000004,3484.083903653007,354
324,16.225,3486.033712615247,354
325,16.275000000000002,3487.9751067751386,354
326,16.325000000000003,3489.9080861326906,354
327,16.375000000000004,3491.832650687902,354
328,16.425000000000004,3493.7488004407683,354
329,16.475,3495.656535391294,354
330,16.525000000000002,3497.555855539482,354
331,16.575000000000003,3499.446760885322,354
332,16.625000000000004,3501.3292514288296,354
333,16.675000000000004,3503.203327169985,354
334,16.725000000000005,3505.0688072524995,354
335,16.775000000000002,3506.924961316518,354
336,16.825000000000003,3508.771712246209,354
337,16.875000000000004,3510.6090600415746,354
338,16.925000000000004,3512.4370047026105,354
339,16.975000000000005,3514.255546229323,354
340,17.025000000000002,3516.06468462171,354
341,17.075000000000003,3517.864419879769,354
342,17.125000000000004,3519.654752003492,354
343,17.175000000000004,3521.4356809928995,354
344,17.225000000000005,3523.207206847979,354
345,17.275000000000002,3524.969329568737,354
346,17.325000000000003,3526.72449586471,354
347,17.375000000000004,3528.478395204778,354
348,17.425000000000004,3530.2312592011926,354
349,17.475000000000005,3531.983087853948,354
350,17.525000000000002,3533.7338811630534,354
351,17.575000000000003,3535.483639128507,354
352,17.625000000000004,3537.2323617502984,354
353,17.675000000000004,3538.9800375058503,354
354,17.725000000000005,3540.726164756811,354
355,17.775000000000002,3542.4704756200777,354
356,17.825000000000003,3544.2129700956434,354
357,17.875000000000004,3545.9536481835175,354
358,17.925000000000004,3547.6925098836855,354
359,17.975000000000005,3549.429555196153,354
360,18.025000000000002,3551.1647841209306,354
361,18.075000000000003,3552.898196658002,354
362,18.125000000000004,3554.6297928073764,354
363,18.175000000000004,3556.359572569054,354
364,18.225000000000005,3558.0875359430343,354
365,18.275000000000002,3559.8136829293157,354
366,18.325000000000003,3561.538064136028,354
367,18.375000000000004,3563.260979038886,354
368,18.425000000000004,3564.9824768614108,354
369,18.475000000000005,3566.7025576035912,354
370,18.525000000000002,3568.4212212654375,354
371,18.575000000000003,3570.138467846942,354
372,18.625000000000004,3571.854297348109,354
373,18.675000000000004,3573.5717015138166,372
374,18.725000000000005,3575.3039798028194,372
375,18.775000000000002,3577.0527205084372,372
376,18.825000000000003,3578.8179236306596,372
377,18.875000000000004,3580.599589169493,372
378,18.925000000000004,3582.397717124937,372
379,18.975000000000005,3584.2123074969913,372
380,19.025000000000002,3586.0433602856538,372
381,19.075000000000003,3587.89087549092,372
382,19.125000000000004,3589.754853112805,372
383,19.175000000000004,3591.635293151298,372
384,19.225000000000005,3593.5321956064017,372
385,19.275000000000002,3595.4455604781106,372
386,19.325000000000003,3597.3753877803015,372
387,19.375000000000004,3599.3217408530895,372
388,19.425000000000004,3601.2846793833723,372
389,19.475000000000005,3603.264203371156,372
390,19.525000000000002,3605.2603128164264,372
391,19.575000000000003,3607.2730077191945,372
392,19.625000000000004,3609.3022880794524,372
393,19.675000000000004,3611.348153897204,372
394,19.725000000000005,3613.4106051724593,372
395,19.775000000000002,3615.4896419052034,372
396,19.825000000000003,3617.5852640954463,372
397,19.875000000000004,3619.697471743174,372
398,19.925000000000004,3621.8262648484033,372
399,19.975000000000005,3623.971643411125,372
400,20.025000000000002,3626.1336074313404,372
401,20.075000000000003,3628.312156909053,372
402,20.125000000000004,3630.507291844261,372
403,20.175000000000004,3632.7190122369625,372
404,20.225000000000005,3634.9473180871564,372
405,20.275000000000006,3637.192209394841,372
406,20.325000000000003,3639.4536861600272,372
407,20.375000000000004,3641.730746242084,354
408,20.425000000000004,3644.0155569174613,354
409,20.475000000000005,3646.3064537087475,354
410,20.525000000000006,3648.603436615955,354
411,20.575000000000003,3650.903952535676,354
412,20.625000000000004,3653.1921161925256,354
413,20.675000000000004,3655.4651832973786,354
414,20.725000000000005,3657.7231538502224,354
415,20.775000000000006,3659.966027851069,354
416,20.825000000000003,3662.1938052999158,354
417,20.875000000000004,3664.406486196755,354
418,20.925000000000004,3666.604070541598,354
419,20.975000000000005,3668.7865583344337,354
420,21.025000000000006,3670.953949575267,354
421,21.075000000000003,3673.1062442641,354
422,21.125000000000004,3675.2434424009307,354
423,21.175000000000004,3677.4680797197484,389
424,21.225000000000005,3679.7232968246426,389
425,21.275000000000006,3681.9623141908914,389
426,21.325000000000003,3684.184833476389,389
427,21.375000000000004,3686.3897250955674,389
428,21.425000000000004,3688.576879834997,389
429,21.475000000000005,3690.7462976946813,389
430,21.525000000000006,3692.8979786746177,389
431,21.575000000000003,3695.0319227748114,389
432,21.625000000000004,3697.1481299952607,389
433,21.675000000000004,3699.2466003359577,389
434,21.725000000000005,3701.3273337969163,389
435,21.775000000000006,3703.3903303781253,389
436,21.825000000000003,3705.4355900795917,389
437,21.875000000000004,3707.4631129013083,389
438,21.925000000000004,3709.4728988432817,389
439,21.975000000000005,3711.4649479055097,389
440,22.025000000000006,3713.4392600879937,389
441,22.075000000000003,3715.395618138239,389
442,22.125000000000004,3717.332962097293,389
443,22.175000000000004,3719.251150499842,389
444,22.225000000000005,3721.150183345865,389
445,22.275000000000006,3723.0300606353726,389
446,22.325000000000003,3724.8907823683717,389
447,22.375000000000004,3726.7323485448487,389
448,22.425000000000004,3728.557492486727,389
449,22.475000000000005,3730.3706316817365,389
450,22.525000000000006,3732.1718264262904,389
451,22.575000000000003,3733.9610767203903,389
452,22.625000000000004,3735.738382564031,389
453,22.675000000000004,3737.503743957215,389
454,22.725000000000005,3739.2571608999524,389
455,22.775000000000006,3740.9986333922297,389
456,22.825000000000003,3742.730029482477,407
457,22.875000000000004,3744.469785625525,407
458,22.925000000000004,3746.2226089425862,407
459,22.975000000000005,3747.988499433665,407
460,23.025000000000006,3749.767457098762,407
461,23.075000000000003,3751.559481937876,407
462,23.125000000000004,3753.364573950998,407
463,23.175000000000004,3755.1827331381483,407
464,23.225000000000005,3757.013989482057,407
465,23.275000000000006,3758.858451784294,407
466,23.325000000000003,3760.716129945698,407
467,23.375000000000004,3762.5870239662813,407
468,23.425000000000004,3764.4711338460475,407
469,23.475000000000005,3766.3684595849845,407
470,23.525000000000006,3768.279001183106,407
471,23.575000000000003,3770.2027586404038,407
472,23.625000000000004,3772.1397319568787,407
473,23.675000000000004,3774.0899211325323,407
474,23.725000000000005,3776.053326167365,407
475,23.775000000000006,3778.0299470613736,407
476,23.825000000000006,3780.0197838145623,407
477,23.875000000000004,3782.0228364269274,407
478,23.925000000000004,3784.0391048984643,407
479,23.975000000000005,3786.0685892291917,407
480,24.025000000000006,3788.1112808492994,407
481,24.075000000000006,3790.1670228734306,407
482,24.125000000000004,3792.2357566578034,407
483,24.175000000000004,3794.317482202416,407
484,24.225000000000005,3796.4121995072837,407
485,24.275000000000006,3798.5199085723857,407
486,24.325000000000006,3800.6406093977357,407
487,24.375000000000004,3802.774301983333,407
488,24.425000000000004,3804.920986329169,407
489,24.475000000000005,3807.0806624352476,407
490,24.525000000000006,3809.253330301566,407
491,24.575000000000006,3811.4389899281396,407
492,24.625000000000004,3813.637641314957,407
493,24.675000000000004,3815.8492844620114,407
494,24.725000000000005,3818.0739193693125,407
495,24.775000000000006,3820.3115460368613,407
496,24.825000000000006,3822.5621644646517,407
497,24.875000000000004,3824.8220961910592,389
498,24.925000000000004,3827.0860873806087,389
499,24.975000000000005,3829.3540979823133,389
500,25.025000000000006,3831.626127996169,389
501,25.075000000000006,3833.902177422194,389
502,25.125000000000004,3836.182246260363,389
503,25.175000000000004,3838.4663345106947,389
504,25.225000000000005,3840.7530143550075,407
505,25.275000000000006,3843.011276747335,407
506,25.325000000000006,3845.2285126389356,407
507,25.375000000000004,3847.404722029814,407
508,25.425000000000004,3849.5399049199705,407
509,25.475000000000005,3851.6340613094044,407
510,25.525000000000006,3853.687191198105,407
511,25.575000000000006,3855.699294586093,407
512,25.625000000000004,3857.6703714733526,407
513,25.675000000000004,3859.6004218598905,407
514,25.725000000000005,3861.489445745704,407
515,25.775000000000006,3863.3417029622333,416
516,25.825000000000006,3865.1636690593205,416
517,25.875000000000004,3866.9554117332777,416
518,25.925000000000004,3868.7169309841165,416
519,25.975000000000005,3870.448226811828,416
520,26.025000000000006,3872.14929921642,416
521,26.075000000000006,3873.8201481978876,416
522,26.125000000000004,3875.4607737562255,416
523,26.175000000000004,3877.071175891444,416
524,26.225000000000005,3878.6513546035376,416
525,26.275000000000006,3880.200885644838,416
526,26.325000000000006,3881.7160407611295,416
527,26.375000000000004,3883.1959483341234,416
528,26.425000000000004,3884.640608363816,416
529,26.475000000000005,3886.050020850198,416
530,26.525000000000006,3887.4241857932875,416
531,26.575000000000006,3888.7631031930714,416
532,26.625000000000004,3890.0667730495556,416
533,26.675000000000004,3891.335195362737,416
534,26.725000000000005,3892.5683701326143,416
535,26.775000000000006,3893.766297359195,416
536,26.825000000000006,3894.9442100509395,434
537,26.875000000000004,3896.1248488262418,434
538,26.925000000000004,3897.308431707076,434
539,26.975000000000005,3898.494958693455,434
540,27.025000000000006,3899.684429785376,434
541,27.075000000000006,3900.8768449828326,434
542,27.125000000000004,3902.072204285827,434
543,27.175000000000004,3903.270507694365,434
544,27.225000000000005,3904.4717552084467,434
545,27.275000000000006,3905.6771125529995,434
546,27.325000000000006,3906.9474482937785,434
547,27.375000000000004,3908.3171424926686,434
548,27.425000000000004,3909.7861951496598,434
549,27.475000000000005,3911.3546062647656,434
550,27.525000000000006,3913.0223758379702,434
551,27.575000000000006,3914.7895038692905,434
552,27.625000000000007,3916.655990358719,434
553,27.675000000000004,3918.6218353062472,434
554,27.725000000000005,3920.6870387118925,434
555,27.775000000000006,3922.851600575643,434
556,27.825000000000006,3925.115520897503,434
557,27.875000000000007,3927.471793988824,443
558,27.925000000000004,3929.731994423385,443
559,27.975000000000005,3931.8118777827476,443
560,28.025000000000006,3933.711444066914,443
561,28.075000000000006,3935.4306932758736,443
562,28.125000000000007,3936.9696254096357,443
563,28.175000000000004,3938.328240468193,443
564,28.225000000000005,27409.98055261668,428
565,28.275000000000006,27412.73136356319,428
566,28.325000000000006,27415.475302698982,428
567,28.375000000000007,27418.212370024045,428
568,28.425000000000004,27420.942565538397,428
569,28.475000000000005,27423.665918301118,428
570,28.525000000000006,27426.38299213886,428
571,28.575000000000006,27429.094004127033,428
572,28.625000000000007,27431.798954265643,428
573,28.675000000000004,27434.497842554698,428
574,28.725000000000005,27437.190668994175,428
575,28.775000000000006,27439.877433584094,428
576,28.825000000000006,27442.558136324456,428
577,28.875000000000007,27445.232777215257,428
578,28.925000000000004,27447.901356256483,428
579,28.975000000000005,27450.56387344815,428
580,29.025000000000006,27453.22032879026,428
581,29.075000000000006,27455.870281642623,410
582,29.125000000000007,27458.50895543323,410
583,29.175000000000004,27461.135046231168,410
584,29.225000000000005,27463.74855403642,410
585,29.275000000000006,27466.349478849002,410
586,29.325000000000006,27468.937820668893,410
587,29.375000000000007,27471.51357949611,410
588,29.425000000000004,27474.076755330658,410
589,29.475000000000005,27476.62734817251,410
590,29.525000000000006,27479.165358021695,410
591,29.575000000000006,27481.6907848782,410
592,29.625000000000007,27484.203628742016,410
593,29.675000000000004,27486.70388961316,410
594,29.725000000000005,27489.19156749163,410
595,29.775000000000006,27491.666662377418,410
596,29.825000000000006,27494.129174270525,410
597,29.875000000000007,27496.582950635362,419
598,29.925000000000004,27499.052596860758,419
599,29.975000000000005,27501.542478169897,419
600,30.025000000000006,27504.05259456279,419
601,30.075000000000006,27506.582946039438,419
602,30.125000000000007,27509.137354316408,419
603,30.175000000000004,27511.733407585893,419
604,30.225000000000005,27514.373297055932,419
605,30.275000000000006,27517.05702272654,419
606,30.325000000000006,27519.784584597714,419
607,30.375000000000007,27522.563341529498,419
608,30.425000000000004,27525.419527113387,419
609,30.475000000000005,27528.355467304158,419
610,30.525000000000006,27531.371162101812,419
611,30.575000000000006,27534.46661150633,419
612,30.625000000000007,27537.612122354312,428
613,30.675000000000004,27540.727884507804,428
614,30.725000000000005,27543.8094985969,428
615,30.775000000000006,27546.856964621562,428
616,30.825000000000006,27549.870282581825,428
617,30.875000000000007,27552.84945247768,428
618,30.925000000000004,27555.79447430912,428
619,30.975000000000005,27558.705348076153,428
620,31.025000000000006,27561.582073778773,428
621,31.075000000000006,27564.42465141698,428
622,31.125000000000007,27567.23308099078,428
623,31.175000000000008,27570.007362500164,428
624,31.225000000000005,27572.747495945147,428
625,31.275000000000006,27575.45348132571,428
626,31.325000000000006,27578.12531864187,428
627,31.375000000000007,27580.763007893616,428
628,31.425000000000008,27583.36654908095,428
629,31.475000000000005,27585.935942203876,428
630,31.525000000000006,27588.47118726239,428
631,31.575000000000006,27590.972284256488,428
632,31.625000000000007,27593.439233186185,428
633,31.675000000000008,27595.872034051474,428
634,31.725000000000005,27598.270686852342,428
635,31.775000000000006,27600.6351915888,428
636,31.825000000000006,27602.96554826085,428
637,31.875000000000007,27605.261756868495,428
638,31.925000000000008,27607.52381741172,428
639,31.975000000000005,27609.75172989054,428
640,32.025000000000006,27611.945494304946,428
641,32.075,27614.105110654946,428
642,32.12500000000001,27616.206881244827,446
643,32.175000000000004,27618.21164521055,446
644,32.22500000000001,27620.11881865385,446
645,32.275000000000006,27621.92840157475,446
646,32.325,27623.640393973244,446
647,32.37500000000001,27625.254795849334,446
648,32.425000000000004,27626.76890906958,446
649,32.47500000000001,27628.16603703662,446
650,32.525000000000006,27629.44331059991,446
651,32.575,27630.60072975946,446
652,32.62500000000001,27631.638294515258,446
653,32.675000000000004,27632.556004867303,446
654,32.72500000000001,27633.353345837164,446
655,32.775000000000006,27634.009709286285,446
656,32.825,27634.51439272993,446
657,32.87500000000001,27634.86739616809,446
658,32.925000000000004,27635.06871960077,446
659,32.97500000000001,27635.118363027963,446
660,33.025000000000006,2285.3708434372866,207
661,33.07500000000001,2285.5861488811456,180
662,33.12500000000001,2285.846345862169,180
663,33.175000000000004,2286.1515701685034,180
664,33.22500000000001,2286.5018218001505,180
665,33.275000000000006,2286.897100757118,180
666,33.32500000000001,2287.3374070393934,180
667,33.37500000000001,2287.8227406469864,180
668,33.425000000000004,2288.3531015798994,180
669,33.47500000000001,2288.928489838122,180
670,33.525000000000006,2289.5489054216564,180
671,33.57500000000001,2290.2143483305153,180
672,33.62500000000001,2290.9248185646784,180
673,33.675000000000004,2291.6803161241605,180
674,33.72500000000001,2292.4808410089618,180
675,33.775000000000006,2293.3263932190725,180
676,33.82500000000001,2294.216972754498,180
677,33.87500000000001,2295.1525796152378,180
678,33.925000000000004,2296.13321380129,180
679,33.97500000000001,2297.1588753126643,180
680,34.025000000000006,2298.2295641493547,180
681,34.07500000000001,2299.3452803113505,180
682,34.12500000000001,2300.5060059558723,207
683,34.175000000000004,2301.6791277024545,198
684,34.22500000000001,2303.627915394567,198
685,34.275000000000006,2306.8926935878253,198
686,34.32500000000001,2310.2837863142277,198
687,34.37500000000001,2313.637673101873,198
688,34.425000000000004,2316.954353950766,198
689,34.47500000000001,2320.233828860899,198
690,34.525000000000006,2323.476097832288,198
691,34.57500000000001,2326.681160864922,198
692,34.62500000000001,2329.849017958799,198
693,34.675000000000004,2332.979669113923,198
694,34.72500000000001,2336.0731143302946,198
695,34.775000000000006,2339.129353607914,198
696,34.82500000000001,2342.148386946776,198
697,34.87500000000001,2345.1302143468843,198
698,34.925000000000004,2348.0748358082456,198
699,34.97500000000001,2350.98225133085,198
700,35.025000000000006,2353.8524609147003,198
701,35.07500000000001,2356.6854645597928,198
702,35.12500000000001,2359.48126226614,198
703,35.175000000000004,2362.239854033729,198
704,35.22500000000001,2364.961239862568,198
705,35.275000000000006,2367.6454197526464,198
706,35.32500000000001,2370.29239370398,198
707,35.37500000000001,2372.9021617165486,198
708,35.425000000000004,2375.474723790375,198
709,35.47500000000001,2378.010079925447,198
710,35.525000000000006,2380.5082301217626,198
711,35.57500000000001,2382.9691743793173,198
712,35.62500000000001,2385.392912698126,198
713,35.675000000000004,2387.7794450781826,198
714,35.72500000000001,2390.1287715194862,198
715,35.775000000000006,2392.4408920220335,198
716,35.82500000000001,2394.715806585824,198
717,35.87500000000001,2396.9535152108665,198
718,35.925000000000004,2399.154017897149,198
719,35.97500000000001,2401.3173146446916,198
720,36.025000000000006,2403.4434054534668,198
721,36.07500000000001,2405.5322903234915,198
722,36.12500000000001,2407.583969254767,198
723,36.175000000000004,2409.598442247285,198
724,36.22500000000001,2411.5757093010475,198
725,36.275000000000006,2413.5157704160574,198
726,36.32500000000001,2415.418625592323,198
727,36.37500000000001,2417.2835664324716,189
728,36.425000000000004,2418.888877532435,189
729,36.47500000000001,2420.058254234928,189
730,36.525000000000006,2420.7744533643786,180
731,36.57500000000001,2420.9127730525092,180
732,36.62500000000001,2420.448435130519,180
733,36.675000000000004,2419.2805883830238,180
734,36.72500000000001,2417.3070798701856,180
735,36.775000000000006,2414.7245091711065,144
736,36.82500000000001,2412.106216463825,144
737,36.87500000000001,2409.488949585406,144
738,36.925000000000004,2406.8727085358505,144
739,36.97500000000001,2404.2574933151636,144
740,37.025000000000006,2401.6433039233407,144
741,37.07500000000001,2399.030140360384,144
742,37.12500000000001,2396.4180026262848,144
743,37.175000000000004,2393.8068907210577,144
744,37.22500000000001,2391.1968046446864,144
745,37.275000000000006,2388.5877443971854,144
746,37.32500000000001,2385.9797099785474,144
747,37.37500000000001,2383.3727013887756,144
748,37.425000000000004,2380.7667186278677,144
749,37.47500000000001,2378.1617616958183,144
750,37.525000000000006,2375.557830592639,144
751,37.57500000000001,2372.9549253183222,144
752,37.62500000000001,2370.353045872871,144
753,37.675000000000004,2367.752192256279,144
754,37.72500000000001,2365.1523644685585,144
755,37.775000000000006,2362.5630744923533,162
756,37.82500000000001,2360.2618925985116,162
757,37.87500000000001,2358.377133105346,162
758,37.925000000000004,2356.90879601286,162
759,37.97500000000001,2355.8568813210577,162
760,38.025000000000006,2355.2059197440744,162
761,38.07500000000001,2354.9397249336207,162
762,38.12500000000001,2355.0582948242286,162
763,38.175000000000004,2355.5616294159063,162
764,38.22500000000001,2356.440717882806,162
765,38.275000000000006,2357.6800773528985,162
766,38.32500000000001,2359.279440772856,162
767,38.37500000000001,2361.238808142674,162
768,38.425000000000004,2363.4291744512093,180
769,38.47500000000001,2365.6169881053656,180
770,38.525000000000006,2367.797430640495,180
771,38.57500000000001,2369.9705020565802,180
772,38.62500000000001,2372.1362023536403,180
773,38.675000000000004,2374.294531531667,180
774,38.72500000000001,2376.4454895906556,180
775,38.775000000000006,2378.589076530613,180
776,38.82500000000001,2380.7252923515416,180
777,38.87500000000001,2382.8541370534313,180
778,38.925000000000004,2384.9756106362856,180
779,38.97500000000001,2387.089713100116,180
780,39.025000000000006,2389.196444444904,180
781,39.07500000000001,2391.2958046706754,180
782,39.12500000000001,2393.387793777399,180
783,39.175000000000004,2395.472411765093,180
784,39.22500000000001,2397.549658633757,180
785,39.275000000000006,2399.6195343833824,180
786,39.32500000000001,2401.6820390139815,180
787,39.37500000000001,2403.737172525544,180
788,39.425000000000004,2405.784934918067,180
789,39.47500000000001,2407.825326191561,180
790,39.525000000000006,2409.858346346031,180
791,39.57500000000001,2411.883995381461,180
792,39.62500000000001,2413.9022732978515,180
793,39.675000000000004,2415.9131800952196,180
794,39.72500000000001,2417.916715773548,180
795,39.775000000000006,2419.9128803328445,180
796,39.82500000000001,2421.9016737731126,180
797,39.87500000000001,2423.8830960943424,180
798,39.925000000000004,2425.8571472965405,180
799,39.97500000000001,2427.8238273797024,180
800,40.025000000000006,2429.78313634384,180
801,40.07500000000001,2431.7350741889372,180
802,40.12500000000001,2433.679640915003,180
803,40.175000000000004,2435.616836522038,180
804,40.22500000000001,2437.4418869377596,162
805,40.275000000000006,2438.4951741304258,162
806,40.32500000000001,2438.6614326592244,162
807,40.37500000000001,2437.9505365158006,162
808,40.42500000000001,2436.3868428195115,162
809,40.47500000000001,2433.9718050451634,162
810,40.525000000000006,2430.716154378715,162
811,40.57500000000001,2426.625097088634,162
812,40.62500000000001,2422.015658609838,144
813,40.67500000000001,2417.405030587279,144
814,40.72500000000001,2412.8005439481976,144
815,40.775000000000006,2408.2021986925884,144
816,40.82500000000001,2403.6099948204537,144
817,40.87500000000001,2399.023932331795,144
818,40.92500000000001,2394.4440112266066,144
819,40.97500000000001,2389.870231504902,144
820,41.025000000000006,2385.302593166662,144
821,41.07500000000001,2380.7410962118975,144
822,41.12500000000001,2376.1857406406107,144
823,41.17500000000001,2371.666941224247,162
824,41.22500000000001,2367.342691225268,162
825,41.275000000000006,2363.23562294842,162
826,41.32500000000001,2359.345736393684,162
827,41.37500000000001,2355.673031561084,162
828,41.42500000000001,2352.217508450604,162
829,41.47500000000001,2348.9791670622417,162
830,41.525000000000006,2345.958007396013,162
831,41.57500000000001,2343.154029451905,162
832,41.62500000000001,2340.566225291932,162
833,41.67500000000001,2338.180483177403,162
834,41.72500000000001,2335.9922594372006,162
835,41.775000000000006,2334.0015540713207,162
836,41.82500000000001,2332.2083670797692,162
837,41.87500000000001,2330.6126984625325,162
838,41.92500000000001,2329.2145482196333,162
839,41.97500000000001,2328.0139163510507,162
840,42.025000000000006,2327.010802856795,162
841,42.07500000000001,2326.204819471122,162
842,42.12500000000001,2325.5855188474566,162
843,42.17500000000001,2325.1482291624498,162
844,42.22500000000001,2324.892950416101,162
845,42.275000000000006,2324.819682608418,162
846,42.32500000000001,2324.928425739391,162
847,42.37500000000001,2325.2191798090253,162
848,42.42500000000001,2325.6919448173203,162
849,42.47500000000001,2326.3467207642834,162
850,42.525000000000006,2327.174478437401,180
851,42.57500000000001,2328.042052996,180
852,42.62500000000001,2328.905230489298,180
853,42.67500000000001,2329.764010917279,180
854,42.72500000000001,2330.618394279947,180
855,42.775000000000006,2331.4683805773084,180
856,42.82500000000001,2332.3139698093482,180
857,42.87500000000001,2333.155161976092,180
858,42.92500000000001,2333.99195707751,180
859,42.97500000000001,2334.8243551136234,180
860,43.025000000000006,2335.652356084428,180
861,43.07500000000001,2336.4759599899176,180
862,43.12500000000001,2337.2951668300993,180
863,43.17500000000001,2338.109976604963,180
864,43.22500000000001,2338.9203893145236,180
865,43.275000000000006,2339.726404958768,180
866,43.32500000000001,2340.528023537702,180
867,43.37500000000001,2341.3252450513246,180
868,43.42500000000001,2342.1166827779216,162
869,43.47500000000001,2342.6995827177507,162
870,43.525000000000006,2342.9292401313173,162
871,43.57500000000001,2342.8056550186157,162
872,43.62500000000001,2342.3288273796534,162
873,43.67500000000001,2341.4987572144287,162
874,43.72500000000001,2340.3154445229397,162
875,43.775000000000006,2338.7788893051916,162
876,43.82500000000001,2336.8900432981172,162
877,43.87500000000001,2334.6732241580207,162
878,43.92500000000001,2332.139070049341,162
879,43.97500000000001,2329.2875809720795,162
880,44.025000000000006,2326.118756926232,162
881,44.07500000000001,2322.6325979117955,162
882,44.12500000000001,2318.829103928784,162
883,44.17500000000001,2314.70827497718,162
884,44.22500000000001,2310.274813208037,162
885,44.275000000000006,2305.5490114792733,162
886,44.32500000000001,2300.533205197817,162
887,44.37500000000001,2295.227394363658,162
888,44.42500000000001,2289.650946448064,180
889,44.47500000000001,2283.9200893325396,180
890,44.525000000000006,2278.0541981734973,180
891,44.57500000000001,2272.060302918754,162
892,44.62500000000001,2266.1418521402484,162
893,44.67500000000001,2260.392583015581,162
894,44.72500000000001,2254.8124955447483,162
895,44.775000000000006,2249.401589727752,162
896,44.82500000000001,2244.159865564584,162
897,44.87500000000001,2239.0873230552634,162
898,44.92500000000001,2234.1839621997647,162
899,44.97500000000001,2229.449782998104,162
900,45.025000000000006,2224.884785450278,162
901,45.07500000000001,2220.4889695562915,162
902,45.12500000000001,2216.2612881984514,162
903,45.17500000000001,2212.1893891764585,162
904,45.22500000000001,2208.2697018652507,162
905,45.275000000000006,2204.5022262648135,162
906,45.32500000000001,2200.8869623751452,162
907,45.37500000000001,2197.4239101962635,162
908,45.42500000000001,2194.1130697281537,162
909,45.47500000000001,2190.95444097083,162
910,45.525000000000006,2187.9480239242775,162
911,45.57500000000001,2185.0938185885084,162
912,45.62500000000001,2182.3918249635044,162
913,45.67500000000001,2179.8420430492897,162
914,45.72500000000001,2177.44447284584,162
915,45.775000000000006,2175.1991143531804,162
916,45.82500000000001,2173.1051665048394,162
917,45.87500000000001,2171.152940149699,162
918,45.92500000000001,2169.3395881059837,162
919,45.97500000000001,2167.6651103737,162
920,46.025000000000006,2166.1295069528437,162
921,46.07500000000001,2164.732777843419,162
922,46.12500000000001,2163.4749230454327,162
923,46.17500000000001,2162.3559425588664,162
924,46.22500000000001,2161.3758363837337,162
925,46.275000000000006,2160.534604520041,162
926,46.32500000000001,2159.832246967772,162
927,46.37500000000001,2159.2687637269255,162
928,46.42500000000001,2158.8420185841155,144
929,46.47500000000001,2158.4047888345244,144
930,46.525000000000006,2157.844066260691,162
931,46.57500000000001,2157.0569306568805,162
932,46.62500000000001,2156.031184697797,162
933,46.67500000000001,2154.766828383451,162
934,46.72500000000001,2153.2638617138336,162
935,46.775000000000006,2151.522284688945,162
936,46.82500000000001,2149.542097308783,162
937,46.87500000000001,2147.323299573361,162
938,46.92500000000001,2144.8658914826638,162
939,46.97500000000001,2142.1698730366957,162
940,47.025000000000006,2139.235244235466,162
941,47.07500000000001,2136.0623933550187,162
942,47.12500000000001,2132.672207899693,162
943,47.17500000000001,2129.0765886796353,162
944,47.22500000000001,2125.275535694841,162
945,47.275000000000006,2121.269048945307,162
946,47.32500000000001,2117.0571284310363,162
947,47.37500000000001,2112.6397741520327,162
948,47.42500000000001,2108.0169861082854,162
949,47.47500000000001,2103.1887642998076,162
950,47.525000000000006,2098.156296103717,180
951,47.57500000000001,2093.001206766842,180
952,47.62500000000001,2087.773203924019,180
953,47.67500000000001,2082.4722875752577,180
954,47.72500000000001,2077.1004639935572,180
955,47.77500000000001,2071.6764054153123,180
956,47.82500000000001,2066.2046749780416,180
957,47.87500000000001,2060.6852726817406,180
958,47.92500000000001,2055.1181985264047,180
959,47.97500000000001,2049.5034525120536,180
960,48.02500000000001,2043.8410346386622,180
961,48.07500000000001,2038.1309449062483,180
962,48.12500000000001,2032.3731833148045,180
963,48.17500000000001,2026.5677498643327,180
964,48.22500000000001,2020.714644554835,180
965,48.27500000000001,2014.8138673863073,180
966,48.32500000000001,2008.8654183587541,180
967,48.37500000000001,2002.9642781745215,162
968,48.42500000000001,1997.2214678913315,162
969,48.47500000000001,1991.6368849077896,162
970,48.52500000000001,1986.1993106303883,162
971,48.57500000000001,1980.9028335963756,162
972,48.62500000000001,1975.7474538057531,162
973,48.67500000000001,1970.733171258504,162
974,48.72500000000001,1965.8599859546412,162
975,48.77500000000001,1961.127897894171,162
976,48.82500000000001,1956.5369070770812,162
977,48.87500000000001,1952.0870135033788,162
978,48.92500000000001,1947.7782171730573,162
979,48.97500000000001,1943.6105180861268,162
980,49.02500000000001,1939.5839162425737,162
981,49.07500000000001,1935.6984116424119,162
982,49.12500000000001,1931.9540042856272,162
983,49.17500000000001,1928.3506941722326,162
984,49.22500000000001,1924.8865955002298,144
985,49.27500000000001,1921.441046681808,144
986,49.32500000000001,1917.9419220664854,144
987,49.37500000000001,1914.3892216542588,144
988,49.42500000000001,1910.7819708201318,144
989,49.47500000000001,1907.1101662687424,144
990,49.52500000000001,1903.371180438586,144
991,49.57500000000001,1899.5650133296624,144
992,49.62500000000001,1895.6916649419748,144
993,49.67500000000001,1891.75113527552,144
994,49.72500000000001,1887.7434243303005,144
995,49.77500000000001,1883.6685321063142,144
996,49.82500000000001,1879.5264586035582,144
997,49.87500000000001,1875.3172038220446,144
998,49.92500000000001,1871.0407677617602,144
999,49.97500000000001,1866.6971504227101,144
1000,50.02500000000001,1862.28635180489,144
1001,50.07500000000001,1857.8083719083152,144
1002,50.12500000000001,1853.2634597887306,144
1003,50.17500000000001,1848.6726345343004,144
1004,50.22500000000001,1844.0493453972906,144
1005,50.27500000000001,1839.3935923776928,144
1006,50.32500000000001,1834.7053754755223,144
1007,50.37500000000001,1829.939837906171,162
1008,50.42500000000001,1825.0227362364967,162
1009,50.47500000000001,1819.9529567050122,162
1010,50.52500000000001,1814.6335910253558,171
1011,50.57500000000001,1808.4988719918504,171
1012,50.62500000000001,1801.4570713972453,171
1013,50.67500000000001,1793.508189241536,171
1014,50.72500000000001,1784.6522255247335,171
1015,50.77500000000001,1774.8891802468302,171
1016,50.82500000000001,1764.2190534078343,171
1017,50.87500000000001,1752.6418450077244,171
1018,50.92500000000001,1740.1575550465313,171
1019,50.97500000000001,1726.7661835242359,171
1020,51.02500000000001,1712.4691339539854,171
1021,51.07500000000001,1697.2851312246848,171
1022,51.12500000000001,1681.2200302627562,171
1023,51.17500000000001,1664.2738310681948,171
1024,51.22500000000001,1646.4465336410135,171
1025,51.27500000000001,1627.73813798119,171
1026,51.32500000000001,1608.1486440887516,171
1027,51.37500000000001,1587.678051963681,171
1028,51.42500000000001,1566.3263616059758,171
1029,51.47500000000001,1544.0935730156466,171
1030,51.52500000000001,1520.9796861926861,171
1031,51.57500000000001,1496.9847011371025,171
1032,51.62500000000001,1472.108617848888,171
1033,51.67500000000001,1446.3514363280387,171
1034,51.72500000000001,1419.737047994333,171
1035,51.77500000000001,1392.2965617583072,171
1036,51.82500000000001,1364.0301089779987,171
1037,51.87500000000001,1335.058152663974,144
1038,51.92500000000001,1306.0811705982503,126
1039,51.97500000000001,1277.293190259994,126
1040,52.02500000000001,1248.6953530024964,126
1041,52.07500000000001,1220.2876588257716,126
1042,52.12500000000001,1192.0701077298122,126
1043,52.17500000000001,1164.0426997146171,126
1044,52.22500000000001,1136.2054347801932,126
1045,52.27500000000001,1108.5583129265312,126
1046,52.32500000000001,1081.1013341536373,126
1047,52.37500000000001,1053.8344984615135,126
1048,52.42500000000001,1026.7578058501522,126
1049,52.47500000000001,999.8712563195584,126
1050,52.52500000000001,973.1748498697297,126
1051,52.57500000000001,946.6685865006692,126
1052,52.62500000000001,920.3524662123787,126
1053,52.67500000000001,894.2264890048488,126
1054,52.72500000000001,868.2906548780911,126
1055,52.77500000000001,842.5449638320962,126
1056,52.82500000000001,816.9894158668699,126
1057,52.87500000000001,791.6300396684234,126
1058,52.92500000000001,766.4993833581607,126
1059,52.97500000000001,741.6023093722737,126
1060,53.02500000000001,716.921740879893,90
1061,53.07500000000001,692.3999672914323,90
1062,53.12500000000001,668.0322681553668,90
1063,53.17500000000001,643.8186434716891,90
1064,53.22500000000001,619.75909324041,90
1065,53.27500000000001,595.8536174615252,90
1066,53.32500000000001,572.1022161350365,90
1067,53.37500000000001,548.5048892609371,90
1068,53.42500000000001,525.0616368392335,90
1069,53.47500000000001,501.7724588699267,90
1070,53.52500000000001,478.63735535300845,90
1071,53.57500000000001,455.65632628849096,90
1072,53.62500000000001,432.8293716763648,90
1073,53.67500000000001,410.1564915166306,90
1074,53.72500000000001,387.6376858092916,90
1075,53.77500000000001,365.27295455434967,90
1076,53.82500000000001,343.06229775179895,90
1077,53.87500000000001,321.0057154016439,90
1078,53.92500000000001,299.1032075038803,90
1079,53.97500000000001,277.35477405851367,90
1080,54.02500000000001,255.83481926118696,81
1081,54.07500000000001,235.12102128030793,81
1082,54.12500000000001,215.33544813493336,45
1083,54.17500000000001,196.44737379411131,45
1084,54.22500000000001,178.42613309334632,45
1085,54.27500000000001,161.27172603263077,45
1086,54.32500000000001,144.98415261197107,45
1087,54.37500000000001,129.56341283136624,45
1088,54.42500000000001,115.00950669081175,45
1089,54.47500000000001,101.32243419031312,45
1090,54.52500000000001,88.50219532986648,45
1091,54.57500000000001,76.54879010947406,45
1092,54.62500000000001,65.46221852913612,45
1093,54.67500000000001,55.24248058884763,45
1094,54.72500000000001,45.88957628861738,45
1095,54.77500000000001,37.40350562843747,45
1096,54.82500000000001,29.7842686083128,45
1097,54.875000000000014,23.03186522824086,45
1098,54.92500000000001,17.146295488221767,45
1099,54.97500000000001,12.12755938825643,45
1100,55.02500000000001,7.975656928344506,45
1101,55.07500000000001,4.690588108487077,45
1102,55.125000000000014,2.2723529286815847,45
1103,55.17500000000001,0.7209513889294499,45
1104,55.22500000000001,0.036383489234196986,45
